style_group_id,parent_title,parent_type,child_handle,colour_name,swatch_order,approved,_child_title,_style_code,_colour_code,_price,_size_scale,_code_spread,_source_parent_id,_source_parent_handle,_flags
MIM-T-aria-bowler-bag,Aria Bowler Bag,Bags Non Leather,aria-bowler-bag-60318110-1,Black,1,Y,Aria Bowler Bag,,,279.95,No Size,,gid://shopify/Product/7986413699162,aria-bowler-bag-60318110,SINGLETON_PARENT|NONSTANDARD_HANDLE
MIM-T-aria-bowler-bag,Aria Bowler Bag,Bags Non Leather,aria-bowler-bag-60318113-602,Merlot,2,Y,Aria Bowler Bag,,,279.95,No Size,,gid://shopify/Product/7986413863002,aria-bowler-bag-60318113,SINGLETON_PARENT|NONSTANDARD_HANDLE
MIM-T-aura-grab-bag,Aura Grab Bag,Bags Non Leather,aura-grab-bag-60312081-126,Vanilla,1,Y,Aura Grab Bag,,,29,No Size,,gid://shopify/Product/7986381127770,aura-grab-bag-60312081,SINGLETON_PARENT|NONSTANDARD_HANDLE|PRICE_VARIANCE
MIM-T-aura-grab-bag,Aura Grab Bag,Bags Non Leather,aura-grab-bag-60312082-178,Red,2,Y,Aura Grab Bag,,,29,No Size,,gid://shopify/Product/7986381291610,aura-grab-bag-60312082,SINGLETON_PARENT|NONSTANDARD_HANDLE|PRICE_VARIANCE
MIM-T-aura-grab-bag,Aura Grab Bag,Bags Non Leather,aura-grab-bag-60312837-240,Cocoa,3,Y,Aura Grab Bag,,,29,No Size,,gid://shopify/Product/7986383323226,aura-grab-bag-60312837,SINGLETON_PARENT|NONSTANDARD_HANDLE|PRICE_VARIANCE
MIM-T-aura-grab-bag,Aura Grab Bag,Bags Non Leather,aura-grab-bag-60300869-1,Black,4,Y,Aura Grab Bag,,,29,No Size,,gid://shopify/Product/7986520784986,aura-grab-bag-60300869,SINGLETON_PARENT|NONSTANDARD_HANDLE|PRICE_VARIANCE
MIM-T-aura-grab-bag,Aura Grab Bag,Bags Non Leather,aura-grab-bag-60300870-291,Champagne,5,Y,Aura Grab Bag,,,49,No Size,,gid://shopify/Product/7986520817754,aura-grab-bag-60300870,SINGLETON_PARENT|NONSTANDARD_HANDLE|PRICE_VARIANCE
MIM-T-bianca-rouched-grab-bag,Bianca Rouched Grab Bag,Bags Non Leather,bianca-rouched-grab-bag-60312086-657,Petal,1,Y,Bianca Rouched Grab Bag,,,59,No Size,,gid://shopify/Product/7986381455450,bianca-rouched-grab-bag-60312086,SINGLETON_PARENT|NONSTANDARD_HANDLE
MIM-T-bianca-rouched-grab-bag,Bianca Rouched Grab Bag,Bags Non Leather,bianca-rouched-grab-bag-60312088-1,Black,2,Y,Bianca Rouched Grab Bag,,,79,No Size,,gid://shopify/Product/7986381750362,bianca-rouched-grab-bag-60312088,SINGLETON_PARENT|NONSTANDARD_HANDLE
MIM-T-blondie-basket-tote-bag,Blondie Basket Tote Bag,Bags Non Leather,blondie-basket-tote-bag-60297275-1,Black,1,Y,Blondie Basket Tote Bag,,,129,No Size,,gid://shopify/Product/7986330828890,blondie-basket-tote-bag-60297275,SINGLETON_PARENT|NONSTANDARD_HANDLE
MIM-T-blondie-basket-tote-bag,Blondie Basket Tote Bag,Bags Non Leather,blondie-basket-tote-bag-60313189-1066,Blue Stripe,2,Y,Blondie Basket Tote Bag,,,129,No Size,,gid://shopify/Product/7986387877978,blondie-basket-tote-bag-60313189,SINGLETON_PARENT|NONSTANDARD_HANDLE
MIM-T-blondie-basket-tote-bag,Blondie Basket Tote Bag,Bags Non Leather,blondie-basket-tote-bag-60313194-1752,Zebra Print,3,Y,Blondie Basket Tote Bag,,,129,No Size,,gid://shopify/Product/7986388107354,blondie-basket-tote-bag-60313194,SINGLETON_PARENT|NONSTANDARD_HANDLE
MIM-T-blondie-basket-tote-bag,Blondie Basket Tote Bag,Bags Non Leather,blondie-basket-tote-bag-60313692-9599,Fawn,4,Y,Blondie Basket Tote Bag,,,129,No Size,,gid://shopify/Product/7986392039514,blondie-basket-tote-bag-60313692,SINGLETON_PARENT|NONSTANDARD_HANDLE
MIM-T-blondie-boxy-tote-bag,Blondie Boxy Tote Bag,Bags Non Leather,blondie-boxy-tote-bag-60305934-1085,Alabaster,1,Y,Blondie Boxy Tote Bag,,,199.95,No Size,,gid://shopify/Product/7986345050202,blondie-boxy-tote-bag-60305934,OVERSIZED|SINGLETON_PARENT|NONSTANDARD_HANDLE|PRICE_VARIANCE
MIM-T-blondie-boxy-tote-bag,Blondie Boxy Tote Bag,Bags Non Leather,blondie-boxy-tote-bag-60305935-3012,Soft Sage,2,Y,Blondie Boxy Tote Bag,,,129,No Size,,gid://shopify/Product/7986345181274,blondie-boxy-tote-bag-60305935,OVERSIZED|SINGLETON_PARENT|NONSTANDARD_HANDLE|PRICE_VARIANCE
MIM-T-blondie-boxy-tote-bag,Blondie Boxy Tote Bag,Bags Non Leather,blondie-boxy-tote-bag-60307934-1467,Gingerbread,3,Y,Blondie Boxy Tote Bag,,,129,No Size,,gid://shopify/Product/7986356387930,blondie-boxy-tote-bag-60307934,OVERSIZED|SINGLETON_PARENT|NONSTANDARD_HANDLE|PRICE_VARIANCE
MIM-T-blondie-boxy-tote-bag,Blondie Boxy Tote Bag,Bags Non Leather,blondie-boxy-tote-bag-60309193-2683,Black White,4,Y,Blondie Boxy Tote Bag,,,99,No Size,,gid://shopify/Product/7986367037530,blondie-boxy-tote-bag-60309193,OVERSIZED|SINGLETON_PARENT|NONSTANDARD_HANDLE|PRICE_VARIANCE
MIM-T-blondie-boxy-tote-bag,Blondie Boxy Tote Bag,Bags Non Leather,blondie-boxy-tote-bag-60310180-1421,Leopard,5,Y,Blondie Boxy Tote Bag,,,99,No Size,,gid://shopify/Product/7986369822810,blondie-boxy-tote-bag-60310180,OVERSIZED|SINGLETON_PARENT|NONSTANDARD_HANDLE|PRICE_VARIANCE
MIM-T-blondie-boxy-tote-bag,Blondie Boxy Tote Bag,Bags Non Leather,blondie-boxy-tote-bag-60313119-465,Iceberg,6,Y,Blondie Boxy Tote Bag,,,99,No Size,,gid://shopify/Product/7986386141274,blondie-boxy-tote-bag-60313119,OVERSIZED|SINGLETON_PARENT|NONSTANDARD_HANDLE|PRICE_VARIANCE
MIM-T-blondie-boxy-tote-bag,Blondie Boxy Tote Bag,Bags Non Leather,blondie-boxy-tote-bag-60312758-657,Petal,7,Y,Blondie Boxy Tote Bag,,,99,No Size,,gid://shopify/Product/7986382307418,blondie-boxy-tote-bag-60312758,OVERSIZED|SINGLETON_PARENT|NONSTANDARD_HANDLE|PRICE_VARIANCE
MIM-T-blondie-boxy-tote-bag,Blondie Boxy Tote Bag,Bags Non Leather,blondie-boxy-tote-bag-60314424-639,Flamingo,8,Y,Blondie Boxy Tote Bag,,,99,No Size,,gid://shopify/Product/7986400002138,blondie-boxy-tote-bag-60314424,OVERSIZED|SINGLETON_PARENT|NONSTANDARD_HANDLE|PRICE_VARIANCE
MIM-T-blondie-boxy-tote-bag,Blondie Boxy Tote Bag,Bags Non Leather,blondie-boxy-tote-bag-60314936-9599,Fawn,9,Y,Blondie Boxy Tote Bag,,,99,No Size,,gid://shopify/Product/7986402984026,blondie-boxy-tote-bag-60314936,OVERSIZED|SINGLETON_PARENT|NONSTANDARD_HANDLE|PRICE_VARIANCE
MIM-T-blondie-boxy-tote-bag,Blondie Boxy Tote Bag,Bags Non Leather,blondie-boxy-tote-bag-60314937-3437,Red Multi,10,Y,Blondie Boxy Tote Bag,,,99,No Size,,gid://shopify/Product/7986403147866,blondie-boxy-tote-bag-60314937,OVERSIZED|SINGLETON_PARENT|NONSTANDARD_HANDLE|PRICE_VARIANCE
MIM-T-blondie-boxy-tote-bag,Blondie Boxy Tote Bag,Bags Non Leather,blondie-boxy-tote-bag-60318048-448,Navy,11,Y,Blondie Boxy Tote Bag,,,199.95,No Size,,gid://shopify/Product/7986413568090,blondie-boxy-tote-bag-60318048,OVERSIZED|SINGLETON_PARENT|NONSTANDARD_HANDLE|PRICE_VARIANCE
MIM-T-blondie-boxy-tote-bag,Blondie Boxy Tote Bag,Bags Non Leather,blondie-boxy-tote-bag-60318049-8934,Chocolate Stripe,12,Y,Blondie Boxy Tote Bag,,,199.95,No Size,,gid://shopify/Product/7986413797466,blondie-boxy-tote-bag-60318049,OVERSIZED|SINGLETON_PARENT|NONSTANDARD_HANDLE|PRICE_VARIANCE
MIM-T-blondie-boxy-tote-bag,Blondie Boxy Tote Bag,Bags Non Leather,blondie-boxy-tote-bag-60318050-908,Gold,13,Y,Blondie Boxy Tote Bag,,,199.95,No Size,,gid://shopify/Product/7986413994074,blondie-boxy-tote-bag-60318050,OVERSIZED|SINGLETON_PARENT|NONSTANDARD_HANDLE|PRICE_VARIANCE
MIM-T-blondie-boxy-tote-bag,Blondie Boxy Tote Bag,Bags Non Leather,blondie-boxy-tote-bag-60320610-200,Chocolate,14,Y,Blondie Boxy Tote Bag,,,199.95,No Size,,gid://shopify/Product/7986423234650,blondie-boxy-tote-bag-60320610,OVERSIZED|SINGLETON_PARENT|NONSTANDARD_HANDLE|PRICE_VARIANCE
MIM-T-blondie-crossbody-bag,Blondie Crossbody Bag,Bags Non Leather,blondie-crossbody-bag-60305936-3012,Soft Sage,1,Y,Blondie Crossbody Bag,,,99,No Size,,gid://shopify/Product/7986345377882,blondie-crossbody-bag-60305936,SINGLETON_PARENT|NONSTANDARD_HANDLE|PRICE_VARIANCE
MIM-T-blondie-crossbody-bag,Blondie Crossbody Bag,Bags Non Leather,blondie-crossbody-bag-60305937-1085,Alabaster,2,Y,Blondie Crossbody Bag,,,149.95,No Size,,gid://shopify/Product/7986345541722,blondie-crossbody-bag-60305937,SINGLETON_PARENT|NONSTANDARD_HANDLE|PRICE_VARIANCE
MIM-T-blondie-crossbody-bag,Blondie Crossbody Bag,Bags Non Leather,blondie-crossbody-bag-60307936-1467,Gingerbread,3,Y,Blondie Crossbody Bag,,,79,No Size,,gid://shopify/Product/7986356551770,blondie-crossbody-bag-60307936,SINGLETON_PARENT|NONSTANDARD_HANDLE|PRICE_VARIANCE
MIM-T-blondie-crossbody-bag,Blondie Crossbody Bag,Bags Non Leather,blondie-crossbody-bag-60309194-2683,Black White,4,Y,Blondie Crossbody Bag,,,79,No Size,,gid://shopify/Product/7986367201370,blondie-crossbody-bag-60309194,SINGLETON_PARENT|NONSTANDARD_HANDLE|PRICE_VARIANCE
MIM-T-blondie-crossbody-bag,Blondie Crossbody Bag,Bags Non Leather,blondie-crossbody-bag-60310182-1421,Leopard,5,Y,Blondie Crossbody Bag,,,79,No Size,,gid://shopify/Product/7986369986650,blondie-crossbody-bag-60310182,SINGLETON_PARENT|NONSTANDARD_HANDLE|PRICE_VARIANCE
MIM-T-blondie-crossbody-bag,Blondie Crossbody Bag,Bags Non Leather,blondie-crossbody-bag-60312760-657,Petal,6,Y,Blondie Crossbody Bag,,,79,No Size,,gid://shopify/Product/7986382569562,blondie-crossbody-bag-60312760,SINGLETON_PARENT|NONSTANDARD_HANDLE|PRICE_VARIANCE
MIM-T-blondie-crossbody-bag,Blondie Crossbody Bag,Bags Non Leather,blondie-crossbody-bag-60313121-465,Iceberg,7,Y,Blondie Crossbody Bag,,,79,No Size,,gid://shopify/Product/7986386337882,blondie-crossbody-bag-60313121,SINGLETON_PARENT|NONSTANDARD_HANDLE|PRICE_VARIANCE
MIM-T-blondie-crossbody-bag,Blondie Crossbody Bag,Bags Non Leather,blondie-crossbody-bag-60314939-9599,Fawn,8,Y,Blondie Crossbody Bag,,,79,No Size,,gid://shopify/Product/7986403311706,blondie-crossbody-bag-60314939,SINGLETON_PARENT|NONSTANDARD_HANDLE|PRICE_VARIANCE
MIM-T-blondie-crossbody-bag,Blondie Crossbody Bag,Bags Non Leather,blondie-crossbody-bag-60316228-448,Navy,9,Y,Blondie Crossbody Bag,,,149.95,No Size,,gid://shopify/Product/7986403999834,blondie-crossbody-bag-60316228,SINGLETON_PARENT|NONSTANDARD_HANDLE|PRICE_VARIANCE
MIM-T-blondie-mini-tote-bag,Blondie Mini Tote Bag,Bags Non Leather,blondie-mini-tote-bag-60318051-9599,Fawn,1,Y,Blondie Mini Tote Bag,,,79,No Size,,gid://shopify/Product/7986414157914,blondie-mini-tote-bag-60318051,SINGLETON_PARENT|NONSTANDARD_HANDLE|PRICE_VARIANCE
MIM-T-blondie-mini-tote-bag,Blondie Mini Tote Bag,Bags Non Leather,blondie-mini-tote-bag-60318052-448,Navy,2,Y,Blondie Mini Tote Bag,,,149.95,No Size,,gid://shopify/Product/7986414354522,blondie-mini-tote-bag-60318052,SINGLETON_PARENT|NONSTANDARD_HANDLE|PRICE_VARIANCE
MIM-T-blondie-mini-tote-bag,Blondie Mini Tote Bag,Bags Non Leather,blondie-mini-tote-bag-60318053-8934,Chocolate Stripe,3,Y,Blondie Mini Tote Bag,,,149.95,No Size,,gid://shopify/Product/7986414583898,blondie-mini-tote-bag-60318053,SINGLETON_PARENT|NONSTANDARD_HANDLE|PRICE_VARIANCE
MIM-T-blondie-mini-tote-crossbody-bag,Blondie Mini Tote Crossbody Bag,Bags Non Leather,blondie-mini-tote-crossbody-bag-60314940-1,Black,1,Y,Blondie Mini Tote Crossbody Bag,,,149.95,No Size,,gid://shopify/Product/7986403639386,blondie-mini-tote-crossbody-bag-60314940,SINGLETON_PARENT|NONSTANDARD_HANDLE|PRICE_VARIANCE
MIM-T-blondie-mini-tote-crossbody-bag,Blondie Mini Tote Crossbody Bag,Bags Non Leather,blondie-mini-tote-crossbody-bag-60314941-3437,Red Multi,2,Y,Blondie Mini Tote Crossbody Bag,,,99,No Size,,gid://shopify/Product/7986403868762,blondie-mini-tote-crossbody-bag-60314941,SINGLETON_PARENT|NONSTANDARD_HANDLE|PRICE_VARIANCE
MIM-T-blondie-mini-tote-crossbody-bag,Blondie Mini Tote Crossbody Bag,Bags Non Leather,blondie-mini-tote-crossbody-bag-60318054-908,Gold,3,Y,Blondie Mini Tote Crossbody Bag,,,149.95,No Size,,gid://shopify/Product/7986414780506,blondie-mini-tote-crossbody-bag-60318054,SINGLETON_PARENT|NONSTANDARD_HANDLE|PRICE_VARIANCE
MIM-T-blondie-tote-bag,Blondie Tote Bag,Bags Non Leather,blondie-tote-bag-60297272-1,Black,1,Y,Blondie Tote Bag,,,99,No Size,,gid://shopify/Product/7986330501210,blondie-tote-bag-60297272,SINGLETON_PARENT|NONSTANDARD_HANDLE|PRICE_VARIANCE
MIM-T-blondie-tote-bag,Blondie Tote Bag,Bags Non Leather,blondie-tote-bag-60297273-1421,Leopard,2,Y,Blondie Tote Bag,,,179.95,No Size,,gid://shopify/Product/7986330665050,blondie-tote-bag-60297273,SINGLETON_PARENT|NONSTANDARD_HANDLE|PRICE_VARIANCE
MIM-T-brittany-mini-tote-bag,Brittany Mini Tote Bag,Bags Non Leather,brittany-mini-tote-bag-60318073-602,Merlot,1,Y,Brittany Mini Tote Bag,,,149.95,No Size,,gid://shopify/Product/7986413961306,brittany-mini-tote-bag-60318073,SINGLETON_PARENT|NONSTANDARD_HANDLE
MIM-T-brittany-mini-tote-bag,Brittany Mini Tote Bag,Bags Non Leather,brittany-mini-tote-bag-60318074-1421,Leopard,2,Y,Brittany Mini Tote Bag,,,149.95,No Size,,gid://shopify/Product/7986414125146,brittany-mini-tote-bag-60318074,SINGLETON_PARENT|NONSTANDARD_HANDLE
MIM-T-brittany-mini-tote-bag,Brittany Mini Tote Bag,Bags Non Leather,brittany-mini-tote-bag-60318072-234,Espresso,3,Y,Brittany Mini Tote Bag,,,149.95,No Size,,gid://shopify/Product/7986413830234,brittany-mini-tote-bag-60318072,SINGLETON_PARENT|NONSTANDARD_HANDLE
MIM-T-brittany-tote-bag,Brittany Tote Bag,Bags Non Leather,brittany-tote-bag-60310223-1421,Leopard,1,Y,Brittany Tote Bag,,,99,No Size,,gid://shopify/Product/7986369888346,brittany-tote-bag-60310223,SINGLETON_PARENT|NONSTANDARD_HANDLE|DUPLICATE_COLOUR|PRICE_VARIANCE
MIM-T-brittany-tote-bag,Brittany Tote Bag,Bags Non Leather,brittany-tote-bag-60310224-202,Bitter Chocolate,2,Y,Brittany Tote Bag,,,99,No Size,,gid://shopify/Product/7986370084954,brittany-tote-bag-60310224,SINGLETON_PARENT|NONSTANDARD_HANDLE|DUPLICATE_COLOUR|PRICE_VARIANCE
MIM-T-brittany-tote-bag,Brittany Tote Bag,Bags Non Leather,brittany-tote-bag-60310227-121,Beige,3,Y,Brittany Tote Bag,,,99,No Size,,gid://shopify/Product/7986370183258,brittany-tote-bag-60310227,SINGLETON_PARENT|NONSTANDARD_HANDLE|DUPLICATE_COLOUR|PRICE_VARIANCE
MIM-T-brittany-tote-bag,Brittany Tote Bag,Bags Non Leather,brittany-tote-bag-60318069-602,Merlot,4,Y,Brittany Tote Bag,,,179.95,No Size,,gid://shopify/Product/7986413240410,brittany-tote-bag-60318069,SINGLETON_PARENT|NONSTANDARD_HANDLE|DUPLICATE_COLOUR|PRICE_VARIANCE
MIM-T-brittany-tote-bag,Brittany Tote Bag,Bags Non Leather,brittany-tote-bag-60318164-234,Espresso,5,Y,Brittany Tote Bag,,,179.95,No Size,,gid://shopify/Product/7986414813274,brittany-tote-bag-60318164,SINGLETON_PARENT|NONSTANDARD_HANDLE|DUPLICATE_COLOUR|PRICE_VARIANCE
MIM-T-brittany-tote-bag,Brittany Tote Bag,Bags Non Leather,brittany-tote-bag-60318070-1421,Leopard,6,Y,Brittany Tote Bag,,,179.95,No Size,,gid://shopify/Product/7986413404250,brittany-tote-bag-60318070,SINGLETON_PARENT|NONSTANDARD_HANDLE|DUPLICATE_COLOUR|PRICE_VARIANCE
MIM-T-brunswick-carry-all-bag,Brunswick Carry All Bag,Bags Non Leather,brunswick-carry-all-bag-60305813-3637,Black Light Gold,1,Y,Brunswick Carry All Bag,,,279.95,No Size,,gid://shopify/Product/7986345803866,brunswick-carry-all-bag-60305813,SINGLETON_PARENT|NONSTANDARD_HANDLE|PRICE_VARIANCE
MIM-T-brunswick-carry-all-bag,Brunswick Carry All Bag,Bags Non Leather,brunswick-carry-all-bag-60305814-31,Grey Marle,2,Y,Brunswick Carry All Bag,,,119,No Size,,gid://shopify/Product/7986345967706,brunswick-carry-all-bag-60305814,SINGLETON_PARENT|NONSTANDARD_HANDLE|PRICE_VARIANCE
MIM-T-brunswick-carry-all-bag,Brunswick Carry All Bag,Bags Non Leather,brunswick-carry-all-bag-60309183-234,Espresso,3,Y,Brunswick Carry All Bag,,,149,No Size,,gid://shopify/Product/7986365890650,brunswick-carry-all-bag-60309183,SINGLETON_PARENT|NONSTANDARD_HANDLE|PRICE_VARIANCE
MIM-T-brunswick-crossbody-bag,Brunswick Crossbody Bag,Bags Non Leather,brunswick-crossbody-bag-60299359-115,Natural,1,Y,Brunswick Crossbody Bag,,,79,No Size,,gid://shopify/Product/7986338267226,brunswick-crossbody-bag-60299359,SINGLETON_PARENT|NONSTANDARD_HANDLE|PRICE_VARIANCE
MIM-T-brunswick-crossbody-bag,Brunswick Crossbody Bag,Bags Non Leather,brunswick-crossbody-bag-60299175-569,Lilac,2,Y,Brunswick Crossbody Bag,,,79,No Size,,gid://shopify/Product/7986339381338,brunswick-crossbody-bag-60299175,SINGLETON_PARENT|NONSTANDARD_HANDLE|PRICE_VARIANCE
MIM-T-brunswick-crossbody-bag,Brunswick Crossbody Bag,Bags Non Leather,brunswick-crossbody-bag-60299421-302,Sage,3,Y,Brunswick Crossbody Bag,,,79,No Size,,gid://shopify/Product/7986341511258,brunswick-crossbody-bag-60299421,SINGLETON_PARENT|NONSTANDARD_HANDLE|PRICE_VARIANCE
MIM-T-brunswick-crossbody-bag,Brunswick Crossbody Bag,Bags Non Leather,brunswick-crossbody-bag-60304108-31,Grey Marle,4,Y,Brunswick Crossbody Bag,,,79,No Size,,gid://shopify/Product/7986344525914,brunswick-crossbody-bag-60304108,SINGLETON_PARENT|NONSTANDARD_HANDLE|PRICE_VARIANCE
MIM-T-brunswick-crossbody-bag,Brunswick Crossbody Bag,Bags Non Leather,brunswick-crossbody-bag-60304109-686,Ballet,5,Y,Brunswick Crossbody Bag,,,79,No Size,,gid://shopify/Product/7986344656986,brunswick-crossbody-bag-60304109,SINGLETON_PARENT|NONSTANDARD_HANDLE|PRICE_VARIANCE
MIM-T-brunswick-crossbody-bag,Brunswick Crossbody Bag,Bags Non Leather,brunswick-crossbody-bag-60304110-4068,Slate Blue,6,Y,Brunswick Crossbody Bag,,,79,No Size,,gid://shopify/Product/7986344722522,brunswick-crossbody-bag-60304110,SINGLETON_PARENT|NONSTANDARD_HANDLE|PRICE_VARIANCE
MIM-T-brunswick-crossbody-bag,Brunswick Crossbody Bag,Bags Non Leather,brunswick-crossbody-bag-60309184-234,Espresso,7,Y,Brunswick Crossbody Bag,,,79,No Size,,gid://shopify/Product/7986366054490,brunswick-crossbody-bag-60309184,SINGLETON_PARENT|NONSTANDARD_HANDLE|PRICE_VARIANCE
MIM-T-brunswick-crossbody-bag,Brunswick Crossbody Bag,Bags Non Leather,brunswick-crossbody-bag-60296902-7931,Black Leopard,8,Y,Brunswick Crossbody Bag,,,99,No Size,,gid://shopify/Product/7986515640410,brunswick-crossbody-bag-60296902,SINGLETON_PARENT|NONSTANDARD_HANDLE|PRICE_VARIANCE
MIM-T-brunswick-crossbody-bag,Brunswick Crossbody Bag,Bags Non Leather,brunswick-crossbody-bag-60296903-459,Denim,9,Y,Brunswick Crossbody Bag,,,79,No Size,,gid://shopify/Product/7986515837018,brunswick-crossbody-bag-60296903,SINGLETON_PARENT|NONSTANDARD_HANDLE|PRICE_VARIANCE
MIM-T-brunswick-crossbody-bag,Brunswick Crossbody Bag,Bags Non Leather,brunswick-crossbody-bag-60296904-705,Sandstone,10,Y,Brunswick Crossbody Bag,,,79,No Size,,gid://shopify/Product/7986515968090,brunswick-crossbody-bag-60296904,SINGLETON_PARENT|NONSTANDARD_HANDLE|PRICE_VARIANCE
MIM-T-brunswick-crossbody-bag,Brunswick Crossbody Bag,Bags Non Leather,brunswick-crossbody-bag-60296905-3637,Black Light Gold,11,Y,Brunswick Crossbody Bag,,,149.95,No Size,,gid://shopify/Product/7986516131930,brunswick-crossbody-bag-60296905,SINGLETON_PARENT|NONSTANDARD_HANDLE|PRICE_VARIANCE
MIM-T-brunswick-mini-tote-bag,Brunswick Mini Tote Bag,Bags Non Leather,brunswick-mini-tote-bag-60298944-3637,Black Light Gold,1,Y,Brunswick Mini Tote Bag,,,99,No Size,,gid://shopify/Product/7986337808474,brunswick-mini-tote-bag-60298944,SINGLETON_PARENT|NONSTANDARD_HANDLE
MIM-T-brunswick-mini-tote-bag,Brunswick Mini Tote Bag,Bags Non Leather,brunswick-mini-tote-bag-60298945-7931,Black Leopard,2,Y,Brunswick Mini Tote Bag,,,129,No Size,,gid://shopify/Product/7986337972314,brunswick-mini-tote-bag-60298945,SINGLETON_PARENT|NONSTANDARD_HANDLE
MIM-T-brunswick-mini-tote-bag,Brunswick Mini Tote Bag,Bags Non Leather,brunswick-mini-tote-bag-60298946-459,Denim,3,Y,Brunswick Mini Tote Bag,,,99,No Size,,gid://shopify/Product/7986338070618,brunswick-mini-tote-bag-60298946,SINGLETON_PARENT|NONSTANDARD_HANDLE
MIM-T-brunswick-sling-crossbody-bag,Brunswick Sling Crossbody Bag,Bags Non Leather,brunswick-sling-crossbody-bag-60304111-686,Ballet,1,Y,Brunswick Sling Crossbody Bag,,,59,No Size,,gid://shopify/Product/7986344788058,brunswick-sling-crossbody-bag-60304111,SINGLETON_PARENT|NONSTANDARD_HANDLE
MIM-T-brunswick-sling-crossbody-bag,Brunswick Sling Crossbody Bag,Bags Non Leather,brunswick-sling-crossbody-bag-60304112-31,Grey Marle,2,Y,Brunswick Sling Crossbody Bag,,,59,No Size,,gid://shopify/Product/7986344820826,brunswick-sling-crossbody-bag-60304112,SINGLETON_PARENT|NONSTANDARD_HANDLE
MIM-T-brunswick-sling-crossbody-bag,Brunswick Sling Crossbody Bag,Bags Non Leather,brunswick-sling-crossbody-bag-60304113-3637,Black Light Gold,3,Y,Brunswick Sling Crossbody Bag,,,69,No Size,,gid://shopify/Product/7986344853594,brunswick-sling-crossbody-bag-60304113,SINGLETON_PARENT|NONSTANDARD_HANDLE
MIM-T-brunswick-tote-bag,Brunswick Tote Bag,Bags Non Leather,brunswick-tote-bag-60299419-302,Sage,1,Y,Brunswick Tote Bag,,,99,No Size,,gid://shopify/Product/7986341478490,brunswick-tote-bag-60299419,SINGLETON_PARENT|NONSTANDARD_HANDLE
MIM-T-brunswick-tote-bag,Brunswick Tote Bag,Bags Non Leather,brunswick-tote-bag-60296895-3637,Black Light Gold,2,Y,Brunswick Tote Bag,,,99,No Size,,gid://shopify/Product/7986514821210,brunswick-tote-bag-60296895,SINGLETON_PARENT|NONSTANDARD_HANDLE
MIM-T-brunswick-tote-bag,Brunswick Tote Bag,Bags Non Leather,brunswick-tote-bag-60296896-705,Sandstone,3,Y,Brunswick Tote Bag,,,119,No Size,,gid://shopify/Product/7986514952282,brunswick-tote-bag-60296896,SINGLETON_PARENT|NONSTANDARD_HANDLE
MIM-T-brunswick-tote-bag,Brunswick Tote Bag,Bags Non Leather,brunswick-tote-bag-60296897-7931,Black Leopard,4,Y,Brunswick Tote Bag,,,119,No Size,,gid://shopify/Product/7986515116122,brunswick-tote-bag-60296897,SINGLETON_PARENT|NONSTANDARD_HANDLE
MIM-T-brunswick-tote-bag,Brunswick Tote Bag,Bags Non Leather,brunswick-tote-bag-60296898-459,Denim,5,Y,Brunswick Tote Bag,,,99,No Size,,gid://shopify/Product/7986515279962,brunswick-tote-bag-60296898,SINGLETON_PARENT|NONSTANDARD_HANDLE
MIM-T-bungalow-crossbody-bag,Bungalow Crossbody Bag,Bags Non Leather,bungalow-crossbody-bag-60305928-9013,Mist,1,Y,Bungalow Crossbody Bag,,,69,No Size,,gid://shopify/Product/7986347638874,bungalow-crossbody-bag-60305928,SINGLETON_PARENT|NONSTANDARD_HANDLE
MIM-T-bungalow-crossbody-bag,Bungalow Crossbody Bag,Bags Non Leather,bungalow-crossbody-bag-60305930-686,Ballet,2,Y,Bungalow Crossbody Bag,,,69,No Size,,gid://shopify/Product/7986347802714,bungalow-crossbody-bag-60305930,SINGLETON_PARENT|NONSTANDARD_HANDLE
MIM-T-bungalow-crossbody-bag,Bungalow Crossbody Bag,Bags Non Leather,bungalow-crossbody-bag-60305931-476,Powder Blue,3,Y,Bungalow Crossbody Bag,,,69,No Size,,gid://shopify/Product/7986347966554,bungalow-crossbody-bag-60305931,SINGLETON_PARENT|NONSTANDARD_HANDLE
MIM-T-bungalow-crossbody-bag,Bungalow Crossbody Bag,Bags Non Leather,bungalow-crossbody-bag-60301553-1421,Leopard,4,Y,Bungalow Crossbody Bag,,,69,No Size,,gid://shopify/Product/7986521800794,bungalow-crossbody-bag-60301553,SINGLETON_PARENT|NONSTANDARD_HANDLE
MIM-T-bungalow-crossbody-bag,Bungalow Crossbody Bag,Bags Non Leather,bungalow-crossbody-bag-60301554-9621,Black Gunmetal,5,Y,Bungalow Crossbody Bag,,,69,No Size,,gid://shopify/Product/7986521964634,bungalow-crossbody-bag-60301554,SINGLETON_PARENT|NONSTANDARD_HANDLE
MIM-T-cady-mini-bucket-crossbody-bag,Cady Mini Bucket Crossbody Bag,Bags Non Leather,cady-mini-bucket-crossbody-bag-60310231-9466,Grey Sky,1,Y,Cady Mini Bucket Crossbody Bag,,,79,No Size,,gid://shopify/Product/7986370674778,cady-mini-bucket-crossbody-bag-60310231,SINGLETON_PARENT|NONSTANDARD_HANDLE
MIM-T-cady-mini-bucket-crossbody-bag,Cady Mini Bucket Crossbody Bag,Bags Non Leather,cady-mini-bucket-crossbody-bag-60310233-6525,Pink Dust,2,Y,Cady Mini Bucket Crossbody Bag,,,79,No Size,,gid://shopify/Product/7986371035226,cady-mini-bucket-crossbody-bag-60310233,SINGLETON_PARENT|NONSTANDARD_HANDLE
MIM-T-calypso-grab-bag,Calypso Grab Bag,Bags Non Leather,calypso-grab-bag-60313196-126,Vanilla,1,Y,Calypso Grab Bag,,,99,No Size,,gid://shopify/Product/7986388271194,calypso-grab-bag-60313196,SINGLETON_PARENT|NONSTANDARD_HANDLE
MIM-T-calypso-grab-bag,Calypso Grab Bag,Bags Non Leather,calypso-grab-bag-60313197-465,Iceberg,2,Y,Calypso Grab Bag,,,99,No Size,,gid://shopify/Product/7986388435034,calypso-grab-bag-60313197,SINGLETON_PARENT|NONSTANDARD_HANDLE
MIM-T-canyon-duffle-bag,Canyon Duffle Bag,Bags Non Leather,canyon-duffle-bag-60310488-1421,Leopard,1,Y,Canyon Duffle Bag,,,99,No Size,,gid://shopify/Product/7986373656666,canyon-duffle-bag-60310488,SINGLETON_PARENT|NONSTANDARD_HANDLE
MIM-T-canyon-duffle-bag,Canyon Duffle Bag,Bags Non Leather,canyon-duffle-bag-60302333-1,Black,2,Y,Canyon Duffle Bag,,,99,No Size,,gid://shopify/Product/7986523045978,canyon-duffle-bag-60302333,SINGLETON_PARENT|NONSTANDARD_HANDLE
MIM-T-canyon-duffle-bag,Canyon Duffle Bag,Bags Non Leather,canyon-duffle-bag-60302334-3368,Faded Moss,3,Y,Canyon Duffle Bag,,,79,No Size,,gid://shopify/Product/7986523209818,canyon-duffle-bag-60302334,SINGLETON_PARENT|NONSTANDARD_HANDLE
MIM-T-concert-tote-bag,Concert Tote Bag,Bags Non Leather,concert-tote-bag-60313112-465,Iceberg,1,Y,Concert Tote Bag,,,49,No Size,,gid://shopify/Product/7986385748058,concert-tote-bag-60313112,SINGLETON_PARENT|NONSTANDARD_HANDLE
MIM-T-concert-tote-bag,Concert Tote Bag,Bags Non Leather,concert-tote-bag-60313113-1752,Zebra Print,2,Y,Concert Tote Bag,,,49,No Size,,gid://shopify/Product/7986386010202,concert-tote-bag-60313113,SINGLETON_PARENT|NONSTANDARD_HANDLE
MIM-T-concert-tote-bag,Concert Tote Bag,Bags Non Leather,concert-tote-bag-60300739-1,Black,3,Y,Concert Tote Bag,,,49,No Size,,gid://shopify/Product/7986519081050,concert-tote-bag-60300739,SINGLETON_PARENT|NONSTANDARD_HANDLE
MIM-T-concert-tote-bag,Concert Tote Bag,Bags Non Leather,concert-tote-bag-60300740-725,Grapefruit,4,Y,Concert Tote Bag,,,39,No Size,,gid://shopify/Product/7986519310426,concert-tote-bag-60300740,SINGLETON_PARENT|NONSTANDARD_HANDLE
MIM-T-concert-tote-bag,Concert Tote Bag,Bags Non Leather,concert-tote-bag-60300741-459,Denim,5,Y,Concert Tote Bag,,,49,No Size,,gid://shopify/Product/7986519474266,concert-tote-bag-60300741,SINGLETON_PARENT|NONSTANDARD_HANDLE
MIM-T-concert-tote-bag,Concert Tote Bag,Bags Non Leather,concert-tote-bag-60300742-1421,Leopard,6,Y,Concert Tote Bag,,,49,No Size,,gid://shopify/Product/7986519703642,concert-tote-bag-60300742,SINGLETON_PARENT|NONSTANDARD_HANDLE
MIM-T-crest-towelling-tote-bag,Crest Towelling Tote Bag,Bags Non Leather,crest-towelling-tote-bag-60313257-639,Flamingo,1,Y,Crest Towelling Tote Bag,,,59,No Size,,gid://shopify/Product/7986386960474,crest-towelling-tote-bag-60313257,SINGLETON_PARENT|NONSTANDARD_HANDLE
MIM-T-crest-towelling-tote-bag,Crest Towelling Tote Bag,Bags Non Leather,crest-towelling-tote-bag-60313258-953,Grass Green,2,Y,Crest Towelling Tote Bag,,,59,No Size,,gid://shopify/Product/7986387124314,crest-towelling-tote-bag-60313258,SINGLETON_PARENT|NONSTANDARD_HANDLE
MIM-T-desert-basket-tote-bag,Desert Basket Tote Bag,Bags Non Leather,desert-basket-tote-bag-60299447-115,Natural,1,Y,Desert Basket Tote Bag,,,69,No Size,,gid://shopify/Product/7986342002778,desert-basket-tote-bag-60299447,SINGLETON_PARENT|NONSTANDARD_HANDLE
MIM-T-desert-basket-tote-bag,Desert Basket Tote Bag,Bags Non Leather,desert-basket-tote-bag-60299448-2155,Mandarin,2,Y,Desert Basket Tote Bag,,,69,No Size,,gid://shopify/Product/7986342133850,desert-basket-tote-bag-60299448,SINGLETON_PARENT|NONSTANDARD_HANDLE
MIM-T-dionne-crossbody-bag,Dionne Crossbody Bag,Bags Non Leather,dionne-crossbody-bag-60310235-1,Black,1,Y,Dionne Crossbody Bag,,,79,No Size,,gid://shopify/Product/7986371199066,dionne-crossbody-bag-60310235,SINGLETON_PARENT|NONSTANDARD_HANDLE
MIM-T-dionne-crossbody-bag,Dionne Crossbody Bag,Bags Non Leather,dionne-crossbody-bag-60310236-9501,Mahogany,2,Y,Dionne Crossbody Bag,,,79,No Size,,gid://shopify/Product/7986371395674,dionne-crossbody-bag-60310236,SINGLETON_PARENT|NONSTANDARD_HANDLE
MIM-T-dionne-crossbody-bag,Dionne Crossbody Bag,Bags Non Leather,dionne-crossbody-bag-60310883-2729,Black Multi,3,Y,Dionne Crossbody Bag,,,79,No Size,,gid://shopify/Product/7986378178650,dionne-crossbody-bag-60310883,SINGLETON_PARENT|NONSTANDARD_HANDLE
MIM-T-dionne-crossbody-bag,Dionne Crossbody Bag,Bags Non Leather,dionne-crossbody-bag-60312073-657,Petal,4,Y,Dionne Crossbody Bag,,,79,No Size,,gid://shopify/Product/7986379882586,dionne-crossbody-bag-60312073,SINGLETON_PARENT|NONSTANDARD_HANDLE
MIM-T-dove-backpack,Dove Backpack,Bags Non Leather,dove-backpack-60314871-1421,Leopard,1,Y,Dove Backpack,,,99,No Size,,gid://shopify/Product/7986400395354,dove-backpack-60314871,SINGLETON_PARENT|NONSTANDARD_HANDLE|PRICE_VARIANCE
MIM-T-dove-backpack,Dove Backpack,Bags Non Leather,dove-backpack-60314872-1,Black,2,Y,Dove Backpack,,,299.95,No Size,,gid://shopify/Product/7986400559194,dove-backpack-60314872,SINGLETON_PARENT|NONSTANDARD_HANDLE|PRICE_VARIANCE
MIM-T-dove-pram-caddy,Dove Pram Caddy,Bags Non Leather,dove-pram-caddy-60314869-1,Black,1,Y,Dove Pram Caddy,,,199.95,No Size,,gid://shopify/Product/7986400067674,dove-pram-caddy-60314869,SINGLETON_PARENT|NONSTANDARD_HANDLE|PRICE_VARIANCE
MIM-T-dove-pram-caddy,Dove Pram Caddy,Bags Non Leather,dove-pram-caddy-60314870-1421,Leopard,2,Y,Dove Pram Caddy,,,69,No Size,,gid://shopify/Product/7986400231514,dove-pram-caddy-60314870,SINGLETON_PARENT|NONSTANDARD_HANDLE|PRICE_VARIANCE
MIM-T-dove-tote-bag,Dove Tote Bag,Bags Non Leather,dove-tote-bag-60314866-1,Black,1,Y,Dove Tote Bag,,,379.95,No Size,,gid://shopify/Product/7986399674458,dove-tote-bag-60314866,SINGLETON_PARENT|NONSTANDARD_HANDLE|PRICE_VARIANCE
MIM-T-dove-tote-bag,Dove Tote Bag,Bags Non Leather,dove-tote-bag-60314867-1421,Leopard,2,Y,Dove Tote Bag,,,129,No Size,,gid://shopify/Product/7986399903834,dove-tote-bag-60314867,SINGLETON_PARENT|NONSTANDARD_HANDLE|PRICE_VARIANCE
MIM-T-driver-shoulder-bag,Driver Shoulder Bag,Bags Non Leather,driver-shoulder-bag-60295789-2344,Off White,1,Y,Driver Shoulder Bag,,,59,No Size,,gid://shopify/Product/7986512724058,driver-shoulder-bag-60295789,SINGLETON_PARENT|NONSTANDARD_HANDLE|PRICE_VARIANCE
MIM-T-driver-shoulder-bag,Driver Shoulder Bag,Bags Non Leather,driver-shoulder-bag-60295790-3637,Black Light Gold,2,Y,Driver Shoulder Bag,,,99,No Size,,gid://shopify/Product/7986512920666,driver-shoulder-bag-60295790,SINGLETON_PARENT|NONSTANDARD_HANDLE|PRICE_VARIANCE
MIM-T-driver-sling-bag,Driver Sling Bag,Bags Non Leather,driver-sling-bag-60295791-3637,Black Light Gold,1,Y,Driver Sling Bag,,,129,No Size,,gid://shopify/Product/7986513084506,driver-sling-bag-60295791,SINGLETON_PARENT|NONSTANDARD_HANDLE
MIM-T-driver-sling-bag,Driver Sling Bag,Bags Non Leather,driver-sling-bag-60295792-2344,Off White,2,Y,Driver Sling Bag,,,129,No Size,,gid://shopify/Product/7986513248346,driver-sling-bag-60295792,SINGLETON_PARENT|NONSTANDARD_HANDLE
MIM-T-echo-backpack,Echo Backpack,Bags Non Leather,echo-backpack-60228643-3631,Cora Flora Blk Print,1,Y,Echo Backpack,,,119,No Size,,gid://shopify/Product/7986259918938,echo-backpack-60228643,SINGLETON_PARENT|NONSTANDARD_HANDLE
MIM-T-echo-backpack,Echo Backpack,Bags Non Leather,echo-backpack-60312124-1,Black,2,Y,Echo Backpack,,,149,No Size,,gid://shopify/Product/7986382766170,echo-backpack-60312124,SINGLETON_PARENT|NONSTANDARD_HANDLE
MIM-T-el-rey-crossbody-bag,El Rey Crossbody Bag,Bags Non Leather,el-rey-crossbody-bag-60297189-3637,Black Light Gold,1,Y,El Rey Crossbody Bag,,,49,No Size,,gid://shopify/Product/7986328928346,el-rey-crossbody-bag-60297189,SINGLETON_PARENT|NONSTANDARD_HANDLE|PRICE_VARIANCE
MIM-T-el-rey-crossbody-bag,El Rey Crossbody Bag,Bags Non Leather,el-rey-crossbody-bag-60297190-116,Ivory,2,Y,El Rey Crossbody Bag,,,59,No Size,,gid://shopify/Product/7986329026650,el-rey-crossbody-bag-60297190,SINGLETON_PARENT|NONSTANDARD_HANDLE|PRICE_VARIANCE
MIM-T-el-rey-crossbody-bag,El Rey Crossbody Bag,Bags Non Leather,el-rey-crossbody-bag-60297192-7568,Denim Leopard,3,Y,El Rey Crossbody Bag,,,79,No Size,,gid://shopify/Product/7986329190490,el-rey-crossbody-bag-60297192,SINGLETON_PARENT|NONSTANDARD_HANDLE|PRICE_VARIANCE
MIM-T-el-rey-shoulder-bag,El Rey Shoulder Bag,Bags Non Leather,el-rey-shoulder-bag-60297186-116,Ivory,1,Y,El Rey Shoulder Bag,,,99,No Size,,gid://shopify/Product/7986328600666,el-rey-shoulder-bag-60297186,SINGLETON_PARENT|NONSTANDARD_HANDLE|PRICE_VARIANCE
MIM-T-el-rey-shoulder-bag,El Rey Shoulder Bag,Bags Non Leather,el-rey-shoulder-bag-60297188-3637,Black Light Gold,2,Y,El Rey Shoulder Bag,,,59,No Size,,gid://shopify/Product/7986328797274,el-rey-shoulder-bag-60297188,SINGLETON_PARENT|NONSTANDARD_HANDLE|PRICE_VARIANCE
MIM-T-el-rey-tote-bag,El Rey Tote Bag,Bags Non Leather,el-rey-tote-bag-60297184-3637,Black Light Gold,1,Y,El Rey Tote Bag,,,149,No Size,,gid://shopify/Product/7986328240218,el-rey-tote-bag-60297184,SINGLETON_PARENT|NONSTANDARD_HANDLE
MIM-T-el-rey-tote-bag,El Rey Tote Bag,Bags Non Leather,el-rey-tote-bag-60297185-116,Ivory,2,Y,El Rey Tote Bag,,,149,No Size,,gid://shopify/Product/7986328404058,el-rey-tote-bag-60297185,SINGLETON_PARENT|NONSTANDARD_HANDLE
MIM-T-elements-crossbody-bag,Elements Crossbody Bag,Bags Non Leather,elements-crossbody-bag-60292287-2344,Off White,1,Y,Elements Crossbody Bag,,,59,No Size,,gid://shopify/Product/7986327421018,elements-crossbody-bag-60292287,SINGLETON_PARENT|NONSTANDARD_HANDLE|PRICE_VARIANCE
MIM-T-elements-crossbody-bag,Elements Crossbody Bag,Bags Non Leather,elements-crossbody-bag-60292288-1827,Black Silver,2,Y,Elements Crossbody Bag,,,89,No Size,,gid://shopify/Product/7986327584858,elements-crossbody-bag-60292288,SINGLETON_PARENT|NONSTANDARD_HANDLE|PRICE_VARIANCE
MIM-T-elements-crossbody-bag,Elements Crossbody Bag,Bags Non Leather,elements-crossbody-bag-60294482-7700,Winter Moss,3,Y,Elements Crossbody Bag,,,119,No Size,,gid://shopify/Product/7986499813466,elements-crossbody-bag-60294482,SINGLETON_PARENT|NONSTANDARD_HANDLE|PRICE_VARIANCE
MIM-T-elements-mini-shoulder-bag,Elements Mini Shoulder Bag,Bags Non Leather,elements-mini-shoulder-bag-60294491-2344,Off White,1,Y,Elements Mini Shoulder Bag,,,39,No Size,,gid://shopify/Product/7986500403290,elements-mini-shoulder-bag-60294491,SINGLETON_PARENT|NONSTANDARD_HANDLE|PRICE_VARIANCE
MIM-T-elements-mini-shoulder-bag,Elements Mini Shoulder Bag,Bags Non Leather,elements-mini-shoulder-bag-60294492-7700,Winter Moss,2,Y,Elements Mini Shoulder Bag,,,49,No Size,,gid://shopify/Product/7986500599898,elements-mini-shoulder-bag-60294492,SINGLETON_PARENT|NONSTANDARD_HANDLE|PRICE_VARIANCE
MIM-T-elements-mini-shoulder-bag,Elements Mini Shoulder Bag,Bags Non Leather,elements-mini-shoulder-bag-60294493-1827,Black Silver,3,Y,Elements Mini Shoulder Bag,,,59,No Size,,gid://shopify/Product/7986500862042,elements-mini-shoulder-bag-60294493,SINGLETON_PARENT|NONSTANDARD_HANDLE|PRICE_VARIANCE
MIM-T-elements-tote-bag,Elements Tote Bag,Bags Non Leather,elements-tote-bag-60292289-1827,Black Silver,1,Y,Elements Tote Bag,,,129,No Size,,gid://shopify/Product/7986327748698,elements-tote-bag-60292289,SINGLETON_PARENT|NONSTANDARD_HANDLE|PRICE_VARIANCE
MIM-T-elements-tote-bag,Elements Tote Bag,Bags Non Leather,elements-tote-bag-60292290-2344,Off White,2,Y,Elements Tote Bag,,,79,No Size,,gid://shopify/Product/7986327912538,elements-tote-bag-60292290,SINGLETON_PARENT|NONSTANDARD_HANDLE|PRICE_VARIANCE
MIM-T-elements-tote-bag,Elements Tote Bag,Bags Non Leather,elements-tote-bag-60294483-7700,Winter Moss,3,Y,Elements Tote Bag,,,,No Size,,gid://shopify/Product/7986500042842,elements-tote-bag-60294483,SINGLETON_PARENT|NONSTANDARD_HANDLE|PRICE_VARIANCE
MIM-T-elysia-ring-clutch-bag,Elysia Ring Clutch Bag,Bags Non Leather,elysia-ring-clutch-bag-60313239-657,Petal,1,Y,Elysia Ring Clutch Bag,,,79,No Size,,gid://shopify/Product/7986385616986,elysia-ring-clutch-bag-60313239,SINGLETON_PARENT|NONSTANDARD_HANDLE
MIM-T-elysia-ring-clutch-bag,Elysia Ring Clutch Bag,Bags Non Leather,elysia-ring-clutch-bag-60313240-1,Black,2,Y,Elysia Ring Clutch Bag,,,79,No Size,,gid://shopify/Product/7986385813594,elysia-ring-clutch-bag-60313240,SINGLETON_PARENT|NONSTANDARD_HANDLE
MIM-T-ember-crossbody-bag,Ember Crossbody Bag,Bags Non Leather,ember-crossbody-bag-60313255-1510,Natural Black,1,Y,Ember Crossbody Bag,,,79,No Size,,gid://shopify/Product/7986386600026,ember-crossbody-bag-60313255,SINGLETON_PARENT|NONSTANDARD_HANDLE
MIM-T-ember-crossbody-bag,Ember Crossbody Bag,Bags Non Leather,ember-crossbody-bag-60313256-982,Walnut,2,Y,Ember Crossbody Bag,,,79,No Size,,gid://shopify/Product/7986386796634,ember-crossbody-bag-60313256,SINGLETON_PARENT|NONSTANDARD_HANDLE
MIM-T-ember-grab-crossbody-bag,Ember Grab Crossbody Bag,Bags Non Leather,ember-grab-crossbody-bag-60313252-982,Walnut,1,Y,Ember Grab Crossbody Bag,,,99,No Size,,gid://shopify/Product/7986386272346,ember-grab-crossbody-bag-60313252,SINGLETON_PARENT|NONSTANDARD_HANDLE
MIM-T-ember-grab-crossbody-bag,Ember Grab Crossbody Bag,Bags Non Leather,ember-grab-crossbody-bag-60313253-1510,Natural Black,2,Y,Ember Grab Crossbody Bag,,,99,No Size,,gid://shopify/Product/7986386436186,ember-grab-crossbody-bag-60313253,SINGLETON_PARENT|NONSTANDARD_HANDLE
MIM-T-ember-tote-bag,Ember Tote Bag,Bags Non Leather,ember-tote-bag-60313250-1510,Natural Black,1,Y,Ember Tote Bag,,,119,No Size,,gid://shopify/Product/7986385944666,ember-tote-bag-60313250,SINGLETON_PARENT|NONSTANDARD_HANDLE
MIM-T-ember-tote-bag,Ember Tote Bag,Bags Non Leather,ember-tote-bag-60313251-982,Walnut,2,Y,Ember Tote Bag,,,119,No Size,,gid://shopify/Product/7986386108506,ember-tote-bag-60313251,SINGLETON_PARENT|NONSTANDARD_HANDLE
MIM-T-encore-clutch-bag,Encore Clutch Bag,Bags Non Leather,encore-clutch-bag-60299131-1827,Black Silver,1,Y,Encore Clutch Bag,,,59,No Size,,gid://shopify/Product/7986339086426,encore-clutch-bag-60299131,SINGLETON_PARENT|NONSTANDARD_HANDLE|PRICE_VARIANCE
MIM-T-encore-clutch-bag,Encore Clutch Bag,Bags Non Leather,encore-clutch-bag-60299133-7549,Disco Pink,2,Y,Encore Clutch Bag,,,99,No Size,,gid://shopify/Product/7986339348570,encore-clutch-bag-60299133,SINGLETON_PARENT|NONSTANDARD_HANDLE|PRICE_VARIANCE
MIM-T-est-96-crossbody-bag,Est. 96 Crossbody Bag,Bags Non Leather,est-96-crossbody-bag-60277536-115,Natural,1,Y,Est. 96 Crossbody Bag,,,109,No Size,,gid://shopify/Product/7986293833818,est-96-crossbody-bag-60277536,SINGLETON_PARENT|NONSTANDARD_HANDLE
MIM-T-est-96-crossbody-bag,Est. 96 Crossbody Bag,Bags Non Leather,est-96-crossbody-bag-60278022-459,Denim,2,Y,Est. 96 Crossbody Bag,,,129,No Size,,gid://shopify/Product/7986293768282,est-96-crossbody-bag-60278022,SINGLETON_PARENT|NONSTANDARD_HANDLE
MIM-T-est-96-tote-bag,Est. 96 Tote Bag,Bags Non Leather,est-96-tote-bag-60277538-115,Natural,1,Y,Est. 96 Tote Bag,,,149,No Size,,gid://shopify/Product/7986293997658,est-96-tote-bag-60277538,SINGLETON_PARENT|NONSTANDARD_HANDLE
MIM-T-est-96-tote-bag,Est. 96 Tote Bag,Bags Non Leather,est-96-tote-bag-60277299-1492,Black Rose Gold,2,Y,Est. 96 Tote Bag,,,149,No Size,,gid://shopify/Product/7986292686938,est-96-tote-bag-60277299,SINGLETON_PARENT|NONSTANDARD_HANDLE
MIM-T-explore-crossbody-bag,Explore Crossbody Bag,Bags Non Leather,explore-crossbody-bag-60297099-46,Pewter,1,Y,Explore Crossbody Bag,,,99,No Size,,gid://shopify/Product/7986329124954,explore-crossbody-bag-60297099,SINGLETON_PARENT|NONSTANDARD_HANDLE
MIM-T-explore-crossbody-bag,Explore Crossbody Bag,Bags Non Leather,explore-crossbody-bag-60293590-459,Denim,2,Y,Explore Crossbody Bag,,,99,No Size,,gid://shopify/Product/7986501550170,explore-crossbody-bag-60293590,SINGLETON_PARENT|NONSTANDARD_HANDLE
MIM-T-explore-crossbody-bag,Explore Crossbody Bag,Bags Non Leather,explore-crossbody-bag-60293591-901,Silver,3,Y,Explore Crossbody Bag,,,99,No Size,,gid://shopify/Product/7986501714010,explore-crossbody-bag-60293591,SINGLETON_PARENT|NONSTANDARD_HANDLE
MIM-T-explore-crossbody-bag,Explore Crossbody Bag,Bags Non Leather,explore-crossbody-bag-60293592-1,Black,4,Y,Explore Crossbody Bag,,,79,No Size,,gid://shopify/Product/7986501910618,explore-crossbody-bag-60293592,SINGLETON_PARENT|NONSTANDARD_HANDLE
MIM-T-explore-crossbody-bag,Explore Crossbody Bag,Bags Non Leather,explore-crossbody-bag-60295804-910,Bronze,5,Y,Explore Crossbody Bag,,,99,No Size,,gid://shopify/Product/7986513379418,explore-crossbody-bag-60295804,SINGLETON_PARENT|NONSTANDARD_HANDLE
MIM-T-explore-crossbody-bag,Explore Crossbody Bag,Bags Non Leather,explore-crossbody-bag-60302312-302,Sage,6,Y,Explore Crossbody Bag,,,79,No Size,,gid://shopify/Product/7986521866330,explore-crossbody-bag-60302312,SINGLETON_PARENT|NONSTANDARD_HANDLE
MIM-T-explore-crossbody-bag,Explore Crossbody Bag,Bags Non Leather,explore-crossbody-bag-60302313-4084,Washed Denim,7,Y,Explore Crossbody Bag,,,79,No Size,,gid://shopify/Product/7986522030170,explore-crossbody-bag-60302313,SINGLETON_PARENT|NONSTANDARD_HANDLE
MIM-T-explore-tote-bag,Explore Tote Bag,Bags Non Leather,explore-tote-bag-60297098-46,Pewter,1,Y,Explore Tote Bag,,,79,No Size,,gid://shopify/Product/7986328895578,explore-tote-bag-60297098,SINGLETON_PARENT|NONSTANDARD_HANDLE|PRICE_VARIANCE
MIM-T-explore-tote-bag,Explore Tote Bag,Bags Non Leather,explore-tote-bag-60292726-901,Silver,2,Y,Explore Tote Bag,,,89,No Size,,gid://shopify/Product/7986504040538,explore-tote-bag-60292726,SINGLETON_PARENT|NONSTANDARD_HANDLE|PRICE_VARIANCE
MIM-T-explore-tote-bag,Explore Tote Bag,Bags Non Leather,explore-tote-bag-60292730-1,Black,3,Y,Explore Tote Bag,,,59,No Size,,gid://shopify/Product/7986504237146,explore-tote-bag-60292730,SINGLETON_PARENT|NONSTANDARD_HANDLE|PRICE_VARIANCE
MIM-T-faux-fur-frame-bag,Faux Fur Frame Bag,Bags Non Leather,faux-fur-frame-bag-60318108-200,Chocolate,1,Y,Faux Fur Frame Bag,,,179.95,No Size,,gid://shopify/Product/7986413305946,faux-fur-frame-bag-60318108,SINGLETON_PARENT|NONSTANDARD_HANDLE
MIM-T-faux-fur-frame-bag,Faux Fur Frame Bag,Bags Non Leather,faux-fur-frame-bag-60318109-602,Merlot,2,Y,Faux Fur Frame Bag,,,179.95,No Size,,gid://shopify/Product/7986413502554,faux-fur-frame-bag-60318109,SINGLETON_PARENT|NONSTANDARD_HANDLE
MIM-T-flashback-neoprene-crossbody-bag,Flashback Neoprene Crossbody Bag,Bags Non Leather,flashback-neoprene-crossbody-bag-60287806-3637,Black Light Gold,1,Y,Flashback Neoprene Crossbody Bag,,,89,No Size,,gid://shopify/Product/7986312446042,flashback-neoprene-crossbody-bag-60287806,SINGLETON_PARENT|NONSTANDARD_HANDLE
MIM-T-flashback-neoprene-crossbody-bag,Flashback Neoprene Crossbody Bag,Bags Non Leather,flashback-neoprene-crossbody-bag-60287807-4347,Chalk Blue,2,Y,Flashback Neoprene Crossbody Bag,,,109,No Size,,gid://shopify/Product/7986312609882,flashback-neoprene-crossbody-bag-60287807,SINGLETON_PARENT|NONSTANDARD_HANDLE
MIM-T-flashback-neoprene-crossbody-bag,Flashback Neoprene Crossbody Bag,Bags Non Leather,flashback-neoprene-crossbody-bag-60287810-2351,Almond,3,Y,Flashback Neoprene Crossbody Bag,,,109,No Size,,gid://shopify/Product/7986312773722,flashback-neoprene-crossbody-bag-60287810,SINGLETON_PARENT|NONSTANDARD_HANDLE
MIM-T-flashback-neoprene-tote-bag,Flashback Neoprene Tote Bag,Bags Non Leather,flashback-neoprene-tote-bag-60287695-3637,Black Light Gold,1,Y,Flashback Neoprene Tote Bag,,,149,No Size,,gid://shopify/Product/7986309988442,flashback-neoprene-tote-bag-60287695,SINGLETON_PARENT|NONSTANDARD_HANDLE
MIM-T-flashback-neoprene-tote-bag,Flashback Neoprene Tote Bag,Bags Non Leather,flashback-neoprene-tote-bag-60287787-2351,Almond,2,Y,Flashback Neoprene Tote Bag,,,199,No Size,,gid://shopify/Product/7986311200858,flashback-neoprene-tote-bag-60287787,SINGLETON_PARENT|NONSTANDARD_HANDLE
MIM-T-flight-mini-tote-bag,Flight Mini Tote Bag,Bags Non Leather,flight-mini-tote-bag-60277325-9439,Foundation,1,Y,Flight Mini Tote Bag,,,139,No Size,,gid://shopify/Product/7986293473370,flight-mini-tote-bag-60277325,SINGLETON_PARENT|NONSTANDARD_HANDLE
MIM-T-flight-mini-tote-bag,Flight Mini Tote Bag,Bags Non Leather,flight-mini-tote-bag-60277337-3637,Black Light Gold,2,Y,Flight Mini Tote Bag,,,119,No Size,,gid://shopify/Product/7986293669978,flight-mini-tote-bag-60277337,SINGLETON_PARENT|NONSTANDARD_HANDLE
MIM-T-geo-mini-tote-bag,Geo Mini Tote Bag,Bags Non Leather,geo-mini-tote-bag-60292760-3637,Black Light Gold,1,Y,Geo Mini Tote Bag,,,79,No Size,,gid://shopify/Product/7986504433754,geo-mini-tote-bag-60292760,SINGLETON_PARENT|NONSTANDARD_HANDLE
MIM-T-geo-mini-tote-bag,Geo Mini Tote Bag,Bags Non Leather,geo-mini-tote-bag-60292767-7898,Waffle,2,Y,Geo Mini Tote Bag,,,79,No Size,,gid://shopify/Product/7986505220186,geo-mini-tote-bag-60292767,SINGLETON_PARENT|NONSTANDARD_HANDLE
MIM-T-geo-tote-bag,Geo Tote Bag,Bags Non Leather,geo-tote-bag-60292761-3637,Black Light Gold,1,Y,Geo Tote Bag,,,129,No Size,,gid://shopify/Product/7986504597594,geo-tote-bag-60292761,SINGLETON_PARENT|NONSTANDARD_HANDLE
MIM-T-geo-tote-bag,Geo Tote Bag,Bags Non Leather,geo-tote-bag-60292766-7898,Waffle,2,Y,Geo Tote Bag,,,129,No Size,,gid://shopify/Product/7986505056346,geo-tote-bag-60292766,SINGLETON_PARENT|NONSTANDARD_HANDLE
MIM-T-hailey-crossbody-bag,Hailey Crossbody Bag,Bags Non Leather,hailey-crossbody-bag-60309230-1,Black,1,Y,Hailey Crossbody Bag,,,59,No Size,,gid://shopify/Product/7986365923418,hailey-crossbody-bag-60309230,SINGLETON_PARENT|NONSTANDARD_HANDLE
MIM-T-hailey-crossbody-bag,Hailey Crossbody Bag,Bags Non Leather,hailey-crossbody-bag-60309232-3253,Khaki Green,2,Y,Hailey Crossbody Bag,,,59,No Size,,gid://shopify/Product/7986366120026,hailey-crossbody-bag-60309232,SINGLETON_PARENT|NONSTANDARD_HANDLE
MIM-T-hailey-crossbody-bag,Hailey Crossbody Bag,Bags Non Leather,hailey-crossbody-bag-60309233-234,Espresso,3,Y,Hailey Crossbody Bag,,,59,No Size,,gid://shopify/Product/7986366283866,hailey-crossbody-bag-60309233,SINGLETON_PARENT|NONSTANDARD_HANDLE
MIM-T-hailey-shoulder-bag,Hailey Shoulder Bag,Bags Non Leather,hailey-shoulder-bag-60309226-1,Black,1,Y,Hailey Shoulder Bag,,,69,No Size,,gid://shopify/Product/7986365562970,hailey-shoulder-bag-60309226,SINGLETON_PARENT|NONSTANDARD_HANDLE
MIM-T-hailey-shoulder-bag,Hailey Shoulder Bag,Bags Non Leather,hailey-shoulder-bag-60309228-3253,Khaki Green,2,Y,Hailey Shoulder Bag,,,69,No Size,,gid://shopify/Product/7986365759578,hailey-shoulder-bag-60309228,SINGLETON_PARENT|NONSTANDARD_HANDLE
MIM-T-haze-grab-crossbody-bag,Haze Grab Crossbody Bag,Bags Non Leather,haze-grab-crossbody-bag-60299160-3637,Black Light Gold,1,Y,Haze Grab Crossbody Bag,,,89,No Size,,gid://shopify/Product/7986338824282,haze-grab-crossbody-bag-60299160,SINGLETON_PARENT|NONSTANDARD_HANDLE
MIM-T-haze-grab-crossbody-bag,Haze Grab Crossbody Bag,Bags Non Leather,haze-grab-crossbody-bag-60299161-6522,Pink Sorbet,2,Y,Haze Grab Crossbody Bag,,,79,No Size,,gid://shopify/Product/7986338988122,haze-grab-crossbody-bag-60299161,SINGLETON_PARENT|NONSTANDARD_HANDLE
MIM-T-haze-grab-crossbody-bag,Haze Grab Crossbody Bag,Bags Non Leather,haze-grab-crossbody-bag-60299162-901,Silver,3,Y,Haze Grab Crossbody Bag,,,79,No Size,,gid://shopify/Product/7986339184730,haze-grab-crossbody-bag-60299162,SINGLETON_PARENT|NONSTANDARD_HANDLE
MIM-T-haze-pouch,Haze Pouch,Bags Non Leather,haze-pouch-60304386-3637,Black Light Gold,1,Y,Haze Pouch,,,29,No Size,,gid://shopify/Product/7986347212890,haze-pouch-60304386,SINGLETON_PARENT|NONSTANDARD_HANDLE|PRICE_VARIANCE
MIM-T-haze-pouch,Haze Pouch,Bags Non Leather,haze-pouch-60304387-6522,Pink Sorbet,2,Y,Haze Pouch,,,29,No Size,,gid://shopify/Product/7986347409498,haze-pouch-60304387,SINGLETON_PARENT|NONSTANDARD_HANDLE|PRICE_VARIANCE
MIM-T-haze-pouch,Haze Pouch,Bags Non Leather,haze-pouch-60304388-901,Silver,3,Y,Haze Pouch,,,49,No Size,,gid://shopify/Product/7986347540570,haze-pouch-60304388,SINGLETON_PARENT|NONSTANDARD_HANDLE|PRICE_VARIANCE
MIM-T-haze-tote-bag,Haze Tote Bag,Bags Non Leather,haze-tote-bag-60299602-3637,Black Light Gold,1,Y,Haze Tote Bag,,,89,No Size,,gid://shopify/Product/7986343936090,haze-tote-bag-60299602,SINGLETON_PARENT|NONSTANDARD_HANDLE|PRICE_VARIANCE
MIM-T-haze-tote-bag,Haze Tote Bag,Bags Non Leather,haze-tote-bag-60299603-901,Silver,2,Y,Haze Tote Bag,,,149,No Size,,gid://shopify/Product/7986344067162,haze-tote-bag-60299603,SINGLETON_PARENT|NONSTANDARD_HANDLE|PRICE_VARIANCE
MIM-T-hera-knit-tote-bag,Hera Knit Tote Bag,Bags Non Leather,hera-knit-tote-bag-60314433-101,Buttermilk,1,Y,Hera Knit Tote Bag,,,99,No Size,,gid://shopify/Product/7986400788570,hera-knit-tote-bag-60314433,SINGLETON_PARENT|NONSTANDARD_HANDLE
MIM-T-hera-knit-tote-bag,Hera Knit Tote Bag,Bags Non Leather,hera-knit-tote-bag-60315060-6522,Pink Sorbet,2,Y,Hera Knit Tote Bag,,,99,No Size,,gid://shopify/Product/7986405277786,hera-knit-tote-bag-60315060,SINGLETON_PARENT|NONSTANDARD_HANDLE
MIM-T-hera-knit-tote-bag,Hera Knit Tote Bag,Bags Non Leather,hera-knit-tote-bag-60315063-9501,Mahogany,3,Y,Hera Knit Tote Bag,,,99,No Size,,gid://shopify/Product/7986405408858,hera-knit-tote-bag-60315063,SINGLETON_PARENT|NONSTANDARD_HANDLE
MIM-T-horizon-pocket-crossbody-bag,Horizon Pocket Crossbody Bag,Bags Non Leather,horizon-pocket-crossbody-bag-60314463-101,Buttermilk,1,Y,Horizon Pocket Crossbody Bag,,,99,No Size,,gid://shopify/Product/7986401542234,horizon-pocket-crossbody-bag-60314463,SINGLETON_PARENT|NONSTANDARD_HANDLE
MIM-T-horizon-pocket-crossbody-bag,Horizon Pocket Crossbody Bag,Bags Non Leather,horizon-pocket-crossbody-bag-60314464-1,Black,2,Y,Horizon Pocket Crossbody Bag,,,99,No Size,,gid://shopify/Product/7986401706074,horizon-pocket-crossbody-bag-60314464,SINGLETON_PARENT|NONSTANDARD_HANDLE
MIM-T-irina-crescent-bag,Irina Crescent Bag,Bags Non Leather,irina-crescent-bag-60307949-1467,Gingerbread,1,Y,Irina Crescent Bag,,,149,No Size,,gid://shopify/Product/7986355208282,irina-crescent-bag-60307949,SINGLETON_PARENT|NONSTANDARD_HANDLE
MIM-T-irina-crescent-bag,Irina Crescent Bag,Bags Non Leather,irina-crescent-bag-60307950-4147,Ink,2,Y,Irina Crescent Bag,,,149,No Size,,gid://shopify/Product/7986355306586,irina-crescent-bag-60307950,SINGLETON_PARENT|NONSTANDARD_HANDLE
MIM-T-isadora-quilted-clutch-bag,Isadora Quilted Clutch Bag,Bags Non Leather,isadora-quilted-clutch-bag-60307998-84,Pearl,1,Y,Isadora Quilted Clutch Bag,,,49,No Size,,gid://shopify/Product/7986355503194,isadora-quilted-clutch-bag-60307998,SINGLETON_PARENT|NONSTANDARD_HANDLE
MIM-T-isadora-quilted-clutch-bag,Isadora Quilted Clutch Bag,Bags Non Leather,isadora-quilted-clutch-bag-60307999-1,Black,2,Y,Isadora Quilted Clutch Bag,,,49,No Size,,gid://shopify/Product/7986355699802,isadora-quilted-clutch-bag-60307999,SINGLETON_PARENT|NONSTANDARD_HANDLE
MIM-T-isadora-quilted-mini-tote-bag,Isadora Quilted Mini Tote Bag,Bags Non Leather,isadora-quilted-mini-tote-bag-60306517-9013,Mist,1,Y,Isadora Quilted Mini Tote Bag,,,49,No Size,,gid://shopify/Product/7986351669338,isadora-quilted-mini-tote-bag-60306517,SINGLETON_PARENT|NONSTANDARD_HANDLE
MIM-T-isadora-quilted-mini-tote-bag,Isadora Quilted Mini Tote Bag,Bags Non Leather,isadora-quilted-mini-tote-bag-60306518-3637,Black Light Gold,2,Y,Isadora Quilted Mini Tote Bag,,,49,No Size,,gid://shopify/Product/7986348458074,isadora-quilted-mini-tote-bag-60306518,SINGLETON_PARENT|NONSTANDARD_HANDLE
MIM-T-isadora-quilted-mini-tote-bag,Isadora Quilted Mini Tote Bag,Bags Non Leather,isadora-quilted-mini-tote-bag-60307956-84,Pearl,3,Y,Isadora Quilted Mini Tote Bag,,,69,No Size,,gid://shopify/Product/7986356093018,isadora-quilted-mini-tote-bag-60307956,SINGLETON_PARENT|NONSTANDARD_HANDLE
MIM-T-isadora-quilted-mini-tote-bag,Isadora Quilted Mini Tote Bag,Bags Non Leather,isadora-quilted-mini-tote-bag-60307957-1,Black,4,Y,Isadora Quilted Mini Tote Bag,,,69,No Size,,gid://shopify/Product/7986356224090,isadora-quilted-mini-tote-bag-60307957,SINGLETON_PARENT|NONSTANDARD_HANDLE
MIM-T-isadora-quilted-tote-bag,Isadora Quilted Tote Bag,Bags Non Leather,isadora-quilted-tote-bag-60306515-3637,Black Light Gold,1,Y,Isadora Quilted Tote Bag,,,49,No Size,,gid://shopify/Product/7986351341658,isadora-quilted-tote-bag-60306515,SINGLETON_PARENT|NONSTANDARD_HANDLE|PRICE_VARIANCE
MIM-T-isadora-quilted-tote-bag,Isadora Quilted Tote Bag,Bags Non Leather,isadora-quilted-tote-bag-60306516-9013,Mist,2,Y,Isadora Quilted Tote Bag,,,49,No Size,,gid://shopify/Product/7986351538266,isadora-quilted-tote-bag-60306516,SINGLETON_PARENT|NONSTANDARD_HANDLE|PRICE_VARIANCE
MIM-T-isadora-quilted-tote-bag,Isadora Quilted Tote Bag,Bags Non Leather,isadora-quilted-tote-bag-60307954-84,Pearl,3,Y,Isadora Quilted Tote Bag,,,79,No Size,,gid://shopify/Product/7986355765338,isadora-quilted-tote-bag-60307954,SINGLETON_PARENT|NONSTANDARD_HANDLE|PRICE_VARIANCE
MIM-T-isadora-quilted-tote-bag,Isadora Quilted Tote Bag,Bags Non Leather,isadora-quilted-tote-bag-60307955-1,Black,4,Y,Isadora Quilted Tote Bag,,,79,No Size,,gid://shopify/Product/7986355896410,isadora-quilted-tote-bag-60307955,SINGLETON_PARENT|NONSTANDARD_HANDLE|PRICE_VARIANCE
MIM-T-jardin-grab-bag,Jardin Grab Bag,Bags Non Leather,jardin-grab-bag-60314396-1,Black,1,Y,Jardin Grab Bag,,,69,No Size,,gid://shopify/Product/7986399445082,jardin-grab-bag-60314396,SINGLETON_PARENT|NONSTANDARD_HANDLE
MIM-T-jardin-grab-bag,Jardin Grab Bag,Bags Non Leather,jardin-grab-bag-60316235-1421,Leopard,2,Y,Jardin Grab Bag,,,69,No Size,,gid://shopify/Product/7986404130906,jardin-grab-bag-60316235,SINGLETON_PARENT|NONSTANDARD_HANDLE
MIM-T-lens-bucket-bag,Lens Bucket Bag,Bags Non Leather,lens-bucket-bag-60307941-1,Black,1,Y,Lens Bucket Bag,,,129,No Size,,gid://shopify/Product/7986357010522,lens-bucket-bag-60307941,SINGLETON_PARENT|NONSTANDARD_HANDLE
MIM-T-lens-bucket-bag,Lens Bucket Bag,Bags Non Leather,lens-bucket-bag-60307942-7508,Rouge Noir,2,Y,Lens Bucket Bag,,,129,No Size,,gid://shopify/Product/7986357174362,lens-bucket-bag-60307942,SINGLETON_PARENT|NONSTANDARD_HANDLE
MIM-T-lens-bucket-bag,Lens Bucket Bag,Bags Non Leather,lens-bucket-bag-60307995-1085,Alabaster,3,Y,Lens Bucket Bag,,,129,No Size,,gid://shopify/Product/7986358124634,lens-bucket-bag-60307995,SINGLETON_PARENT|NONSTANDARD_HANDLE
MIM-T-lens-bucket-bag,Lens Bucket Bag,Bags Non Leather,lens-bucket-bag-60300879-2348,Linen,4,Y,Lens Bucket Bag,,,129,No Size,,gid://shopify/Product/7986521243738,lens-bucket-bag-60300879,SINGLETON_PARENT|NONSTANDARD_HANDLE
MIM-T-lens-bucket-bag,Lens Bucket Bag,Bags Non Leather,lens-bucket-bag-60300880-459,Denim,5,Y,Lens Bucket Bag,,,99,No Size,,gid://shopify/Product/7986521440346,lens-bucket-bag-60300880,SINGLETON_PARENT|NONSTANDARD_HANDLE
MIM-T-lens-bucket-bag,Lens Bucket Bag,Bags Non Leather,lens-bucket-bag-60301561-3637,Black Light Gold,6,Y,Lens Bucket Bag,,,129,No Size,,gid://shopify/Product/7986522456154,lens-bucket-bag-60301561,SINGLETON_PARENT|NONSTANDARD_HANDLE
MIM-T-lens-sling-crossbody-bag,Lens Sling Crossbody Bag,Bags Non Leather,lens-sling-crossbody-bag-60307943-1,Black,1,Y,Lens Sling Crossbody Bag,,,99,No Size,,gid://shopify/Product/7986357305434,lens-sling-crossbody-bag-60307943,SINGLETON_PARENT|NONSTANDARD_HANDLE|PRICE_VARIANCE
MIM-T-lens-sling-crossbody-bag,Lens Sling Crossbody Bag,Bags Non Leather,lens-sling-crossbody-bag-60307944-7508,Rouge Noir,2,Y,Lens Sling Crossbody Bag,,,99,No Size,,gid://shopify/Product/7986357534810,lens-sling-crossbody-bag-60307944,SINGLETON_PARENT|NONSTANDARD_HANDLE|PRICE_VARIANCE
MIM-T-lens-sling-crossbody-bag,Lens Sling Crossbody Bag,Bags Non Leather,lens-sling-crossbody-bag-60307996-1085,Alabaster,3,Y,Lens Sling Crossbody Bag,,,99,No Size,,gid://shopify/Product/7986355175514,lens-sling-crossbody-bag-60307996,SINGLETON_PARENT|NONSTANDARD_HANDLE|PRICE_VARIANCE
MIM-T-lens-sling-crossbody-bag,Lens Sling Crossbody Bag,Bags Non Leather,lens-sling-crossbody-bag-60300877-459,Denim,4,Y,Lens Sling Crossbody Bag,,,49,No Size,,gid://shopify/Product/7986520883290,lens-sling-crossbody-bag-60300877,SINGLETON_PARENT|NONSTANDARD_HANDLE|PRICE_VARIANCE
MIM-T-lens-sling-crossbody-bag,Lens Sling Crossbody Bag,Bags Non Leather,lens-sling-crossbody-bag-60300878-2348,Linen,5,Y,Lens Sling Crossbody Bag,,,69,No Size,,gid://shopify/Product/7986521079898,lens-sling-crossbody-bag-60300878,SINGLETON_PARENT|NONSTANDARD_HANDLE|PRICE_VARIANCE
MIM-T-lens-sling-crossbody-bag,Lens Sling Crossbody Bag,Bags Non Leather,lens-sling-crossbody-bag-60301560-3637,Black Light Gold,6,Y,Lens Sling Crossbody Bag,,,99,No Size,,gid://shopify/Product/7986522292314,lens-sling-crossbody-bag-60301560,SINGLETON_PARENT|NONSTANDARD_HANDLE|PRICE_VARIANCE
MIM-T-lyra-tote-bag,Lyra Tote Bag,Bags Non Leather,lyra-tote-bag-60313199-2154,Pink Stripe,1,Y,Lyra Tote Bag,,,129,No Size,,gid://shopify/Product/7986388566106,lyra-tote-bag-60313199,SINGLETON_PARENT|NONSTANDARD_HANDLE
MIM-T-lyra-tote-bag,Lyra Tote Bag,Bags Non Leather,lyra-tote-bag-60313202-3780,Blue Check,2,Y,Lyra Tote Bag,,,129,No Size,,gid://shopify/Product/7986388697178,lyra-tote-bag-60313202,SINGLETON_PARENT|NONSTANDARD_HANDLE
MIM-T-melrose-shoulder-bag,Melrose Shoulder Bag,Bags Non Leather,melrose-shoulder-bag-60297205-3637,Black Light Gold,1,Y,Melrose Shoulder Bag,,,109,No Size,,gid://shopify/Product/7986330304602,melrose-shoulder-bag-60297205,SINGLETON_PARENT|NONSTANDARD_HANDLE
MIM-T-melrose-shoulder-bag,Melrose Shoulder Bag,Bags Non Leather,melrose-shoulder-bag-60297208-705,Sandstone,2,Y,Melrose Shoulder Bag,,,109,No Size,,gid://shopify/Product/7986330566746,melrose-shoulder-bag-60297208,SINGLETON_PARENT|NONSTANDARD_HANDLE
MIM-T-melrose-shoulder-bag,Melrose Shoulder Bag,Bags Non Leather,melrose-shoulder-bag-60297209-901,Silver,3,Y,Melrose Shoulder Bag,,,109,No Size,,gid://shopify/Product/7986330697818,melrose-shoulder-bag-60297209,SINGLETON_PARENT|NONSTANDARD_HANDLE
MIM-T-metropolis-shoulder-bag,Metropolis Shoulder Bag,Bags Non Leather,metropolis-shoulder-bag-60295846-3637,Black Light Gold,1,Y,Metropolis Shoulder Bag,,,99,No Size,,gid://shopify/Product/7986513838170,metropolis-shoulder-bag-60295846,SINGLETON_PARENT|NONSTANDARD_HANDLE
MIM-T-metropolis-shoulder-bag,Metropolis Shoulder Bag,Bags Non Leather,metropolis-shoulder-bag-60295858-901,Silver,2,Y,Metropolis Shoulder Bag,,,99,No Size,,gid://shopify/Product/7986507481178,metropolis-shoulder-bag-60295858,SINGLETON_PARENT|NONSTANDARD_HANDLE
MIM-T-metropolis-shoulder-bag,Metropolis Shoulder Bag,Bags Non Leather,metropolis-shoulder-bag-60296839-3718,Light Gold,3,Y,Metropolis Shoulder Bag,,,99,No Size,,gid://shopify/Product/7986516983898,metropolis-shoulder-bag-60296839,SINGLETON_PARENT|NONSTANDARD_HANDLE
MIM-T-miami-tote-bag,Miami Tote Bag,Bags Non Leather,miami-tote-bag-60290096-3637,Black Light Gold,1,Y,Miami Tote Bag,,,69,No Size,,gid://shopify/Product/7986317983834,miami-tote-bag-60290096,SINGLETON_PARENT|NONSTANDARD_HANDLE
MIM-T-miami-tote-bag,Miami Tote Bag,Bags Non Leather,miami-tote-bag-60290097-6513,Sweet Pink,2,Y,Miami Tote Bag,,,69,No Size,,gid://shopify/Product/7986318147674,miami-tote-bag-60290097,SINGLETON_PARENT|NONSTANDARD_HANDLE
MIM-T-miami-tote-bag,Miami Tote Bag,Bags Non Leather,miami-tote-bag-60290100-7783,Spiced Apple,3,Y,Miami Tote Bag,,,49,No Size,,gid://shopify/Product/7986318311514,miami-tote-bag-60290100,SINGLETON_PARENT|NONSTANDARD_HANDLE
MIM-T-mim-cooler-bag,Mim Cooler Bag,Bags Non Leather,mim-cooler-bag-60313227-115,Natural,1,Y,Mim Cooler Bag,,,129,No Size,,gid://shopify/Product/7986387419226,mim-cooler-bag-60313227,SINGLETON_PARENT|NONSTANDARD_HANDLE
MIM-T-mim-cooler-bag,Mim Cooler Bag,Bags Non Leather,mim-cooler-bag-60313228-639,Flamingo,2,Y,Mim Cooler Bag,,,129,No Size,,gid://shopify/Product/7986387583066,mim-cooler-bag-60313228,SINGLETON_PARENT|NONSTANDARD_HANDLE
MIM-T-mim-gram-crescent-crossbody-bag,Mim-Gram Crescent Crossbody Bag,Bags Non Leather,mim-gram-crescent-crossbody-bag-60281089-3637,Black Light Gold,1,Y,Mim-Gram Crescent Crossbody Bag,,,99,No Size,,gid://shopify/Product/7986299371610,mim-gram-crescent-crossbody-bag-60281089,SINGLETON_PARENT|NONSTANDARD_HANDLE
MIM-T-mim-gram-crescent-crossbody-bag,Mim-Gram Crescent Crossbody Bag,Bags Non Leather,mim-gram-crescent-crossbody-bag-60281527-8078,Acid Lime,2,Y,Mim-Gram Crescent Crossbody Bag,,,99,No Size,,gid://shopify/Product/7986297667674,mim-gram-crescent-crossbody-bag-60281527,SINGLETON_PARENT|NONSTANDARD_HANDLE
MIM-T-mim-gram-crescent-crossbody-bag,Mim-Gram Crescent Crossbody Bag,Bags Non Leather,mim-gram-crescent-crossbody-bag-60281528-3031,Field Green,3,Y,Mim-Gram Crescent Crossbody Bag,,,99,No Size,,gid://shopify/Product/7986297897050,mim-gram-crescent-crossbody-bag-60281528,SINGLETON_PARENT|NONSTANDARD_HANDLE
MIM-T-mim-gram-crescent-crossbody-bag,Mim-Gram Crescent Crossbody Bag,Bags Non Leather,mim-gram-crescent-crossbody-bag-60281529-9921,Dahlia Pink,4,Y,Mim-Gram Crescent Crossbody Bag,,,99,No Size,,gid://shopify/Product/7986298060890,mim-gram-crescent-crossbody-bag-60281529,SINGLETON_PARENT|NONSTANDARD_HANDLE
MIM-T-mim-gram-crescent-crossbody-bag,Mim-Gram Crescent Crossbody Bag,Bags Non Leather,mim-gram-crescent-crossbody-bag-60283909-459,Denim,5,Y,Mim-Gram Crescent Crossbody Bag,,,99,No Size,,gid://shopify/Product/7986302222426,mim-gram-crescent-crossbody-bag-60283909,SINGLETON_PARENT|NONSTANDARD_HANDLE
MIM-T-mim-gram-crossbody-bag,Mim-Gram Crossbody Bag,Bags Non Leather,mim-gram-crossbody-bag-60274465-3637,Black Light Gold,1,Y,Mim-Gram Crossbody Bag,,,139,No Size,,gid://shopify/Product/7986289115226,mim-gram-crossbody-bag-60274465,SINGLETON_PARENT|NONSTANDARD_HANDLE|DUPLICATE_COLOUR
MIM-T-mim-gram-crossbody-bag,Mim-Gram Crossbody Bag,Bags Non Leather,mim-gram-crossbody-bag-60283908-459,Denim,2,Y,Mim-Gram Crossbody Bag,,,119,No Size,,gid://shopify/Product/7986302058586,mim-gram-crossbody-bag-60283908,SINGLETON_PARENT|NONSTANDARD_HANDLE|DUPLICATE_COLOUR
MIM-T-mim-gram-crossbody-bag,Mim-Gram Crossbody Bag,Bags Non Leather,mim-gram-crossbody-bag-60313595-3637,Black Light Gold,3,Y,Mim-Gram Crossbody Bag,,,129,No Size,,gid://shopify/Product/7986390106202,mim-gram-crossbody-bag-60313595,SINGLETON_PARENT|NONSTANDARD_HANDLE|DUPLICATE_COLOUR
MIM-T-mim-gram-crossbody-bag,Mim-Gram Crossbody Bag,Bags Non Leather,mim-gram-crossbody-bag-60313596-459,Denim,4,Y,Mim-Gram Crossbody Bag,,,129,No Size,,gid://shopify/Product/7986390270042,mim-gram-crossbody-bag-60313596,SINGLETON_PARENT|NONSTANDARD_HANDLE|DUPLICATE_COLOUR
MIM-T-mim-gram-mini-tote-bag,Mim-Gram Mini Tote Bag,Bags Non Leather,mim-gram-mini-tote-bag-60281532-9921,Dahlia Pink,1,Y,Mim-Gram Mini Tote Bag,,,139,No Size,,gid://shopify/Product/7986298257498,mim-gram-mini-tote-bag-60281532,SINGLETON_PARENT|NONSTANDARD_HANDLE
MIM-T-mim-gram-mini-tote-bag,Mim-Gram Mini Tote Bag,Bags Non Leather,mim-gram-mini-tote-bag-60281533-4084,Washed Denim,2,Y,Mim-Gram Mini Tote Bag,,,159,No Size,,gid://shopify/Product/7986298421338,mim-gram-mini-tote-bag-60281533,SINGLETON_PARENT|NONSTANDARD_HANDLE
MIM-T-mim-gram-mini-tote-bag,Mim-Gram Mini Tote Bag,Bags Non Leather,mim-gram-mini-tote-bag-60283910-459,Denim,3,Y,Mim-Gram Mini Tote Bag,,,129,No Size,,gid://shopify/Product/7986302353498,mim-gram-mini-tote-bag-60283910,SINGLETON_PARENT|NONSTANDARD_HANDLE
MIM-T-mim-gram-sparkle-crossbody-bag,Mim-Gram Sparkle Crossbody Bag,Bags Non Leather,mim-gram-sparkle-crossbody-bag-60288640-7897,Violet Swirl,1,Y,Mim-Gram Sparkle Crossbody Bag,,,99,No Size,,gid://shopify/Product/7986316247130,mim-gram-sparkle-crossbody-bag-60288640,SINGLETON_PARENT|NONSTANDARD_HANDLE
MIM-T-mim-gram-sparkle-crossbody-bag,Mim-Gram Sparkle Crossbody Bag,Bags Non Leather,mim-gram-sparkle-crossbody-bag-60290589-459,Denim,2,Y,Mim-Gram Sparkle Crossbody Bag,,,99,No Size,,gid://shopify/Product/7986322964570,mim-gram-sparkle-crossbody-bag-60290589,SINGLETON_PARENT|NONSTANDARD_HANDLE
MIM-T-mim-gram-tote-bag,Mim-Gram Tote Bag,Bags Non Leather,mim-gram-tote-bag-60274468-3637,Black Light Gold,1,Y,Mim-Gram Tote Bag,,,299,No Size,,gid://shopify/Product/7986289508442,mim-gram-tote-bag-60274468,SINGLETON_PARENT|NONSTANDARD_HANDLE|DUPLICATE_COLOUR|PRICE_VARIANCE
MIM-T-mim-gram-tote-bag,Mim-Gram Tote Bag,Bags Non Leather,mim-gram-tote-bag-60283911-459,Denim,2,Y,Mim-Gram Tote Bag,,,249,No Size,,gid://shopify/Product/7986302517338,mim-gram-tote-bag-60283911,SINGLETON_PARENT|NONSTANDARD_HANDLE|DUPLICATE_COLOUR|PRICE_VARIANCE
MIM-T-mim-gram-tote-bag,Mim-Gram Tote Bag,Bags Non Leather,mim-gram-tote-bag-60313593-3637,Black Light Gold,3,Y,Mim-Gram Tote Bag,,,199,No Size,,gid://shopify/Product/7986389745754,mim-gram-tote-bag-60313593,SINGLETON_PARENT|NONSTANDARD_HANDLE|DUPLICATE_COLOUR|PRICE_VARIANCE
MIM-T-mim-gram-tote-bag,Mim-Gram Tote Bag,Bags Non Leather,mim-gram-tote-bag-60313594-459,Denim,4,Y,Mim-Gram Tote Bag,,,199,No Size,,gid://shopify/Product/7986389942362,mim-gram-tote-bag-60313594,SINGLETON_PARENT|NONSTANDARD_HANDLE|DUPLICATE_COLOUR|PRICE_VARIANCE
MIM-T-mim-mazing-baby-backpack,Mim-Mazing Baby Backpack,Bags Non Leather,mim-mazing-baby-backpack-60258707-1492,Black Rose Gold,1,Y,Mim-Mazing Baby Backpack,,,149,No Size,,gid://shopify/Product/7986273878106,mim-mazing-baby-backpack-60258707,SINGLETON_PARENT|NONSTANDARD_HANDLE|SIZE_SCALE_DIFF
MIM-T-mim-mazing-baby-backpack,Mim-Mazing Baby Backpack,Bags Non Leather,mim-mazing-baby-backpack-60266388-9621,Black Gunmetal,2,Y,Mim-Mazing Baby Backpack,,,149,One Size,,gid://shopify/Product/7986278072410,mim-mazing-baby-backpack-60266388,SINGLETON_PARENT|NONSTANDARD_HANDLE|SIZE_SCALE_DIFF
MIM-T-mim-mazing-baby-bag,Mim-Mazing Baby Bag,Bags Non Leather,mim-mazing-baby-bag-60258708-1492,Black Rose Gold,1,Y,Mim-Mazing Baby Bag,,,249,No Size,,gid://shopify/Product/7986274173018,mim-mazing-baby-bag-60258708,SINGLETON_PARENT|NONSTANDARD_HANDLE|SIZE_SCALE_DIFF
MIM-T-mim-mazing-baby-bag,Mim-Mazing Baby Bag,Bags Non Leather,mim-mazing-baby-bag-60266387-9621,Black Gunmetal,2,Y,Mim-Mazing Baby Bag,,,249,One Size,,gid://shopify/Product/7986277908570,mim-mazing-baby-bag-60266387,SINGLETON_PARENT|NONSTANDARD_HANDLE|SIZE_SCALE_DIFF
MIM-T-mim-mazing-baby-bag,Mim-Mazing Baby Bag,Bags Non Leather,mim-mazing-baby-bag-60266801-9817,Lilac Marle,3,Y,Mim-Mazing Baby Bag,,,199,One Size,,gid://shopify/Product/7986279841882,mim-mazing-baby-bag-60266801,SINGLETON_PARENT|NONSTANDARD_HANDLE|SIZE_SCALE_DIFF
MIM-T-mim-micro-tote-crossbody-bag,Mim Micro Tote Crossbody Bag,Bags Non Leather,mim-micro-tote-crossbody-bag-60313233-115,Natural,1,Y,Mim Micro Tote Crossbody Bag,,,99,No Size,,gid://shopify/Product/7986388172890,mim-micro-tote-crossbody-bag-60313233,SINGLETON_PARENT|NONSTANDARD_HANDLE
MIM-T-mim-micro-tote-crossbody-bag,Mim Micro Tote Crossbody Bag,Bags Non Leather,mim-micro-tote-crossbody-bag-60313234-2683,Black White,2,Y,Mim Micro Tote Crossbody Bag,,,99,No Size,,gid://shopify/Product/7986388336730,mim-micro-tote-crossbody-bag-60313234,SINGLETON_PARENT|NONSTANDARD_HANDLE
MIM-T-mim-micro-tote-crossbody-bag,Mim Micro Tote Crossbody Bag,Bags Non Leather,mim-micro-tote-crossbody-bag-60313652-639,Flamingo,3,Y,Mim Micro Tote Crossbody Bag,,,99,No Size,,gid://shopify/Product/7986391515226,mim-micro-tote-crossbody-bag-60313652,SINGLETON_PARENT|NONSTANDARD_HANDLE
MIM-T-mim-tote-bag,Mim-Tote Bag,Bags Non Leather,mim-tote-bag-60270591-1492,Black Rose Gold,1,Y,Mim-Tote Bag,,,59,No Size,,gid://shopify/Product/7986286526554,mim-tote-bag-60270591,SINGLETON_PARENT|NONSTANDARD_HANDLE|PRICE_VARIANCE
MIM-T-mim-tote-bag,Mim-Tote Bag,Bags Non Leather,mim-tote-bag-60277307-2351,Almond,2,Y,Mim-Tote Bag,,,99,No Size,,gid://shopify/Product/7986292916314,mim-tote-bag-60277307,SINGLETON_PARENT|NONSTANDARD_HANDLE|PRICE_VARIANCE
MIM-T-mim-tote-bag,Mim-Tote Bag,Bags Non Leather,mim-tote-bag-60313236-115,Natural,3,Y,Mim Tote Bag,,,99,No Size,,gid://shopify/Product/7986388500570,mim-tote-bag-60313236,SINGLETON_PARENT|NONSTANDARD_HANDLE|PRICE_VARIANCE
MIM-T-mim-tote-bag,Mim-Tote Bag,Bags Non Leather,mim-tote-bag-60313237-2683,Black White,4,Y,Mim Tote Bag,,,99,No Size,,gid://shopify/Product/7986385420378,mim-tote-bag-60313237,SINGLETON_PARENT|NONSTANDARD_HANDLE|PRICE_VARIANCE
MIM-T-nextalgia-backpack-bag,Nextalgia Backpack Bag,Bags Non Leather,nextalgia-backpack-bag-60286128-3637,Black Light Gold,1,Y,Nextalgia Backpack Bag,,,149,No Size,,gid://shopify/Product/7986307792986,nextalgia-backpack-bag-60286128,SINGLETON_PARENT|NONSTANDARD_HANDLE
MIM-T-nextalgia-backpack-bag,Nextalgia Backpack Bag,Bags Non Leather,nextalgia-backpack-bag-60287832-4084,Washed Denim,2,Y,Nextalgia Backpack Bag,,,179,No Size,,gid://shopify/Product/7986313756762,nextalgia-backpack-bag-60287832,SINGLETON_PARENT|NONSTANDARD_HANDLE
MIM-T-nextalgia-crossbody-bag,Nextalgia Crossbody Bag,Bags Non Leather,nextalgia-crossbody-bag-60286691-7895,Pink Splash,1,Y,Nextalgia Crossbody Bag,,,139,No Size,,gid://shopify/Product/7986309202010,nextalgia-crossbody-bag-60286691,SINGLETON_PARENT|NONSTANDARD_HANDLE
MIM-T-nextalgia-crossbody-bag,Nextalgia Crossbody Bag,Bags Non Leather,nextalgia-crossbody-bag-60286122-3637,Black Light Gold,2,Y,Nextalgia Crossbody Bag,,,159,No Size,,gid://shopify/Product/7986310545498,nextalgia-crossbody-bag-60286122,SINGLETON_PARENT|NONSTANDARD_HANDLE
MIM-T-nextalgia-crossbody-bag,Nextalgia Crossbody Bag,Bags Non Leather,nextalgia-crossbody-bag-60286124-1510,Natural Black,3,Y,Nextalgia Crossbody Bag,,,159,No Size,,gid://shopify/Product/7986310742106,nextalgia-crossbody-bag-60286124,SINGLETON_PARENT|NONSTANDARD_HANDLE
MIM-T-nextalgia-crossbody-bag,Nextalgia Crossbody Bag,Bags Non Leather,nextalgia-crossbody-bag-60290089-2351,Almond,4,Y,Nextalgia Crossbody Bag,,,129,No Size,,gid://shopify/Product/7986317787226,nextalgia-crossbody-bag-60290089,SINGLETON_PARENT|NONSTANDARD_HANDLE
MIM-T-nextalgia-mini-tote-bag,Nextalgia Mini Tote Bag,Bags Non Leather,nextalgia-mini-tote-bag-60287830-3637,Black Light Gold,1,Y,Nextalgia Mini Tote Bag,,,159,No Size,,gid://shopify/Product/7986313461850,nextalgia-mini-tote-bag-60287830,SINGLETON_PARENT|NONSTANDARD_HANDLE
MIM-T-nextalgia-mini-tote-bag,Nextalgia Mini Tote Bag,Bags Non Leather,nextalgia-mini-tote-bag-60287831-4084,Washed Denim,2,Y,Nextalgia Mini Tote Bag,,,159,No Size,,gid://shopify/Product/7986313625690,nextalgia-mini-tote-bag-60287831,SINGLETON_PARENT|NONSTANDARD_HANDLE
MIM-T-nextalgia-mini-tote-bag,Nextalgia Mini Tote Bag,Bags Non Leather,nextalgia-mini-tote-bag-60290087-7783,Spiced Apple,3,Y,Nextalgia Mini Tote Bag,,,119,No Size,,gid://shopify/Product/7986317688922,nextalgia-mini-tote-bag-60290087,SINGLETON_PARENT|NONSTANDARD_HANDLE
MIM-T-nextalgia-phone-crossbody-bag,Nextalgia Phone Crossbody Bag,Bags Non Leather,nextalgia-phone-crossbody-bag-60286692-7895,Pink Splash,1,Y,Nextalgia Phone Crossbody Bag,,,99,No Size,,gid://shopify/Product/7986309365850,nextalgia-phone-crossbody-bag-60286692,SINGLETON_PARENT|NONSTANDARD_HANDLE|PRICE_VARIANCE
MIM-T-nextalgia-phone-crossbody-bag,Nextalgia Phone Crossbody Bag,Bags Non Leather,nextalgia-phone-crossbody-bag-60286125-3637,Black Light Gold,2,Y,Nextalgia Phone Crossbody Bag,,,109,No Size,,gid://shopify/Product/7986310905946,nextalgia-phone-crossbody-bag-60286125,SINGLETON_PARENT|NONSTANDARD_HANDLE|PRICE_VARIANCE
MIM-T-nextalgia-phone-crossbody-bag,Nextalgia Phone Crossbody Bag,Bags Non Leather,nextalgia-phone-crossbody-bag-60286126-7911,Spiced Chartreuse,3,Y,Nextalgia Phone Crossbody Bag,,,69,No Size,,gid://shopify/Product/7986311037018,nextalgia-phone-crossbody-bag-60286126,SINGLETON_PARENT|NONSTANDARD_HANDLE|PRICE_VARIANCE
MIM-T-nextalgia-phone-crossbody-bag,Nextalgia Phone Crossbody Bag,Bags Non Leather,nextalgia-phone-crossbody-bag-60287833-4084,Washed Denim,4,Y,Nextalgia Phone Crossbody Bag,,,109,No Size,,gid://shopify/Product/7986313920602,nextalgia-phone-crossbody-bag-60287833,SINGLETON_PARENT|NONSTANDARD_HANDLE|PRICE_VARIANCE
MIM-T-nextalgia-phone-crossbody-bag,Nextalgia Phone Crossbody Bag,Bags Non Leather,nextalgia-phone-crossbody-bag-60290083-7783,Spiced Apple,5,Y,Nextalgia Phone Crossbody Bag,,,89,No Size,,gid://shopify/Product/7986317361242,nextalgia-phone-crossbody-bag-60290083,SINGLETON_PARENT|NONSTANDARD_HANDLE|PRICE_VARIANCE
MIM-T-nextalgia-shoulder-bag,Nextalgia Shoulder Bag,Bags Non Leather,nextalgia-shoulder-bag-60286695-3637,Black Light Gold,1,Y,Nextalgia Shoulder Bag,,,99,No Size,,gid://shopify/Product/7986309529690,nextalgia-shoulder-bag-60286695,SINGLETON_PARENT|NONSTANDARD_HANDLE
MIM-T-nextalgia-shoulder-bag,Nextalgia Shoulder Bag,Bags Non Leather,nextalgia-shoulder-bag-60287834-4084,Washed Denim,2,Y,Nextalgia Shoulder Bag,,,109,No Size,,gid://shopify/Product/7986314084442,nextalgia-shoulder-bag-60287834,SINGLETON_PARENT|NONSTANDARD_HANDLE
MIM-T-nextalgia-shoulder-bag,Nextalgia Shoulder Bag,Bags Non Leather,nextalgia-shoulder-bag-60290085-2351,Almond,3,Y,Nextalgia Shoulder Bag,,,119,No Size,,gid://shopify/Product/7986317525082,nextalgia-shoulder-bag-60290085,SINGLETON_PARENT|NONSTANDARD_HANDLE
MIM-T-northcote-camera-crossbody-bag,Northcote Camera Crossbody Bag,Bags Non Leather,northcote-camera-crossbody-bag-60299121-100,White,1,Y,Northcote Camera Crossbody Bag,,,149,No Size,,gid://shopify/Product/7986341118042,northcote-camera-crossbody-bag-60299121,SINGLETON_PARENT|NONSTANDARD_HANDLE|PRICE_VARIANCE
MIM-T-northcote-camera-crossbody-bag,Northcote Camera Crossbody Bag,Bags Non Leather,northcote-camera-crossbody-bag-60306514-459,Denim,2,Y,Northcote Camera Crossbody Bag,,,119,No Size,,gid://shopify/Product/7986351079514,northcote-camera-crossbody-bag-60306514,SINGLETON_PARENT|NONSTANDARD_HANDLE|PRICE_VARIANCE
MIM-T-northcote-camera-crossbody-bag,Northcote Camera Crossbody Bag,Bags Non Leather,northcote-camera-crossbody-bag-60307817-185,Dark Olive,3,Y,Northcote Camera Crossbody Bag,,,129,No Size,,gid://shopify/Product/7986356682842,northcote-camera-crossbody-bag-60307817,SINGLETON_PARENT|NONSTANDARD_HANDLE|PRICE_VARIANCE
MIM-T-northcote-camera-crossbody-bag,Northcote Camera Crossbody Bag,Bags Non Leather,northcote-camera-crossbody-bag-60307994-9599,Fawn,4,Y,Northcote Camera Crossbody Bag,,,99,No Size,,gid://shopify/Product/7986357960794,northcote-camera-crossbody-bag-60307994,SINGLETON_PARENT|NONSTANDARD_HANDLE|PRICE_VARIANCE
MIM-T-northcote-camera-crossbody-bag,Northcote Camera Crossbody Bag,Bags Non Leather,northcote-camera-crossbody-bag-60310174-4065,Dusty Blue,5,Y,Northcote Camera Crossbody Bag,,,99,No Size,,gid://shopify/Product/7986368774234,northcote-camera-crossbody-bag-60310174,SINGLETON_PARENT|NONSTANDARD_HANDLE|PRICE_VARIANCE
MIM-T-northcote-camera-crossbody-bag,Northcote Camera Crossbody Bag,Bags Non Leather,northcote-camera-crossbody-bag-60312182-115,Natural,6,Y,Northcote Camera Crossbody Bag,,,79,No Size,,gid://shopify/Product/7986382405722,northcote-camera-crossbody-bag-60312182,SINGLETON_PARENT|NONSTANDARD_HANDLE|PRICE_VARIANCE
MIM-T-northcote-camera-crossbody-bag,Northcote Camera Crossbody Bag,Bags Non Leather,northcote-camera-crossbody-bag-60312183-982,Walnut,7,Y,Northcote Camera Crossbody Bag,,,79,No Size,,gid://shopify/Product/7986382536794,northcote-camera-crossbody-bag-60312183,SINGLETON_PARENT|NONSTANDARD_HANDLE|PRICE_VARIANCE
MIM-T-northcote-camera-crossbody-bag,Northcote Camera Crossbody Bag,Bags Non Leather,northcote-camera-crossbody-bag-60301248-2683,Black White,8,Y,Northcote Camera Crossbody Bag,,,99,No Size,,gid://shopify/Product/7986526945370,northcote-camera-crossbody-bag-60301248,SINGLETON_PARENT|NONSTANDARD_HANDLE|PRICE_VARIANCE
MIM-T-parker-crescent-crossbody-bag,Parker Crescent Crossbody Bag,Bags Non Leather,parker-crescent-crossbody-bag-60305903-55,Fog,1,Y,Parker Crescent Crossbody Bag,,,69,No Size,,gid://shopify/Product/7986346131546,parker-crescent-crossbody-bag-60305903,SINGLETON_PARENT|NONSTANDARD_HANDLE
MIM-T-parker-crescent-crossbody-bag,Parker Crescent Crossbody Bag,Bags Non Leather,parker-crescent-crossbody-bag-60305904-1085,Alabaster,2,Y,Parker Crescent Crossbody Bag,,,99,No Size,,gid://shopify/Product/7986346295386,parker-crescent-crossbody-bag-60305904,SINGLETON_PARENT|NONSTANDARD_HANDLE
MIM-T-parker-crescent-crossbody-bag,Parker Crescent Crossbody Bag,Bags Non Leather,parker-crescent-crossbody-bag-60305905-263,Biscuit,3,Y,Parker Crescent Crossbody Bag,,,99,No Size,,gid://shopify/Product/7986346459226,parker-crescent-crossbody-bag-60305905,SINGLETON_PARENT|NONSTANDARD_HANDLE
MIM-T-patch-crossbody-bag,Patch Crossbody Bag,Bags Non Leather,patch-crossbody-bag-60299614-974,Caramel,1,Y,Patch Crossbody Bag,,,79,No Size,,gid://shopify/Product/7986341642330,patch-crossbody-bag-60299614,SINGLETON_PARENT|NONSTANDARD_HANDLE|PRICE_VARIANCE
MIM-T-patch-crossbody-bag,Patch Crossbody Bag,Bags Non Leather,patch-crossbody-bag-60299615-1951,Metallic Blue,2,Y,Patch Crossbody Bag,,,49,No Size,,gid://shopify/Product/7986341838938,patch-crossbody-bag-60299615,SINGLETON_PARENT|NONSTANDARD_HANDLE|PRICE_VARIANCE
MIM-T-patch-crossbody-bag,Patch Crossbody Bag,Bags Non Leather,patch-crossbody-bag-60308000-598,Dusty Rose,3,Y,Patch Crossbody Bag,,,99,No Size,,gid://shopify/Product/7986355863642,patch-crossbody-bag-60308000,SINGLETON_PARENT|NONSTANDARD_HANDLE|PRICE_VARIANCE
MIM-T-patch-crossbody-bag,Patch Crossbody Bag,Bags Non Leather,patch-crossbody-bag-60309192-459,Denim,4,Y,Patch Crossbody Bag,,,79,No Size,,gid://shopify/Product/7986366873690,patch-crossbody-bag-60309192,SINGLETON_PARENT|NONSTANDARD_HANDLE|PRICE_VARIANCE
MIM-T-patch-crossbody-bag,Patch Crossbody Bag,Bags Non Leather,patch-crossbody-bag-60309637-2683,Black White,5,Y,Patch Crossbody Bag,,,79,No Size,,gid://shopify/Product/7986371002458,patch-crossbody-bag-60309637,SINGLETON_PARENT|NONSTANDARD_HANDLE|PRICE_VARIANCE
MIM-T-patch-crossbody-bag,Patch Crossbody Bag,Bags Non Leather,patch-crossbody-bag-60310179-202,Bitter Chocolate,6,Y,Patch Crossbody Bag,,,79,No Size,,gid://shopify/Product/7986369593434,patch-crossbody-bag-60310179,SINGLETON_PARENT|NONSTANDARD_HANDLE|PRICE_VARIANCE
MIM-T-patch-crossbody-bag,Patch Crossbody Bag,Bags Non Leather,patch-crossbody-bag-60312077-1,Black,7,Y,Patch Crossbody Bag,,,79,No Size,,gid://shopify/Product/7986380472410,patch-crossbody-bag-60312077,SINGLETON_PARENT|NONSTANDARD_HANDLE|PRICE_VARIANCE
MIM-T-patch-crossbody-bag,Patch Crossbody Bag,Bags Non Leather,patch-crossbody-bag-60312078-332,Willow,8,Y,Patch Crossbody Bag,,,79,No Size,,gid://shopify/Product/7986380669018,patch-crossbody-bag-60312078,SINGLETON_PARENT|NONSTANDARD_HANDLE|PRICE_VARIANCE
MIM-T-patch-crossbody-bag,Patch Crossbody Bag,Bags Non Leather,patch-crossbody-bag-60314423-657,Petal,9,Y,Patch Crossbody Bag,,,79,No Size,,gid://shopify/Product/7986399838298,patch-crossbody-bag-60314423,SINGLETON_PARENT|NONSTANDARD_HANDLE|PRICE_VARIANCE
MIM-T-patch-crossbody-bag,Patch Crossbody Bag,Bags Non Leather,patch-crossbody-bag-60302307-9621,Black Gunmetal,10,Y,Patch Crossbody Bag,,,79,No Size,,gid://shopify/Product/7986521505882,patch-crossbody-bag-60302307,SINGLETON_PARENT|NONSTANDARD_HANDLE|PRICE_VARIANCE
MIM-T-patch-micro-tote-bag,Patch Micro Tote Bag,Bags Non Leather,patch-micro-tote-bag-60292384-3718,Light Gold,1,Y,Patch Micro Tote Bag,,,129,No Size,,gid://shopify/Product/7986501353562,patch-micro-tote-bag-60292384,SINGLETON_PARENT|NONSTANDARD_HANDLE
MIM-T-patch-micro-tote-bag,Patch Micro Tote Bag,Bags Non Leather,patch-micro-tote-bag-60292385-9621,Black Gunmetal,2,Y,Patch Micro Tote Bag,,,129,No Size,,gid://shopify/Product/7986501484634,patch-micro-tote-bag-60292385,SINGLETON_PARENT|NONSTANDARD_HANDLE
MIM-T-patch-mini-tote-bag,Patch Mini Tote Bag,Bags Non Leather,patch-mini-tote-bag-60299612-974,Caramel,1,Y,Patch Mini Tote Bag,,,129,No Size,,gid://shopify/Product/7986344558682,patch-mini-tote-bag-60299612,OVERSIZED|SINGLETON_PARENT|NONSTANDARD_HANDLE|PRICE_VARIANCE
MIM-T-patch-mini-tote-bag,Patch Mini Tote Bag,Bags Non Leather,patch-mini-tote-bag-60299613-1951,Metallic Blue,2,Y,Patch Mini Tote Bag,,,149,No Size,,gid://shopify/Product/7986344689754,patch-mini-tote-bag-60299613,OVERSIZED|SINGLETON_PARENT|NONSTANDARD_HANDLE|PRICE_VARIANCE
MIM-T-patch-mini-tote-bag,Patch Mini Tote Bag,Bags Non Leather,patch-mini-tote-bag-60306520-6,Raven,3,Y,Patch Mini Tote Bag,,,129,No Size,,gid://shopify/Product/7986348720218,patch-mini-tote-bag-60306520,OVERSIZED|SINGLETON_PARENT|NONSTANDARD_HANDLE|PRICE_VARIANCE
MIM-T-patch-mini-tote-bag,Patch Mini Tote Bag,Bags Non Leather,patch-mini-tote-bag-60307932-598,Dusty Rose,4,Y,Patch Mini Tote Bag,,,159,No Size,,gid://shopify/Product/7986356256858,patch-mini-tote-bag-60307932,OVERSIZED|SINGLETON_PARENT|NONSTANDARD_HANDLE|PRICE_VARIANCE
MIM-T-patch-mini-tote-bag,Patch Mini Tote Bag,Bags Non Leather,patch-mini-tote-bag-60308003-3024,Forest,5,Y,Patch Mini Tote Bag,,,129,No Size,,gid://shopify/Product/7986356420698,patch-mini-tote-bag-60308003,OVERSIZED|SINGLETON_PARENT|NONSTANDARD_HANDLE|PRICE_VARIANCE
MIM-T-patch-mini-tote-bag,Patch Mini Tote Bag,Bags Non Leather,patch-mini-tote-bag-60309191-459,Denim,6,Y,Patch Mini Tote Bag,,,129,No Size,,gid://shopify/Product/7986366742618,patch-mini-tote-bag-60309191,OVERSIZED|SINGLETON_PARENT|NONSTANDARD_HANDLE|PRICE_VARIANCE
MIM-T-patch-mini-tote-bag,Patch Mini Tote Bag,Bags Non Leather,patch-mini-tote-bag-60309636-2683,Black White,7,Y,Patch Mini Tote Bag,,,149,No Size,,gid://shopify/Product/7986370838618,patch-mini-tote-bag-60309636,OVERSIZED|SINGLETON_PARENT|NONSTANDARD_HANDLE|PRICE_VARIANCE
MIM-T-patch-mini-tote-bag,Patch Mini Tote Bag,Bags Non Leather,patch-mini-tote-bag-60310178-202,Bitter Chocolate,8,Y,Patch Mini Tote Bag,,,149,No Size,,gid://shopify/Product/7986369396826,patch-mini-tote-bag-60310178,OVERSIZED|SINGLETON_PARENT|NONSTANDARD_HANDLE|PRICE_VARIANCE
MIM-T-patch-mini-tote-bag,Patch Mini Tote Bag,Bags Non Leather,patch-mini-tote-bag-60312075-1,Black,9,Y,Patch Mini Tote Bag,,,249.95,No Size,,gid://shopify/Product/7986380210266,patch-mini-tote-bag-60312075,OVERSIZED|SINGLETON_PARENT|NONSTANDARD_HANDLE|PRICE_VARIANCE
MIM-T-patch-mini-tote-bag,Patch Mini Tote Bag,Bags Non Leather,patch-mini-tote-bag-60312076-332,Willow,10,Y,Patch Mini Tote Bag,,,149,No Size,,gid://shopify/Product/7986380308570,patch-mini-tote-bag-60312076,OVERSIZED|SINGLETON_PARENT|NONSTANDARD_HANDLE|PRICE_VARIANCE
MIM-T-patch-mini-tote-bag,Patch Mini Tote Bag,Bags Non Leather,patch-mini-tote-bag-60313619-657,Petal,11,Y,Patch Mini Tote Bag,,,149,No Size,,gid://shopify/Product/7986391253082,patch-mini-tote-bag-60313619,OVERSIZED|SINGLETON_PARENT|NONSTANDARD_HANDLE|PRICE_VARIANCE
MIM-T-patch-mini-tote-bag,Patch Mini Tote Bag,Bags Non Leather,patch-mini-tote-bag-60314873-1421,Leopard,12,Y,Patch Mini Tote Bag,,,249.95,No Size,,gid://shopify/Product/7986400723034,patch-mini-tote-bag-60314873,OVERSIZED|SINGLETON_PARENT|NONSTANDARD_HANDLE|PRICE_VARIANCE
MIM-T-patch-mini-tote-bag,Patch Mini Tote Bag,Bags Non Leather,patch-mini-tote-bag-60314875-115,Natural,13,Y,Patch Mini Tote Bag,,,149,No Size,,gid://shopify/Product/7986401017946,patch-mini-tote-bag-60314875,OVERSIZED|SINGLETON_PARENT|NONSTANDARD_HANDLE|PRICE_VARIANCE
MIM-T-patch-mini-tote-bag,Patch Mini Tote Bag,Bags Non Leather,patch-mini-tote-bag-60292358-9621,Black Gunmetal,14,Y,Patch Mini Tote Bag,,,149,No Size,,gid://shopify/Product/7986500304986,patch-mini-tote-bag-60292358,OVERSIZED|SINGLETON_PARENT|NONSTANDARD_HANDLE|PRICE_VARIANCE
MIM-T-patch-mini-tote-bag,Patch Mini Tote Bag,Bags Non Leather,patch-mini-tote-bag-60292360-3718,Light Gold,15,Y,Patch Mini Tote Bag,,,179,No Size,,gid://shopify/Product/7986500665434,patch-mini-tote-bag-60292360,OVERSIZED|SINGLETON_PARENT|NONSTANDARD_HANDLE|PRICE_VARIANCE
MIM-T-patch-tote-bag,Patch Tote Bag,Bags Non Leather,patch-tote-bag-60299610-974,Caramel,1,Y,Patch Tote Bag,,,179,No Size,,gid://shopify/Product/7986344231002,patch-tote-bag-60299610,OVERSIZED|SINGLETON_PARENT|NONSTANDARD_HANDLE|PRICE_VARIANCE
MIM-T-patch-tote-bag,Patch Tote Bag,Bags Non Leather,patch-tote-bag-60299611-1951,Metallic Blue,2,Y,Patch Tote Bag,,,149,No Size,,gid://shopify/Product/7986344394842,patch-tote-bag-60299611,OVERSIZED|SINGLETON_PARENT|NONSTANDARD_HANDLE|PRICE_VARIANCE
MIM-T-patch-tote-bag,Patch Tote Bag,Bags Non Leather,patch-tote-bag-60306519-6,Raven,3,Y,Patch Tote Bag,,,159,No Size,,gid://shopify/Product/7986348589146,patch-tote-bag-60306519,OVERSIZED|SINGLETON_PARENT|NONSTANDARD_HANDLE|PRICE_VARIANCE
MIM-T-patch-tote-bag,Patch Tote Bag,Bags Non Leather,patch-tote-bag-60308001-598,Dusty Rose,4,Y,Patch Tote Bag,,,199,No Size,,gid://shopify/Product/7986356027482,patch-tote-bag-60308001,OVERSIZED|SINGLETON_PARENT|NONSTANDARD_HANDLE|PRICE_VARIANCE
MIM-T-patch-tote-bag,Patch Tote Bag,Bags Non Leather,patch-tote-bag-60308002-3024,Forest,5,Y,Patch Tote Bag,,,159,No Size,,gid://shopify/Product/7986356191322,patch-tote-bag-60308002,OVERSIZED|SINGLETON_PARENT|NONSTANDARD_HANDLE|PRICE_VARIANCE
MIM-T-patch-tote-bag,Patch Tote Bag,Bags Non Leather,patch-tote-bag-60309190-459,Denim,6,Y,Patch Tote Bag,,,159,No Size,,gid://shopify/Product/7986366578778,patch-tote-bag-60309190,OVERSIZED|SINGLETON_PARENT|NONSTANDARD_HANDLE|PRICE_VARIANCE
MIM-T-patch-tote-bag,Patch Tote Bag,Bags Non Leather,patch-tote-bag-60309634-2683,Black White,7,Y,Patch Tote Bag,,,179,No Size,,gid://shopify/Product/7986370707546,patch-tote-bag-60309634,OVERSIZED|SINGLETON_PARENT|NONSTANDARD_HANDLE|PRICE_VARIANCE
MIM-T-patch-tote-bag,Patch Tote Bag,Bags Non Leather,patch-tote-bag-60310177-202,Bitter Chocolate,8,Y,Patch Tote Bag,,,179,No Size,,gid://shopify/Product/7986369232986,patch-tote-bag-60310177,OVERSIZED|SINGLETON_PARENT|NONSTANDARD_HANDLE|PRICE_VARIANCE
MIM-T-patch-tote-bag,Patch Tote Bag,Bags Non Leather,patch-tote-bag-60312074-332,Willow,9,Y,Patch Tote Bag,,,179,No Size,,gid://shopify/Product/7986380079194,patch-tote-bag-60312074,OVERSIZED|SINGLETON_PARENT|NONSTANDARD_HANDLE|PRICE_VARIANCE
MIM-T-patch-tote-bag,Patch Tote Bag,Bags Non Leather,patch-tote-bag-60312467-1,Black,10,Y,Patch Tote Bag,,,299.95,No Size,,gid://shopify/Product/7986383519834,patch-tote-bag-60312467,OVERSIZED|SINGLETON_PARENT|NONSTANDARD_HANDLE|PRICE_VARIANCE
MIM-T-patch-tote-bag,Patch Tote Bag,Bags Non Leather,patch-tote-bag-60313618-657,Petal,11,Y,Patch Tote Bag,,,179,No Size,,gid://shopify/Product/7986391089242,patch-tote-bag-60313618,OVERSIZED|SINGLETON_PARENT|NONSTANDARD_HANDLE|PRICE_VARIANCE
MIM-T-patch-tote-bag,Patch Tote Bag,Bags Non Leather,patch-tote-bag-60314879-1421,Leopard,12,Y,Patch Tote Bag,,,299.95,No Size,,gid://shopify/Product/7986401345626,patch-tote-bag-60314879,OVERSIZED|SINGLETON_PARENT|NONSTANDARD_HANDLE|PRICE_VARIANCE
MIM-T-patch-tote-bag,Patch Tote Bag,Bags Non Leather,patch-tote-bag-60314878-115,Natural,13,Y,Patch Tote Bag,,,179,No Size,,gid://shopify/Product/7986401181786,patch-tote-bag-60314878,OVERSIZED|SINGLETON_PARENT|NONSTANDARD_HANDLE|PRICE_VARIANCE
MIM-T-patch-tote-bag,Patch Tote Bag,Bags Non Leather,patch-tote-bag-60292357-9621,Black Gunmetal,14,Y,Patch Tote Bag,,,179,No Size,,gid://shopify/Product/7986500141146,patch-tote-bag-60292357,OVERSIZED|SINGLETON_PARENT|NONSTANDARD_HANDLE|PRICE_VARIANCE
MIM-T-patch-tote-bag,Patch Tote Bag,Bags Non Leather,patch-tote-bag-60292359-3718,Light Gold,15,Y,Patch Tote Bag,,,199,No Size,,gid://shopify/Product/7986500436058,patch-tote-bag-60292359,OVERSIZED|SINGLETON_PARENT|NONSTANDARD_HANDLE|PRICE_VARIANCE
MIM-T-poolparty-tote-bag,Poolparty Tote Bag,Bags Non Leather,poolparty-tote-bag-60300092-459,Denim,1,Y,Poolparty Tote Bag,,,39,No Size,,gid://shopify/Product/7986515607642,poolparty-tote-bag-60300092,SINGLETON_PARENT|NONSTANDARD_HANDLE|PRICE_VARIANCE
MIM-T-poolparty-tote-bag,Poolparty Tote Bag,Bags Non Leather,poolparty-tote-bag-60300096-115,Natural,2,Y,Poolparty Tote Bag,,,39,No Size,,gid://shopify/Product/7986515804250,poolparty-tote-bag-60300096,SINGLETON_PARENT|NONSTANDARD_HANDLE|PRICE_VARIANCE
MIM-T-poolparty-tote-bag,Poolparty Tote Bag,Bags Non Leather,poolparty-tote-bag-60301638-1,Black,3,Y,Poolparty Tote Bag,,,59,No Size,,gid://shopify/Product/7986524455002,poolparty-tote-bag-60301638,SINGLETON_PARENT|NONSTANDARD_HANDLE|PRICE_VARIANCE
MIM-T-prickly-pear-crossbody-bag,Prickly Pear Crossbody Bag,Bags Non Leather,prickly-pear-crossbody-bag-60287708-3637,Black Light Gold,1,Y,Prickly Pear Crossbody Bag,,,149,No Size,,gid://shopify/Product/7986310774874,prickly-pear-crossbody-bag-60287708,SINGLETON_PARENT|NONSTANDARD_HANDLE
MIM-T-prickly-pear-crossbody-bag,Prickly Pear Crossbody Bag,Bags Non Leather,prickly-pear-crossbody-bag-60287709-974,Caramel,2,Y,Prickly Pear Crossbody Bag,,,149,No Size,,gid://shopify/Product/7986310938714,prickly-pear-crossbody-bag-60287709,SINGLETON_PARENT|NONSTANDARD_HANDLE
MIM-T-prickly-pear-mini-tote-bag,Prickly Pear Mini Tote Bag,Bags Non Leather,prickly-pear-mini-tote-bag-60287712-3637,Black Light Gold,1,Y,Prickly Pear Mini Tote Bag,,,179,No Size,,gid://shopify/Product/7986311168090,prickly-pear-mini-tote-bag-60287712,SINGLETON_PARENT|NONSTANDARD_HANDLE
MIM-T-prickly-pear-mini-tote-bag,Prickly Pear Mini Tote Bag,Bags Non Leather,prickly-pear-mini-tote-bag-60287714-974,Caramel,2,Y,Prickly Pear Mini Tote Bag,,,179,No Size,,gid://shopify/Product/7986311331930,prickly-pear-mini-tote-bag-60287714,SINGLETON_PARENT|NONSTANDARD_HANDLE
MIM-T-puffy-nylon-crossbody-bag,Puffy Nylon Crossbody Bag,Bags Non Leather,puffy-nylon-crossbody-bag-60300863-1,Black,1,Y,Puffy Nylon Crossbody Bag,,,39,No Size,,gid://shopify/Product/7986520719450,puffy-nylon-crossbody-bag-60300863,SINGLETON_PARENT|NONSTANDARD_HANDLE
MIM-T-puffy-nylon-crossbody-bag,Puffy Nylon Crossbody Bag,Bags Non Leather,puffy-nylon-crossbody-bag-60300864-2155,Mandarin,2,Y,Puffy Nylon Crossbody Bag,,,39,No Size,,gid://shopify/Product/7986520752218,puffy-nylon-crossbody-bag-60300864,SINGLETON_PARENT|NONSTANDARD_HANDLE
MIM-T-rockbird-fringe-shoulder-bag,Rockbird Fringe Shoulder Bag,Bags Non Leather,rockbird-fringe-shoulder-bag-60312168-1,Black,1,Y,Rockbird Fringe Shoulder Bag,,,69,No Size,,gid://shopify/Product/7986384928858,rockbird-fringe-shoulder-bag-60312168,SINGLETON_PARENT|NONSTANDARD_HANDLE
MIM-T-rockbird-fringe-shoulder-bag,Rockbird Fringe Shoulder Bag,Bags Non Leather,rockbird-fringe-shoulder-bag-60312169-6697,Hot Pink,2,Y,Rockbird Fringe Shoulder Bag,,,69,No Size,,gid://shopify/Product/7986385125466,rockbird-fringe-shoulder-bag-60312169,SINGLETON_PARENT|NONSTANDARD_HANDLE
MIM-T-sadie-shoulder-bag,Sadie Shoulder Bag,Bags Non Leather,sadie-shoulder-bag-60286177-297,Clear,1,Y,Sadie Shoulder Bag,,,149,No Size,,gid://shopify/Product/7986309234778,sadie-shoulder-bag-60286177,SINGLETON_PARENT|NONSTANDARD_HANDLE|DUPLICATE_COLOUR
MIM-T-sadie-shoulder-bag,Sadie Shoulder Bag,Bags Non Leather,sadie-shoulder-bag-60287307-7900,Purple Halo,2,Y,Sadie Shoulder Bag,,,149,No Size,,gid://shopify/Product/7986309169242,sadie-shoulder-bag-60287307,SINGLETON_PARENT|NONSTANDARD_HANDLE|DUPLICATE_COLOUR
MIM-T-sadie-shoulder-bag,Sadie Shoulder Bag,Bags Non Leather,sadie-shoulder-bag-60287748-297,Clear,3,Y,Sadie Shoulder Bag,,,149,No Size,,gid://shopify/Product/7986312642650,sadie-shoulder-bag-60287748,SINGLETON_PARENT|NONSTANDARD_HANDLE|DUPLICATE_COLOUR
MIM-T-sadie-shoulder-bag,Sadie Shoulder Bag,Bags Non Leather,sadie-shoulder-bag-60287798-9621,Black Gunmetal,4,Y,Sadie Shoulder Bag,,,149,No Size,,gid://shopify/Product/7986311823450,sadie-shoulder-bag-60287798,SINGLETON_PARENT|NONSTANDARD_HANDLE|DUPLICATE_COLOUR
MIM-T-serenity-carry-all-tote-bag,Serenity Carry All Tote Bag,Bags Non Leather,serenity-carry-all-tote-bag-60270567-1492,Black Rose Gold,1,Y,Serenity Carry All Tote Bag,,,179,No Size,,gid://shopify/Product/7986285740122,serenity-carry-all-tote-bag-60270567,SINGLETON_PARENT|NONSTANDARD_HANDLE
MIM-T-serenity-carry-all-tote-bag,Serenity Carry All Tote Bag,Bags Non Leather,serenity-carry-all-tote-bag-60270573-448,Navy,2,Y,Serenity Carry All Tote Bag,,,149,No Size,,gid://shopify/Product/7986285871194,serenity-carry-all-tote-bag-60270573,SINGLETON_PARENT|NONSTANDARD_HANDLE
MIM-T-serenity-crescent-crossbody-bag,Serenity Crescent Crossbody Bag,Bags Non Leather,serenity-crescent-crossbody-bag-60270575-1492,Black Rose Gold,1,Y,Serenity Crescent Crossbody Bag,,,129,No Size,,gid://shopify/Product/7986286002266,serenity-crescent-crossbody-bag-60270575,SINGLETON_PARENT|NONSTANDARD_HANDLE|DUPLICATE_COLOUR|PRICE_VARIANCE
MIM-T-serenity-crescent-crossbody-bag,Serenity Crescent Crossbody Bag,Bags Non Leather,serenity-crescent-crossbody-bag-60270577-2351,Almond,2,Y,Serenity Crescent Crossbody Bag,,,149,No Size,,gid://shopify/Product/7986286133338,serenity-crescent-crossbody-bag-60270577,SINGLETON_PARENT|NONSTANDARD_HANDLE|DUPLICATE_COLOUR|PRICE_VARIANCE
MIM-T-serenity-crescent-crossbody-bag,Serenity Crescent Crossbody Bag,Bags Non Leather,serenity-crescent-crossbody-bag-60270580-9271,Mushroom Grey,3,Y,Serenity Crescent Crossbody Bag,,,99,No Size,,gid://shopify/Product/7986286264410,serenity-crescent-crossbody-bag-60270580,SINGLETON_PARENT|NONSTANDARD_HANDLE|DUPLICATE_COLOUR|PRICE_VARIANCE
MIM-T-serenity-crescent-crossbody-bag,Serenity Crescent Crossbody Bag,Bags Non Leather,serenity-crescent-crossbody-bag-60284950-1492,Black Rose Gold,4,Y,Serenity Crescent Crossbody Bag,,,129,No Size,,gid://shopify/Product/7986306056282,serenity-crescent-crossbody-bag-60284950,SINGLETON_PARENT|NONSTANDARD_HANDLE|DUPLICATE_COLOUR|PRICE_VARIANCE
MIM-T-serenity-gym-bag,Serenity Gym Bag,Bags Non Leather,serenity-gym-bag-60252206-1492,Black Rose Gold,1,Y,Serenity Gym Bag,,,179,No Size,,gid://shopify/Product/7986267521114,serenity-gym-bag-60252206,SINGLETON_PARENT|NONSTANDARD_HANDLE
MIM-T-serenity-gym-bag,Serenity Gym Bag,Bags Non Leather,serenity-gym-bag-60270586-2351,Almond,2,Y,Serenity Gym Bag,,,159,No Size,,gid://shopify/Product/7986286395482,serenity-gym-bag-60270586,SINGLETON_PARENT|NONSTANDARD_HANDLE
MIM-T-serenity-packable-backpack,Serenity Packable Backpack,Bags Non Leather,serenity-packable-backpack-60250372-9966,Wild Tribe Print,1,Y,Serenity Packable Backpack,,,89,No Size,,gid://shopify/Product/7986265555034,serenity-packable-backpack-60250372,SINGLETON_PARENT|NONSTANDARD_HANDLE
MIM-T-serenity-packable-backpack,Serenity Packable Backpack,Bags Non Leather,serenity-packable-backpack-60250371-1,Black,2,Y,Serenity Packable Backpack,,,89,No Size,,gid://shopify/Product/7986268471386,serenity-packable-backpack-60250371,SINGLETON_PARENT|NONSTANDARD_HANDLE
MIM-T-siena-bucket-bag,Siena Bucket Bag,Bags Non Leather,siena-bucket-bag-60314946-974,Caramel,1,Y,Siena Bucket Bag,,,279.95,No Size,,gid://shopify/Product/7986404065370,siena-bucket-bag-60314946,SINGLETON_PARENT|NONSTANDARD_HANDLE|PRICE_VARIANCE
MIM-T-siena-bucket-bag,Siena Bucket Bag,Bags Non Leather,siena-bucket-bag-60314947-115,Natural,2,Y,Siena Bucket Bag,,,149,No Size,,gid://shopify/Product/7986404196442,siena-bucket-bag-60314947,SINGLETON_PARENT|NONSTANDARD_HANDLE|PRICE_VARIANCE
MIM-T-siena-bucket-bag,Siena Bucket Bag,Bags Non Leather,siena-bucket-bag-60314948-1,Black,3,Y,Siena Bucket Bag,,,149,No Size,,gid://shopify/Product/7986404360282,siena-bucket-bag-60314948,SINGLETON_PARENT|NONSTANDARD_HANDLE|PRICE_VARIANCE
MIM-T-solace-crescent-shoulder-bag,Solace Crescent Shoulder Bag,Bags Non Leather,solace-crescent-shoulder-bag-60303248-1,Black,1,Y,Solace Crescent Shoulder Bag,,,59,No Size,,gid://shopify/Product/7986528551002,solace-crescent-shoulder-bag-60303248,SINGLETON_PARENT|NONSTANDARD_HANDLE
MIM-T-solace-crescent-shoulder-bag,Solace Crescent Shoulder Bag,Bags Non Leather,solace-crescent-shoulder-bag-60303249-8745,Petal Pink,2,Y,Solace Crescent Shoulder Bag,,,59,No Size,,gid://shopify/Product/7986528714842,solace-crescent-shoulder-bag-60303249,SINGLETON_PARENT|NONSTANDARD_HANDLE
MIM-T-solar-shoulder-bag,Solar Shoulder Bag,Bags Non Leather,solar-shoulder-bag-60299120-6522,Pink Sorbet,1,Y,Solar Shoulder Bag,,,99,No Size,,gid://shopify/Product/7986340954202,solar-shoulder-bag-60299120,SINGLETON_PARENT|NONSTANDARD_HANDLE|PRICE_VARIANCE
MIM-T-solar-shoulder-bag,Solar Shoulder Bag,Bags Non Leather,solar-shoulder-bag-60296861-9082,Black Denim,2,Y,Solar Shoulder Bag,,,149,No Size,,gid://shopify/Product/7986518130778,solar-shoulder-bag-60296861,SINGLETON_PARENT|NONSTANDARD_HANDLE|PRICE_VARIANCE
MIM-T-solar-shoulder-bag,Solar Shoulder Bag,Bags Non Leather,solar-shoulder-bag-60296864-459,Denim,3,Y,Solar Shoulder Bag,,,49,No Size,,gid://shopify/Product/7986518556762,solar-shoulder-bag-60296864,SINGLETON_PARENT|NONSTANDARD_HANDLE|PRICE_VARIANCE
MIM-T-squad-crossbody-bag,Squad Crossbody Bag,Bags Non Leather,squad-crossbody-bag-60309346-1,Black,1,Y,Squad Crossbody Bag,,,149.95,No Size,,gid://shopify/Product/7986371067994,squad-crossbody-bag-60309346,SINGLETON_PARENT|NONSTANDARD_HANDLE|PRICE_VARIANCE
MIM-T-squad-crossbody-bag,Squad Crossbody Bag,Bags Non Leather,squad-crossbody-bag-60309347-598,Dusty Rose,2,Y,Squad Crossbody Bag,,,79,No Size,,gid://shopify/Product/7986371231834,squad-crossbody-bag-60309347,SINGLETON_PARENT|NONSTANDARD_HANDLE|PRICE_VARIANCE
MIM-T-squad-crossbody-bag,Squad Crossbody Bag,Bags Non Leather,squad-crossbody-bag-60309348-982,Walnut,3,Y,Squad Crossbody Bag,,,79,No Size,,gid://shopify/Product/7986371362906,squad-crossbody-bag-60309348,SINGLETON_PARENT|NONSTANDARD_HANDLE|PRICE_VARIANCE
MIM-T-squad-crossbody-bag,Squad Crossbody Bag,Bags Non Leather,squad-crossbody-bag-60317944-234,Espresso,4,Y,Squad Crossbody Bag,,,149.95,No Size,,gid://shopify/Product/7986411503706,squad-crossbody-bag-60317944,SINGLETON_PARENT|NONSTANDARD_HANDLE|PRICE_VARIANCE
MIM-T-squad-tote-bag,Squad Tote Bag,Bags Non Leather,squad-tote-bag-60310219-1,Black,1,Y,Squad Tote Bag,,,229.95,No Size,,gid://shopify/Product/7986369331290,squad-tote-bag-60310219,SINGLETON_PARENT|NONSTANDARD_HANDLE|PRICE_VARIANCE
MIM-T-squad-tote-bag,Squad Tote Bag,Bags Non Leather,squad-tote-bag-60310220-982,Walnut,2,Y,Squad Tote Bag,,,129,No Size,,gid://shopify/Product/7986369527898,squad-tote-bag-60310220,SINGLETON_PARENT|NONSTANDARD_HANDLE|PRICE_VARIANCE
MIM-T-squad-tote-bag,Squad Tote Bag,Bags Non Leather,squad-tote-bag-60317942-234,Espresso,3,Y,Squad Tote Bag,,,229.95,No Size,,gid://shopify/Product/7986411372634,squad-tote-bag-60317942,SINGLETON_PARENT|NONSTANDARD_HANDLE|PRICE_VARIANCE
MIM-T-squad-tote-bag,Squad Tote Bag,Bags Non Leather,squad-tote-bag-60318206-602,Merlot,4,Y,Squad Tote Bag,,,229.95,No Size,,gid://shopify/Product/7986416418906,squad-tote-bag-60318206,SINGLETON_PARENT|NONSTANDARD_HANDLE|PRICE_VARIANCE
MIM-T-stevie-crossbody-bag,Stevie Crossbody Bag,Bags Non Leather,stevie-crossbody-bag-60281095-974,Caramel,1,Y,Stevie Crossbody Bag,,,129,No Size,,gid://shopify/Product/7986299732058,stevie-crossbody-bag-60281095,SINGLETON_PARENT|NONSTANDARD_HANDLE
MIM-T-stevie-crossbody-bag,Stevie Crossbody Bag,Bags Non Leather,stevie-crossbody-bag-60281098-3637,Black Light Gold,2,Y,Stevie Crossbody Bag,,,129,No Size,,gid://shopify/Product/7986299895898,stevie-crossbody-bag-60281098,SINGLETON_PARENT|NONSTANDARD_HANDLE
MIM-T-stevie-crossbody-bag,Stevie Crossbody Bag,Bags Non Leather,stevie-crossbody-bag-60283852-2683,Black White,3,Y,Stevie Crossbody Bag,,,139,No Size,,gid://shopify/Product/7986304155738,stevie-crossbody-bag-60283852,SINGLETON_PARENT|NONSTANDARD_HANDLE
MIM-T-stevie-micro-tote-crossbody-bag,Stevie Micro Tote Crossbody Bag,Bags Non Leather,stevie-micro-tote-crossbody-bag-60283849-2683,Black White,1,Y,Stevie Micro Tote Crossbody Bag,,,99,No Size,,gid://shopify/Product/7986304024666,stevie-micro-tote-crossbody-bag-60283849,SINGLETON_PARENT|NONSTANDARD_HANDLE|PRICE_VARIANCE
MIM-T-stevie-micro-tote-crossbody-bag,Stevie Micro Tote Crossbody Bag,Bags Non Leather,stevie-micro-tote-crossbody-bag-60286112-448,Navy,2,Y,Stevie Micro Tote Crossbody Bag,,,149,No Size,,gid://shopify/Product/7986310152282,stevie-micro-tote-crossbody-bag-60286112,SINGLETON_PARENT|NONSTANDARD_HANDLE|PRICE_VARIANCE
MIM-T-stevie-micro-tote-crossbody-bag,Stevie Micro Tote Crossbody Bag,Bags Non Leather,stevie-micro-tote-crossbody-bag-60287796-901,Silver,3,Y,Stevie Micro Tote Crossbody Bag,,,99,No Size,,gid://shopify/Product/7986311659610,stevie-micro-tote-crossbody-bag-60287796,SINGLETON_PARENT|NONSTANDARD_HANDLE|PRICE_VARIANCE
MIM-T-stevie-micro-tote-crossbody-bag,Stevie Micro Tote Crossbody Bag,Bags Non Leather,stevie-micro-tote-crossbody-bag-60290068-7770,Sunset Ombre,4,Y,Stevie Micro Tote Crossbody Bag,,,99,No Size,,gid://shopify/Product/7986316673114,stevie-micro-tote-crossbody-bag-60290068,SINGLETON_PARENT|NONSTANDARD_HANDLE|PRICE_VARIANCE
MIM-T-stevie-micro-tote-crossbody-bag,Stevie Micro Tote Crossbody Bag,Bags Non Leather,stevie-micro-tote-crossbody-bag-60290598-8916,Natural Caramel,5,Y,Stevie Micro Tote Crossbody Bag,,,99,No Size,,gid://shopify/Product/7986323292250,stevie-micro-tote-crossbody-bag-60290598,SINGLETON_PARENT|NONSTANDARD_HANDLE|PRICE_VARIANCE
MIM-T-stevie-mini-tote-bag,Stevie Mini Tote Bag,Bags Non Leather,stevie-mini-tote-bag-60283855-2683,Black White,1,Y,Stevie Mini Tote Bag,,,179,No Size,,gid://shopify/Product/7986304221274,stevie-mini-tote-bag-60283855,SINGLETON_PARENT|NONSTANDARD_HANDLE
MIM-T-stevie-mini-tote-bag,Stevie Mini Tote Bag,Bags Non Leather,stevie-mini-tote-bag-60290081-7745,Miami Print,2,Y,Stevie Mini Tote Bag,,,149,No Size,,gid://shopify/Product/7986317131866,stevie-mini-tote-bag-60290081,SINGLETON_PARENT|NONSTANDARD_HANDLE
MIM-T-stevie-mini-tote-bag,Stevie Mini Tote Bag,Bags Non Leather,stevie-mini-tote-bag-60291712-8916,Natural Caramel,3,Y,Stevie Mini Tote Bag,,,199,No Size,,gid://shopify/Product/7986322047066,stevie-mini-tote-bag-60291712,SINGLETON_PARENT|NONSTANDARD_HANDLE
MIM-T-stevie-tote-bag,Stevie Tote Bag,Bags Non Leather,stevie-tote-bag-60283858-2683,Black White,1,Y,Stevie Tote Bag,,,149,No Size,,gid://shopify/Product/7986304286810,stevie-tote-bag-60283858,SINGLETON_PARENT|NONSTANDARD_HANDLE
MIM-T-stevie-tote-bag,Stevie Tote Bag,Bags Non Leather,stevie-tote-bag-60287791-901,Silver,2,Y,Stevie Tote Bag,,,199,No Size,,gid://shopify/Product/7986311495770,stevie-tote-bag-60287791,SINGLETON_PARENT|NONSTANDARD_HANDLE
MIM-T-stevie-tote-bag,Stevie Tote Bag,Bags Non Leather,stevie-tote-bag-60291325-459,Denim,3,Y,Stevie Tote Bag,,,149,No Size,,gid://shopify/Product/7986323816538,stevie-tote-bag-60291325,SINGLETON_PARENT|NONSTANDARD_HANDLE
MIM-T-sundowner-clutch-bag,Sundowner Clutch Bag,Bags Non Leather,sundowner-clutch-bag-60299891-100,White,1,Y,Sundowner Clutch Bag,,,99,No Size,,gid://shopify/Product/7986519015514,sundowner-clutch-bag-60299891,SINGLETON_PARENT|NONSTANDARD_HANDLE
MIM-T-sundowner-clutch-bag,Sundowner Clutch Bag,Bags Non Leather,sundowner-clutch-bag-60299893-3637,Black Light Gold,2,Y,Sundowner Clutch Bag,,,99,No Size,,gid://shopify/Product/7986519179354,sundowner-clutch-bag-60299893,SINGLETON_PARENT|NONSTANDARD_HANDLE
MIM-T-sundowner-large-tote-bag,Sundowner Large Tote Bag,Bags Non Leather,sundowner-large-tote-bag-60299442-3637,Black Light Gold,1,Y,Sundowner Large Tote Bag,,,79,No Size,,gid://shopify/Product/7986341806170,sundowner-large-tote-bag-60299442,SINGLETON_PARENT|NONSTANDARD_HANDLE
MIM-T-sundowner-large-tote-bag,Sundowner Large Tote Bag,Bags Non Leather,sundowner-large-tote-bag-60300215-100,White,2,Y,Sundowner Large Tote Bag,,,89,No Size,,gid://shopify/Product/7986518949978,sundowner-large-tote-bag-60300215,SINGLETON_PARENT|NONSTANDARD_HANDLE
MIM-T-sundowner-tote-bag,Sundowner Tote Bag,Bags Non Leather,sundowner-tote-bag-60299889-3637,Black Light Gold,1,Y,Sundowner Tote Bag,,,99,No Size,,gid://shopify/Product/7986518753370,sundowner-tote-bag-60299889,SINGLETON_PARENT|NONSTANDARD_HANDLE
MIM-T-sundowner-tote-bag,Sundowner Tote Bag,Bags Non Leather,sundowner-tote-bag-60299890-100,White,2,Y,Sundowner Tote Bag,,,99,No Size,,gid://shopify/Product/7986518851674,sundowner-tote-bag-60299890,SINGLETON_PARENT|NONSTANDARD_HANDLE
MIM-T-sutton-mini-tote-bag,Sutton Mini Tote Bag,Bags Non Leather,sutton-mini-tote-bag-60318077-1,Black,1,Y,Sutton Mini Tote Bag,,,99,No Size,,gid://shopify/Product/7986414551130,sutton-mini-tote-bag-60318077,SINGLETON_PARENT|NONSTANDARD_HANDLE
MIM-T-sutton-mini-tote-bag,Sutton Mini Tote Bag,Bags Non Leather,sutton-mini-tote-bag-60318078-203,Pecan,2,Y,Sutton Mini Tote Bag,,,99,No Size,,gid://shopify/Product/7986414714970,sutton-mini-tote-bag-60318078,SINGLETON_PARENT|NONSTANDARD_HANDLE
MIM-T-sutton-tote-bag,Sutton Tote Bag,Bags Non Leather,sutton-tote-bag-60318075-1,Black,1,Y,Sutton Tote Bag,,,129,No Size,,gid://shopify/Product/7986414288986,sutton-tote-bag-60318075,SINGLETON_PARENT|NONSTANDARD_HANDLE
MIM-T-sutton-tote-bag,Sutton Tote Bag,Bags Non Leather,sutton-tote-bag-60318076-203,Pecan,2,Y,Sutton Tote Bag,,,129,No Size,,gid://shopify/Product/7986414452826,sutton-tote-bag-60318076,SINGLETON_PARENT|NONSTANDARD_HANDLE
MIM-T-the-2004-mini-hobo-bag,The 2004 Mini Hobo Bag,Bags Non Leather,the-2004-mini-hobo-bag-60295930-1,Black,1,Y,The 2004 Mini Hobo Bag,,,179,No Size,,gid://shopify/Product/7986508365914,the-2004-mini-hobo-bag-60295930,SINGLETON_PARENT|NONSTANDARD_HANDLE|SIZE_SCALE_DIFF|PRICE_VARIANCE
MIM-T-the-2004-mini-hobo-bag,The 2004 Mini Hobo Bag,Bags Non Leather,the-2004-mini-hobo-bag-60295689-459,Denim,2,Y,The 2004 Mini Hobo Bag,,,89,One Size,,gid://shopify/Product/7986513870938,the-2004-mini-hobo-bag-60295689,SINGLETON_PARENT|NONSTANDARD_HANDLE|SIZE_SCALE_DIFF|PRICE_VARIANCE
MIM-T-the-2004-mini-hobo-bag,The 2004 Mini Hobo Bag,Bags Non Leather,the-2004-mini-hobo-bag-60295690-7700,Winter Moss,3,Y,The 2004 Mini Hobo Bag,,,179,No Size,,gid://shopify/Product/7986513936474,the-2004-mini-hobo-bag-60295690,SINGLETON_PARENT|NONSTANDARD_HANDLE|SIZE_SCALE_DIFF|PRICE_VARIANCE
MIM-T-the-2004-mini-hobo-bag,The 2004 Mini Hobo Bag,Bags Non Leather,the-2004-mini-hobo-bag-60300505-705,Sandstone,4,Y,The 2004 Mini Hobo Bag,,,89,One Size,,gid://shopify/Product/7986520490074,the-2004-mini-hobo-bag-60300505,SINGLETON_PARENT|NONSTANDARD_HANDLE|SIZE_SCALE_DIFF|PRICE_VARIANCE
MIM-T-the-clutch-bag,The Clutch Bag,Bags Non Leather,the-clutch-bag-60297199-1,Black,1,Y,The Clutch Bag,,,129,No Size,,gid://shopify/Product/7986329583706,the-clutch-bag-60297199,SINGLETON_PARENT|NONSTANDARD_HANDLE
MIM-T-the-clutch-bag,The Clutch Bag,Bags Non Leather,the-clutch-bag-60297200-459,Denim,2,Y,The Clutch Bag,,,149,No Size,,gid://shopify/Product/7986329714778,the-clutch-bag-60297200,SINGLETON_PARENT|NONSTANDARD_HANDLE
MIM-T-the-clutch-bag,The Clutch Bag,Bags Non Leather,the-clutch-bag-60297201-901,Silver,3,Y,The Clutch Bag,,,129,No Size,,gid://shopify/Product/7986329878618,the-clutch-bag-60297201,SINGLETON_PARENT|NONSTANDARD_HANDLE
MIM-T-the-stage-crossbody-bag,The Stage Crossbody Bag,Bags Non Leather,the-stage-crossbody-bag-60307926-321,Pine,1,Y,The Stage Crossbody Bag,,,99,No Size,,gid://shopify/Product/7986355404890,the-stage-crossbody-bag-60307926,SINGLETON_PARENT|NONSTANDARD_HANDLE
MIM-T-the-stage-crossbody-bag,The Stage Crossbody Bag,Bags Non Leather,the-stage-crossbody-bag-60307927-1421,Leopard,2,Y,The Stage Crossbody Bag,,,99,No Size,,gid://shopify/Product/7986355634266,the-stage-crossbody-bag-60307927,SINGLETON_PARENT|NONSTANDARD_HANDLE
MIM-T-the-stage-crossbody-bag,The Stage Crossbody Bag,Bags Non Leather,the-stage-crossbody-bag-60309185-9466,Grey Sky,3,Y,The Stage Crossbody Bag,,,99,No Size,,gid://shopify/Product/7986366218330,the-stage-crossbody-bag-60309185,SINGLETON_PARENT|NONSTANDARD_HANDLE
MIM-T-the-stage-crossbody-bag,The Stage Crossbody Bag,Bags Non Leather,the-stage-crossbody-bag-60300850-3637,Black Light Gold,4,Y,The Stage Crossbody Bag,,,99,No Size,,gid://shopify/Product/7986519867482,the-stage-crossbody-bag-60300850,SINGLETON_PARENT|NONSTANDARD_HANDLE
MIM-T-the-stage-crossbody-bag,The Stage Crossbody Bag,Bags Non Leather,the-stage-crossbody-bag-60300851-126,Vanilla,5,Y,The Stage Crossbody Bag,,,119,No Size,,gid://shopify/Product/7986520064090,the-stage-crossbody-bag-60300851,SINGLETON_PARENT|NONSTANDARD_HANDLE
MIM-T-the-stage-crossbody-bag,The Stage Crossbody Bag,Bags Non Leather,the-stage-crossbody-bag-60300852-3368,Faded Moss,6,Y,The Stage Crossbody Bag,,,119,No Size,,gid://shopify/Product/7986520260698,the-stage-crossbody-bag-60300852,SINGLETON_PARENT|NONSTANDARD_HANDLE
MIM-T-the-stage-phone-bag,The Stage Phone Bag,Bags Non Leather,the-stage-phone-bag-60306088-3637,Black Light Gold,1,Y,The Stage Phone Bag,,,49,No Size,,gid://shopify/Product/7986349473882,the-stage-phone-bag-60306088,SINGLETON_PARENT|NONSTANDARD_HANDLE|PRICE_VARIANCE
MIM-T-the-stage-phone-bag,The Stage Phone Bag,Bags Non Leather,the-stage-phone-bag-60306089-126,Vanilla,2,Y,The Stage Phone Bag,,,79,No Size,,gid://shopify/Product/7986349670490,the-stage-phone-bag-60306089,SINGLETON_PARENT|NONSTANDARD_HANDLE|PRICE_VARIANCE
MIM-T-the-stage-phone-bag,The Stage Phone Bag,Bags Non Leather,the-stage-phone-bag-60306090-3368,Faded Moss,3,Y,The Stage Phone Bag,,,79,No Size,,gid://shopify/Product/7986349899866,the-stage-phone-bag-60306090,SINGLETON_PARENT|NONSTANDARD_HANDLE|PRICE_VARIANCE
MIM-T-the-stage-phone-bag,The Stage Phone Bag,Bags Non Leather,the-stage-phone-bag-60307929-321,Pine,4,Y,The Stage Phone Bag,,,59,No Size,,gid://shopify/Product/7986355961946,the-stage-phone-bag-60307929,SINGLETON_PARENT|NONSTANDARD_HANDLE|PRICE_VARIANCE
MIM-T-the-stage-phone-bag,The Stage Phone Bag,Bags Non Leather,the-stage-phone-bag-60309186-9466,Grey Sky,5,Y,The Stage Phone Bag,,,59,No Size,,gid://shopify/Product/7986366414938,the-stage-phone-bag-60309186,SINGLETON_PARENT|NONSTANDARD_HANDLE|PRICE_VARIANCE
MIM-T-the-stage-phone-bag,The Stage Phone Bag,Bags Non Leather,the-stage-phone-bag-60314730-1421,Leopard,6,Y,The Stage Phone Bag,,,49,No Size,,gid://shopify/Product/7986401214554,the-stage-phone-bag-60314730,SINGLETON_PARENT|NONSTANDARD_HANDLE|PRICE_VARIANCE
MIM-T-the-stage-sling-crossbody-bag,The Stage Sling Crossbody Bag,Bags Non Leather,the-stage-sling-crossbody-bag-60300853-3368,Faded Moss,1,Y,The Stage Sling Crossbody Bag,,,39,No Size,,gid://shopify/Product/7986520424538,the-stage-sling-crossbody-bag-60300853,SINGLETON_PARENT|NONSTANDARD_HANDLE
MIM-T-the-stage-sling-crossbody-bag,The Stage Sling Crossbody Bag,Bags Non Leather,the-stage-sling-crossbody-bag-60300855-126,Vanilla,2,Y,The Stage Sling Crossbody Bag,,,49,No Size,,gid://shopify/Product/7986520522842,the-stage-sling-crossbody-bag-60300855,SINGLETON_PARENT|NONSTANDARD_HANDLE
MIM-T-the-stage-sling-crossbody-bag,The Stage Sling Crossbody Bag,Bags Non Leather,the-stage-sling-crossbody-bag-60300856-3637,Black Light Gold,3,Y,The Stage Sling Crossbody Bag,,,49,No Size,,gid://shopify/Product/7986520588378,the-stage-sling-crossbody-bag-60300856,SINGLETON_PARENT|NONSTANDARD_HANDLE
MIM-T-utility-tote-bag,Utility Tote Bag,Bags Non Leather,utility-tote-bag-60291087-3637,Black Light Gold,1,Y,Utility Tote Bag,,,229,No Size,,gid://shopify/Product/7986324078682,utility-tote-bag-60291087,SINGLETON_PARENT|NONSTANDARD_HANDLE
MIM-T-utility-tote-bag,Utility Tote Bag,Bags Non Leather,utility-tote-bag-60292292-7700,Winter Moss,2,Y,Utility Tote Bag,,,229,No Size,,gid://shopify/Product/7986324996186,utility-tote-bag-60292292,SINGLETON_PARENT|NONSTANDARD_HANDLE
MIM-T-vacation-tote-bag,Vacation Tote Bag,Bags Non Leather,vacation-tote-bag-60281074-974,Caramel,1,Y,Vacation Tote Bag,,,79,No Size,,gid://shopify/Product/7986298683482,vacation-tote-bag-60281074,SINGLETON_PARENT|NONSTANDARD_HANDLE
MIM-T-vacation-tote-bag,Vacation Tote Bag,Bags Non Leather,vacation-tote-bag-60281075-8813,Mauve Mist,2,Y,Vacation Tote Bag,,,89,No Size,,gid://shopify/Product/7986298847322,vacation-tote-bag-60281075,SINGLETON_PARENT|NONSTANDARD_HANDLE
MIM-T-vacation-tote-bag,Vacation Tote Bag,Bags Non Leather,vacation-tote-bag-60281076-3637,Black Light Gold,3,Y,Vacation Tote Bag,,,79,No Size,,gid://shopify/Product/7986299076698,vacation-tote-bag-60281076,SINGLETON_PARENT|NONSTANDARD_HANDLE
MIM-T-vista-mini-tote-bag,Vista Mini Tote Bag,Bags Non Leather,vista-mini-tote-bag-60255327-9432,Antique Pink,1,Y,Vista Mini Tote Bag,,,129,No Size,,gid://shopify/Product/7986272731226,vista-mini-tote-bag-60255327,SINGLETON_PARENT|NONSTANDARD_HANDLE
MIM-T-vista-mini-tote-bag,Vista Mini Tote Bag,Bags Non Leather,vista-mini-tote-bag-60258699-9961,Animal Print,2,Y,Vista Mini Tote Bag,,,99,No Size,,gid://shopify/Product/7986273288282,vista-mini-tote-bag-60258699,SINGLETON_PARENT|NONSTANDARD_HANDLE
MIM-T-whimsy-day-bag,Whimsy Day Bag,Bags Non Leather,whimsy-day-bag-60306006-3637,Black Light Gold,1,Y,Whimsy Day Bag,,,129,No Size,,gid://shopify/Product/7986347507802,whimsy-day-bag-60306006,SINGLETON_PARENT|NONSTANDARD_HANDLE
MIM-T-whimsy-day-bag,Whimsy Day Bag,Bags Non Leather,whimsy-day-bag-60306007-9013,Mist,2,Y,Whimsy Day Bag,,,129,No Size,,gid://shopify/Product/7986347671642,whimsy-day-bag-60306007,SINGLETON_PARENT|NONSTANDARD_HANDLE
MIM-T-whimsy-shoulder-bag,Whimsy Shoulder Bag,Bags Non Leather,whimsy-shoulder-bag-60306009-3637,Black Light Gold,1,Y,Whimsy Shoulder Bag,,,79,No Size,,gid://shopify/Product/7986347868250,whimsy-shoulder-bag-60306009,SINGLETON_PARENT|NONSTANDARD_HANDLE
MIM-T-whimsy-shoulder-bag,Whimsy Shoulder Bag,Bags Non Leather,whimsy-shoulder-bag-60306010-9013,Mist,2,Y,Whimsy Shoulder Bag,,,79,No Size,,gid://shopify/Product/7986348064858,whimsy-shoulder-bag-60306010,SINGLETON_PARENT|NONSTANDARD_HANDLE
MIM-T-whimsy-shoulder-bag,Whimsy Shoulder Bag,Bags Non Leather,whimsy-shoulder-bag-60306012-686,Ballet,3,Y,Whimsy Shoulder Bag,,,79,No Size,,gid://shopify/Product/7986348195930,whimsy-shoulder-bag-60306012,SINGLETON_PARENT|NONSTANDARD_HANDLE
MIM-T-whimsy-shoulder-bag,Whimsy Shoulder Bag,Bags Non Leather,whimsy-shoulder-bag-60314280-2867,Cloud,4,Y,Whimsy Shoulder Bag,,,79,No Size,,gid://shopify/Product/7986396102746,whimsy-shoulder-bag-60314280,SINGLETON_PARENT|NONSTANDARD_HANDLE
MIM-T-whimsy-shoulder-bag,Whimsy Shoulder Bag,Bags Non Leather,whimsy-shoulder-bag-60314281-101,Buttermilk,5,Y,Whimsy Shoulder Bag,,,79,No Size,,gid://shopify/Product/7986396266586,whimsy-shoulder-bag-60314281,SINGLETON_PARENT|NONSTANDARD_HANDLE
MIM-T-yasmine-crossbody-bag,Yasmine Crossbody Bag,Bags Non Leather,yasmine-crossbody-bag-60308057-1,Black,1,Y,Yasmine Crossbody Bag,,,99,No Size,,gid://shopify/Product/7986360647770,yasmine-crossbody-bag-60308057,SINGLETON_PARENT|NONSTANDARD_HANDLE
MIM-T-yasmine-crossbody-bag,Yasmine Crossbody Bag,Bags Non Leather,yasmine-crossbody-bag-60308062-202,Bitter Chocolate,2,Y,Yasmine Crossbody Bag,,,99,No Size,,gid://shopify/Product/7986361401434,yasmine-crossbody-bag-60308062,SINGLETON_PARENT|NONSTANDARD_HANDLE
MIM-T-yasmine-crossbody-bag,Yasmine Crossbody Bag,Bags Non Leather,yasmine-crossbody-bag-60308065-9439,Foundation,3,Y,Yasmine Crossbody Bag,,,99,No Size,,gid://shopify/Product/7986358485082,yasmine-crossbody-bag-60308065,SINGLETON_PARENT|NONSTANDARD_HANDLE
MIM-T-yasmine-crossbody-bag,Yasmine Crossbody Bag,Bags Non Leather,yasmine-crossbody-bag-60310189-1421,Leopard,4,Y,Yasmine Crossbody Bag,,,99,No Size,,gid://shopify/Product/7986370969690,yasmine-crossbody-bag-60310189,SINGLETON_PARENT|NONSTANDARD_HANDLE
MIM-T-yasmine-crossbody-bag,Yasmine Crossbody Bag,Bags Non Leather,yasmine-crossbody-bag-60310190-9404,Blossom Pink,5,Y,Yasmine Crossbody Bag,,,99,No Size,,gid://shopify/Product/7986371166298,yasmine-crossbody-bag-60310190,SINGLETON_PARENT|NONSTANDARD_HANDLE
MIM-T-yasmine-mini-tote-bag,Yasmine Mini Tote Bag,Bags Non Leather,yasmine-mini-tote-bag-60308055-1,Black,1,Y,Yasmine Mini Tote Bag,,,129,No Size,,gid://shopify/Product/7986360254554,yasmine-mini-tote-bag-60308055,SINGLETON_PARENT|NONSTANDARD_HANDLE|DUPLICATE_COLOUR
MIM-T-yasmine-mini-tote-bag,Yasmine Mini Tote Bag,Bags Non Leather,yasmine-mini-tote-bag-60308061-202,Bitter Chocolate,2,Y,Yasmine Mini Tote Bag,,,129,No Size,,gid://shopify/Product/7986361237594,yasmine-mini-tote-bag-60308061,SINGLETON_PARENT|NONSTANDARD_HANDLE|DUPLICATE_COLOUR
MIM-T-yasmine-mini-tote-bag,Yasmine Mini Tote Bag,Bags Non Leather,yasmine-mini-tote-bag-60308064-9439,Foundation,3,Y,Yasmine Mini Tote Bag,,,149,No Size,,gid://shopify/Product/7986361598042,yasmine-mini-tote-bag-60308064,SINGLETON_PARENT|NONSTANDARD_HANDLE|DUPLICATE_COLOUR
MIM-T-yasmine-mini-tote-bag,Yasmine Mini Tote Bag,Bags Non Leather,yasmine-mini-tote-bag-60317238-1,Black,4,Y,Yasmine Mini Tote Bag,,,129,No Size,,gid://shopify/Product/7986410160218,yasmine-mini-tote-bag-60317238,SINGLETON_PARENT|NONSTANDARD_HANDLE|DUPLICATE_COLOUR
MIM-T-yasmine-tote-bag,Yasmine Tote Bag,Bags Non Leather,yasmine-tote-bag-60308050-1,Black,1,Y,Yasmine Tote Bag,,,159,No Size,,gid://shopify/Product/7986359402586,yasmine-tote-bag-60308050,SINGLETON_PARENT|NONSTANDARD_HANDLE|DUPLICATE_COLOUR
MIM-T-yasmine-tote-bag,Yasmine Tote Bag,Bags Non Leather,yasmine-tote-bag-60308060-202,Bitter Chocolate,2,Y,Yasmine Tote Bag,,,179,No Size,,gid://shopify/Product/7986361106522,yasmine-tote-bag-60308060,SINGLETON_PARENT|NONSTANDARD_HANDLE|DUPLICATE_COLOUR
MIM-T-yasmine-tote-bag,Yasmine Tote Bag,Bags Non Leather,yasmine-tote-bag-60310187-1421,Leopard,3,Y,Yasmine Tote Bag,,,159,No Size,,gid://shopify/Product/7986370773082,yasmine-tote-bag-60310187,SINGLETON_PARENT|NONSTANDARD_HANDLE|DUPLICATE_COLOUR
MIM-T-yasmine-tote-bag,Yasmine Tote Bag,Bags Non Leather,yasmine-tote-bag-60317237-1,Black,4,Y,Yasmine Tote Bag,,,179,No Size,,gid://shopify/Product/7986409996378,yasmine-tote-bag-60317237,SINGLETON_PARENT|NONSTANDARD_HANDLE|DUPLICATE_COLOUR