style_group_id,parent_title,parent_type,child_handle,colour_name,swatch_order,approved,_child_title,_style_code,_colour_code,_price,_size_scale,_code_spread,_source_parent_id,_source_parent_handle,_flags
MIM-T-afterparty-crossbody-bag,Afterparty Crossbody Bag,Bags Leather,afterparty-crossbody-bag-60299144-3637,Black Light Gold,1,Y,Afterparty Crossbody Bag,,,,No Size,,gid://shopify/Product/7986340200538,afterparty-crossbody-bag-60299144,SINGLETON_PARENT|NONSTANDARD_HANDLE
MIM-T-afterparty-crossbody-bag,Afterparty Crossbody Bag,Bags Leather,afterparty-crossbody-bag-60299145-100,White,2,Y,Afterparty Crossbody Bag,,,,No Size,,gid://shopify/Product/7986340397146,afterparty-crossbody-bag-60299145,SINGLETON_PARENT|NONSTANDARD_HANDLE
MIM-T-afterparty-multi-wear-shoulder-bag,Afterparty Multi-Wear Shoulder Bag,Bags Leather,afterparty-multi-wear-shoulder-bag-60299149-3637,Black Light Gold,1,Y,Afterparty Multi-Wear Shoulder Bag,,,,No Size,,gid://shopify/Product/7986340823130,afterparty-multi-wear-shoulder-bag-60299149,SINGLETON_PARENT|NONSTANDARD_HANDLE
MIM-T-afterparty-multi-wear-shoulder-bag,Afterparty Multi-Wear Shoulder Bag,Bags Leather,afterparty-multi-wear-shoulder-bag-60299150-100,White,2,Y,Afterparty Multi-Wear Shoulder Bag,,,,No Size,,gid://shopify/Product/7986340986970,afterparty-multi-wear-shoulder-bag-60299150,SINGLETON_PARENT|NONSTANDARD_HANDLE
MIM-T-afterparty-multi-wear-shoulder-bag,Afterparty Multi-Wear Shoulder Bag,Bags Leather,afterparty-multi-wear-shoulder-bag-60299147-6522,Pink Sorbet,3,Y,Afterparty Multi-Wear Shoulder Bag,,,,No Size,,gid://shopify/Product/7986340560986,afterparty-multi-wear-shoulder-bag-60299147,SINGLETON_PARENT|NONSTANDARD_HANDLE
MIM-T-afterparty-multi-wear-shoulder-bag,Afterparty Multi-Wear Shoulder Bag,Bags Leather,afterparty-multi-wear-shoulder-bag-60299148-1752,Zebra Print,4,Y,Afterparty Multi-Wear Shoulder Bag,,,,No Size,,gid://shopify/Product/7986340724826,afterparty-multi-wear-shoulder-bag-60299148,SINGLETON_PARENT|NONSTANDARD_HANDLE
MIM-T-afterparty-multi-wear-shoulder-bag,Afterparty Multi-Wear Shoulder Bag,Bags Leather,afterparty-multi-wear-shoulder-bag-60301505-901,Silver,5,Y,Afterparty Multi-Wear Shoulder Bag,,,,No Size,,gid://shopify/Product/7986520981594,afterparty-multi-wear-shoulder-bag-60301505,SINGLETON_PARENT|NONSTANDARD_HANDLE
MIM-T-alina-shoulder-bag,Alina Shoulder Bag,Bags Leather,alina-shoulder-bag-60309338-1,Black,1,Y,Alina Shoulder Bag,,,,No Size,,gid://shopify/Product/7986370216026,alina-shoulder-bag-60309338,SINGLETON_PARENT|NONSTANDARD_HANDLE
MIM-T-alina-shoulder-bag,Alina Shoulder Bag,Bags Leather,alina-shoulder-bag-60309339-9501,Mahogany,2,Y,Alina Shoulder Bag,,,,No Size,,gid://shopify/Product/7986370412634,alina-shoulder-bag-60309339,SINGLETON_PARENT|NONSTANDARD_HANDLE
MIM-T-alina-shoulder-bag,Alina Shoulder Bag,Bags Leather,alina-shoulder-bag-60309340-441,Baby Blue,3,Y,Alina Shoulder Bag,,,,No Size,,gid://shopify/Product/7986370543706,alina-shoulder-bag-60309340,SINGLETON_PARENT|NONSTANDARD_HANDLE
MIM-T-allure-crossbody-bag,Allure Crossbody Bag,Bags Leather,allure-crossbody-bag-60299125-3637,Black Light Gold,1,Y,Allure Crossbody Bag,,,,No Size,,gid://shopify/Product/7986338463834,allure-crossbody-bag-60299125,SINGLETON_PARENT|NONSTANDARD_HANDLE
MIM-T-allure-crossbody-bag,Allure Crossbody Bag,Bags Leather,allure-crossbody-bag-60299126-100,White,2,Y,Allure Crossbody Bag,,,,No Size,,gid://shopify/Product/7986338627674,allure-crossbody-bag-60299126,SINGLETON_PARENT|NONSTANDARD_HANDLE
MIM-T-allure-crossbody-bag,Allure Crossbody Bag,Bags Leather,allure-crossbody-bag-60299127-3718,Light Gold,3,Y,Allure Crossbody Bag,,,,No Size,,gid://shopify/Product/7986338758746,allure-crossbody-bag-60299127,SINGLETON_PARENT|NONSTANDARD_HANDLE
MIM-T-allure-crossbody-bag,Allure Crossbody Bag,Bags Leather,allure-crossbody-bag-60299128-901,Silver,4,Y,Allure Crossbody Bag,,,,No Size,,gid://shopify/Product/7986338889818,allure-crossbody-bag-60299128,SINGLETON_PARENT|NONSTANDARD_HANDLE
MIM-T-allure-crossbody-bag,Allure Crossbody Bag,Bags Leather,allure-crossbody-bag-60304118-686,Ballet,5,Y,Allure Crossbody Bag,,,,No Size,,gid://shopify/Product/7986342232154,allure-crossbody-bag-60304118,SINGLETON_PARENT|NONSTANDARD_HANDLE
MIM-T-allure-crossbody-bag,Allure Crossbody Bag,Bags Leather,allure-crossbody-bag-60304119-263,Biscuit,6,Y,Allure Crossbody Bag,,,,No Size,,gid://shopify/Product/7986342395994,allure-crossbody-bag-60304119,SINGLETON_PARENT|NONSTANDARD_HANDLE
MIM-T-allure-crossbody-bag,Allure Crossbody Bag,Bags Leather,allure-crossbody-bag-60299867-725,Grapefruit,7,Y,Allure Crossbody Bag,,,,No Size,,gid://shopify/Product/7986518163546,allure-crossbody-bag-60299867,SINGLETON_PARENT|NONSTANDARD_HANDLE
MIM-T-allure-crossbody-bag,Allure Crossbody Bag,Bags Leather,allure-crossbody-bag-60299868-7531,Poolside,8,Y,Allure Crossbody Bag,,,,No Size,,gid://shopify/Product/7986518294618,allure-crossbody-bag-60299868,SINGLETON_PARENT|NONSTANDARD_HANDLE
MIM-T-arc-hobo-bag,Arc Hobo Bag,Bags Leather,arc-hobo-bag-60308033-1,Black,1,Y,Arc Hobo Bag,,,,No Size,,gid://shopify/Product/7986360352858,arc-hobo-bag-60308033,SINGLETON_PARENT|NONSTANDARD_HANDLE
MIM-T-arc-hobo-bag,Arc Hobo Bag,Bags Leather,arc-hobo-bag-60308038-9501,Mahogany,2,Y,Arc Hobo Bag,,,,No Size,,gid://shopify/Product/7986361008218,arc-hobo-bag-60308038,SINGLETON_PARENT|NONSTANDARD_HANDLE
MIM-T-bay-crossbody-bag,Bay Crossbody Bag,Bags Leather,bay-crossbody-bag-60290772-3637,Black Light Gold,1,Y,Bay Crossbody Bag,,,249.95,No Size,,gid://shopify/Product/7986323619930,bay-crossbody-bag-60290772,OVERSIZED|SINGLETON_PARENT|NONSTANDARD_HANDLE
MIM-T-bay-crossbody-bag,Bay Crossbody Bag,Bags Leather,bay-crossbody-bag-60290773-100,White,2,Y,Bay Crossbody Bag,,,,No Size,,gid://shopify/Product/7986323783770,bay-crossbody-bag-60290773,OVERSIZED|SINGLETON_PARENT|NONSTANDARD_HANDLE
MIM-T-bay-crossbody-bag,Bay Crossbody Bag,Bags Leather,bay-crossbody-bag-60290774-974,Caramel,3,Y,Bay Crossbody Bag,,,249.95,No Size,,gid://shopify/Product/7986323914842,bay-crossbody-bag-60290774,OVERSIZED|SINGLETON_PARENT|NONSTANDARD_HANDLE
MIM-T-bay-crossbody-bag,Bay Crossbody Bag,Bags Leather,bay-crossbody-bag-60305435-238,Oyster,4,Y,Bay Crossbody Bag,,,,No Size,,gid://shopify/Product/7986348163162,bay-crossbody-bag-60305435,OVERSIZED|SINGLETON_PARENT|NONSTANDARD_HANDLE
MIM-T-bay-crossbody-bag,Bay Crossbody Bag,Bags Leather,bay-crossbody-bag-60305436-9013,Mist,5,Y,Bay Crossbody Bag,,,,No Size,,gid://shopify/Product/7986344951898,bay-crossbody-bag-60305436,OVERSIZED|SINGLETON_PARENT|NONSTANDARD_HANDLE
MIM-T-bay-crossbody-bag,Bay Crossbody Bag,Bags Leather,bay-crossbody-bag-60305437-4068,Slate Blue,6,Y,Bay Crossbody Bag,,,,No Size,,gid://shopify/Product/7986345115738,bay-crossbody-bag-60305437,OVERSIZED|SINGLETON_PARENT|NONSTANDARD_HANDLE
MIM-T-bay-crossbody-bag,Bay Crossbody Bag,Bags Leather,bay-crossbody-bag-60307815-321,Pine,7,Y,Bay Crossbody Bag,,,,No Size,,gid://shopify/Product/7986356486234,bay-crossbody-bag-60307815,OVERSIZED|SINGLETON_PARENT|NONSTANDARD_HANDLE
MIM-T-bay-crossbody-bag,Bay Crossbody Bag,Bags Leather,bay-crossbody-bag-60308596-2351,Almond,8,Y,Bay Crossbody Bag,,,249.95,No Size,,gid://shopify/Product/7986364514394,bay-crossbody-bag-60308596,OVERSIZED|SINGLETON_PARENT|NONSTANDARD_HANDLE
MIM-T-bay-crossbody-bag,Bay Crossbody Bag,Bags Leather,bay-crossbody-bag-60309145-441,Baby Blue,9,Y,Bay Crossbody Bag,,,,No Size,,gid://shopify/Product/7986365169754,bay-crossbody-bag-60309145,OVERSIZED|SINGLETON_PARENT|NONSTANDARD_HANDLE
MIM-T-bay-crossbody-bag,Bay Crossbody Bag,Bags Leather,bay-crossbody-bag-60309143-106,Eggshell,10,Y,Bay Crossbody Bag,,,,No Size,,gid://shopify/Product/7986368118874,bay-crossbody-bag-60309143,OVERSIZED|SINGLETON_PARENT|NONSTANDARD_HANDLE
MIM-T-bay-crossbody-bag,Bay Crossbody Bag,Bags Leather,bay-crossbody-bag-60309144-6525,Pink Dust,11,Y,Bay Crossbody Bag,,,249.95,No Size,,gid://shopify/Product/7986368249946,bay-crossbody-bag-60309144,OVERSIZED|SINGLETON_PARENT|NONSTANDARD_HANDLE
MIM-T-bay-crossbody-bag,Bay Crossbody Bag,Bags Leather,bay-crossbody-bag-60310173-9501,Mahogany,12,Y,Bay Crossbody Bag,,,249.95,No Size,,gid://shopify/Product/7986368610394,bay-crossbody-bag-60310173,OVERSIZED|SINGLETON_PARENT|NONSTANDARD_HANDLE
MIM-T-bay-crossbody-bag,Bay Crossbody Bag,Bags Leather,bay-crossbody-bag-60318039-413,Midnight,13,Y,Bay Crossbody Bag,,,,No Size,,gid://shopify/Product/7986415173722,bay-crossbody-bag-60318039,OVERSIZED|SINGLETON_PARENT|NONSTANDARD_HANDLE
MIM-T-bay-crossbody-bag,Bay Crossbody Bag,Bags Leather,bay-crossbody-bag-60320611-118,Stone,14,Y,Bay Crossbody Bag,,,,No Size,,gid://shopify/Product/7986423365722,bay-crossbody-bag-60320611,OVERSIZED|SINGLETON_PARENT|NONSTANDARD_HANDLE
MIM-T-bay-crossbody-bag,Bay Crossbody Bag,Bags Leather,bay-crossbody-bag-60300501-334,Pistachio,15,Y,Bay Crossbody Bag,,,,No Size,,gid://shopify/Product/7986520096858,bay-crossbody-bag-60300501,OVERSIZED|SINGLETON_PARENT|NONSTANDARD_HANDLE
MIM-T-bay-crossbody-bag,Bay Crossbody Bag,Bags Leather,bay-crossbody-bag-60300502-7531,Poolside,16,Y,Bay Crossbody Bag,,,,No Size,,gid://shopify/Product/7986520227930,bay-crossbody-bag-60300502,OVERSIZED|SINGLETON_PARENT|NONSTANDARD_HANDLE
MIM-T-bay-strap-crossbody-bag,Bay Strap Crossbody Bag,Bags Leather,bay-strap-crossbody-bag-60310531-974,Caramel,1,Y,Bay Strap Crossbody Bag,,,149,No Size,,gid://shopify/Product/7986374180954,bay-strap-crossbody-bag-60310531,SINGLETON_PARENT|NONSTANDARD_HANDLE
MIM-T-bay-strap-crossbody-bag,Bay Strap Crossbody Bag,Bags Leather,bay-strap-crossbody-bag-60310532-2351,Almond,2,Y,Bay Strap Crossbody Bag,,,149,No Size,,gid://shopify/Product/7986374344794,bay-strap-crossbody-bag-60310532,SINGLETON_PARENT|NONSTANDARD_HANDLE
MIM-T-bay-strap-crossbody-bag,Bay Strap Crossbody Bag,Bags Leather,bay-strap-crossbody-bag-60311848-100,White,3,Y,Bay Strap Crossbody Bag,,,149,No Size,,gid://shopify/Product/7986378932314,bay-strap-crossbody-bag-60311848,SINGLETON_PARENT|NONSTANDARD_HANDLE
MIM-T-bay-strap-crossbody-bag,Bay Strap Crossbody Bag,Bags Leather,bay-strap-crossbody-bag-60314894-6121,Lipstick Red,4,Y,Bay Strap Crossbody Bag,,,,No Size,,gid://shopify/Product/7986401640538,bay-strap-crossbody-bag-60314894,SINGLETON_PARENT|NONSTANDARD_HANDLE
MIM-T-bay-strap-crossbody-bag,Bay Strap Crossbody Bag,Bags Leather,bay-strap-crossbody-bag-60317949-203,Pecan,5,Y,Bay Strap Crossbody Bag,,,149,No Size,,gid://shopify/Product/7986409111642,bay-strap-crossbody-bag-60317949,SINGLETON_PARENT|NONSTANDARD_HANDLE
MIM-T-bay-strap-crossbody-bag,Bay Strap Crossbody Bag,Bags Leather,bay-strap-crossbody-bag-60318163-602,Merlot,6,Y,Bay Strap Crossbody Bag,,,149,No Size,,gid://shopify/Product/7986414616666,bay-strap-crossbody-bag-60318163,SINGLETON_PARENT|NONSTANDARD_HANDLE
MIM-T-bay-tote-bag,Bay Tote Bag,Bags Leather,bay-tote-bag-60311843-974,Caramel,1,Y,Bay Tote Bag,,,,No Size,,gid://shopify/Product/7986378670170,bay-tote-bag-60311843,SINGLETON_PARENT|NONSTANDARD_HANDLE
MIM-T-bay-tote-bag,Bay Tote Bag,Bags Leather,bay-tote-bag-60311844-2351,Almond,2,Y,Bay Tote Bag,,,,No Size,,gid://shopify/Product/7986378801242,bay-tote-bag-60311844,SINGLETON_PARENT|NONSTANDARD_HANDLE
MIM-T-bay-tote-bag,Bay Tote Bag,Bags Leather,bay-tote-bag-60317235-9501,Mahogany,3,Y,Bay Tote Bag,,,,No Size,,gid://shopify/Product/7986409603162,bay-tote-bag-60317235,SINGLETON_PARENT|NONSTANDARD_HANDLE
MIM-T-betsy-shoulder-bag,Betsy Shoulder Bag,Bags Leather,betsy-shoulder-bag-60290270-974,Caramel,1,Y,Betsy Shoulder Bag,,,,No Size,,gid://shopify/Product/7986320703578,betsy-shoulder-bag-60290270,SINGLETON_PARENT|NONSTANDARD_HANDLE
MIM-T-betsy-shoulder-bag,Betsy Shoulder Bag,Bags Leather,betsy-shoulder-bag-60290238-100,White,2,Y,Betsy Shoulder Bag,,,,No Size,,gid://shopify/Product/7986318377050,betsy-shoulder-bag-60290238,SINGLETON_PARENT|NONSTANDARD_HANDLE
MIM-T-betsy-shoulder-bag,Betsy Shoulder Bag,Bags Leather,betsy-shoulder-bag-60290239-3637,Black Light Gold,3,Y,Betsy Shoulder Bag,,,,No Size,,gid://shopify/Product/7986318540890,betsy-shoulder-bag-60290239,SINGLETON_PARENT|NONSTANDARD_HANDLE
MIM-T-betsy-shoulder-bag,Betsy Shoulder Bag,Bags Leather,betsy-shoulder-bag-60290243-901,Silver,4,Y,Betsy Shoulder Bag,,,,No Size,,gid://shopify/Product/7986318671962,betsy-shoulder-bag-60290243,SINGLETON_PARENT|NONSTANDARD_HANDLE
MIM-T-bloom-clutch-evening-bag,Bloom Clutch Evening Bag,Bags Leather,bloom-clutch-evening-bag-60258721-115,Natural,1,Y,Bloom Clutch Evening Bag,,,,No Size,,gid://shopify/Product/7986274533466,bloom-clutch-evening-bag-60258721,SINGLETON_PARENT|NONSTANDARD_HANDLE|SIZE_SCALE_DIFF
MIM-T-bloom-clutch-evening-bag,Bloom Clutch Evening Bag,Bags Leather,bloom-clutch-evening-bag-60262994-7009,Old Gold,2,Y,Bloom Clutch Evening Bag,,,,One Size,,gid://shopify/Product/7986274435162,bloom-clutch-evening-bag-60262994,SINGLETON_PARENT|NONSTANDARD_HANDLE|SIZE_SCALE_DIFF
MIM-T-bloom-micro-tote-bag,Bloom Micro Tote Bag,Bags Leather,bloom-micro-tote-bag-60255298-100,White,1,Y,Bloom Micro Tote Bag,,,,No Size,,gid://shopify/Product/7986272010330,bloom-micro-tote-bag-60255298,SINGLETON_PARENT|NONSTANDARD_HANDLE
MIM-T-bloom-micro-tote-bag,Bloom Micro Tote Bag,Bags Leather,bloom-micro-tote-bag-60255299-6697,Hot Pink,2,Y,Bloom Micro Tote Bag,,,,No Size,,gid://shopify/Product/7986272174170,bloom-micro-tote-bag-60255299,SINGLETON_PARENT|NONSTANDARD_HANDLE
MIM-T-bloom-mini-tote-bag,Bloom Mini Tote Bag,Bags Leather,bloom-mini-tote-bag-60258683-974,Caramel,1,Y,Bloom Mini Tote Bag,,,,No Size,,gid://shopify/Product/7986272501850,bloom-mini-tote-bag-60258683,SINGLETON_PARENT|NONSTANDARD_HANDLE
MIM-T-bloom-mini-tote-bag,Bloom Mini Tote Bag,Bags Leather,bloom-mini-tote-bag-60270544-8916,Natural Caramel,2,Y,Bloom Mini Tote Bag,,,,No Size,,gid://shopify/Product/7986284855386,bloom-mini-tote-bag-60270544,SINGLETON_PARENT|NONSTANDARD_HANDLE
MIM-T-brittany-mini-tote-bag,Brittany Mini Tote Bag,Bags Leather,brittany-mini-tote-bag-60319802-448,Navy,1,Y,Brittany Mini Tote Bag,,,249.95,No Size,,gid://shopify/Product/7986422808666,brittany-mini-tote-bag-60319802,SINGLETON_PARENT|NONSTANDARD_HANDLE
MIM-T-brittany-mini-tote-bag,Brittany Mini Tote Bag,Bags Leather,brittany-mini-tote-bag-60319804-9787,TOFFEE,2,Y,Brittany Mini Tote Bag,,,249.95,No Size,,gid://shopify/Product/7986422972506,brittany-mini-tote-bag-60319804,SINGLETON_PARENT|NONSTANDARD_HANDLE
MIM-T-brittany-tote-bag,Brittany Tote Bag,Bags Leather,brittany-tote-bag-60319806-9787,TOFFEE,1,Y,Brittany Tote Bag,,,399.95,No Size,,gid://shopify/Product/7986423169114,brittany-tote-bag-60319806,SINGLETON_PARENT|NONSTANDARD_HANDLE
MIM-T-brittany-tote-bag,Brittany Tote Bag,Bags Leather,brittany-tote-bag-60319807-448,Navy,2,Y,Brittany Tote Bag,,,399.95,No Size,,gid://shopify/Product/7986423332954,brittany-tote-bag-60319807,SINGLETON_PARENT|NONSTANDARD_HANDLE
MIM-T-buckle-up-mini-shoulder-bag,Buckle Up Mini Shoulder Bag,Bags Leather,buckle-up-mini-shoulder-bag-60295731-7569,Ivory Snake,1,Y,Buckle Up Mini Shoulder Bag,,,,No Size,,gid://shopify/Product/7986510561370,buckle-up-mini-shoulder-bag-60295731,SINGLETON_PARENT|NONSTANDARD_HANDLE
MIM-T-buckle-up-mini-shoulder-bag,Buckle Up Mini Shoulder Bag,Bags Leather,buckle-up-mini-shoulder-bag-60295732-202,Bitter Chocolate,2,Y,Buckle Up Mini Shoulder Bag,,,,No Size,,gid://shopify/Product/7986510757978,buckle-up-mini-shoulder-bag-60295732,SINGLETON_PARENT|NONSTANDARD_HANDLE
MIM-T-casa-shoulder-bag,Casa Shoulder Bag,Bags Leather,casa-shoulder-bag-60290232-100,White,1,Y,Casa Shoulder Bag,,,,No Size,,gid://shopify/Product/7986318213210,casa-shoulder-bag-60290232,SINGLETON_PARENT|NONSTANDARD_HANDLE
MIM-T-casa-shoulder-bag,Casa Shoulder Bag,Bags Leather,casa-shoulder-bag-60290477-7783,Spiced Apple,2,Y,Casa Shoulder Bag,,,,No Size,,gid://shopify/Product/7986319261786,casa-shoulder-bag-60290477,SINGLETON_PARENT|NONSTANDARD_HANDLE
MIM-T-cedar-bucket-bag,Cedar Bucket Bag,Bags Leather,cedar-bucket-bag-60313108-1,Black,1,Y,Cedar Bucket Bag,,,159,No Size,,gid://shopify/Product/7986388533338,cedar-bucket-bag-60313108,SINGLETON_PARENT|NONSTANDARD_HANDLE
MIM-T-cedar-bucket-bag,Cedar Bucket Bag,Bags Leather,cedar-bucket-bag-60313109-254,Tobacco,2,Y,Cedar Bucket Bag,,,,No Size,,gid://shopify/Product/7986388664410,cedar-bucket-bag-60313109,SINGLETON_PARENT|NONSTANDARD_HANDLE
MIM-T-cedar-crossbody-bag,Cedar Crossbody Bag,Bags Leather,cedar-crossbody-bag-60313111-1,Black,1,Y,Cedar Crossbody Bag,,,199,No Size,,gid://shopify/Product/7986385584218,cedar-crossbody-bag-60313111,SINGLETON_PARENT|NONSTANDARD_HANDLE
MIM-T-cedar-crossbody-bag,Cedar Crossbody Bag,Bags Leather,cedar-crossbody-bag-60313110-254,Tobacco,2,Y,Cedar Crossbody Bag,,,,No Size,,gid://shopify/Product/7986385453146,cedar-crossbody-bag-60313110,SINGLETON_PARENT|NONSTANDARD_HANDLE
MIM-T-centre-stage-mini-bowler-bag,Centre Stage Mini Bowler Bag,Bags Leather,centre-stage-mini-bowler-bag-60302328-254,Tobacco,1,Y,Centre Stage Mini Bowler Bag,,,,No Size,,gid://shopify/Product/7986522882138,centre-stage-mini-bowler-bag-60302328,SINGLETON_PARENT|NONSTANDARD_HANDLE
MIM-T-centre-stage-mini-bowler-bag,Centre Stage Mini Bowler Bag,Bags Leather,centre-stage-mini-bowler-bag-60301644-3637,Black Light Gold,2,Y,Centre Stage Mini Bowler Bag,,,,No Size,,gid://shopify/Product/7986524749914,centre-stage-mini-bowler-bag-60301644,SINGLETON_PARENT|NONSTANDARD_HANDLE
MIM-T-centre-stage-mini-bowler-bag,Centre Stage Mini Bowler Bag,Bags Leather,centre-stage-mini-bowler-bag-60301645-2348,Linen,3,Y,Centre Stage Mini Bowler Bag,,,,No Size,,gid://shopify/Product/7986524913754,centre-stage-mini-bowler-bag-60301645,SINGLETON_PARENT|NONSTANDARD_HANDLE
MIM-T-centre-stage-mini-tote-bag,Centre Stage Mini Tote Bag,Bags Leather,centre-stage-mini-tote-bag-60301551-254,Tobacco,1,Y,Centre Stage Mini Tote Bag,,,,No Size,,gid://shopify/Product/7986521473114,centre-stage-mini-tote-bag-60301551,SINGLETON_PARENT|NONSTANDARD_HANDLE
MIM-T-centre-stage-mini-tote-bag,Centre Stage Mini Tote Bag,Bags Leather,centre-stage-mini-tote-bag-60301552-3637,Black Light Gold,2,Y,Centre Stage Mini Tote Bag,,,,No Size,,gid://shopify/Product/7986521604186,centre-stage-mini-tote-bag-60301552,SINGLETON_PARENT|NONSTANDARD_HANDLE
MIM-T-centre-stage-mini-tote-bag,Centre Stage Mini Tote Bag,Bags Leather,centre-stage-mini-tote-bag-60302327-2348,Linen,3,Y,Centre Stage Mini Tote Bag,,,,No Size,,gid://shopify/Product/7986522685530,centre-stage-mini-tote-bag-60302327,SINGLETON_PARENT|NONSTANDARD_HANDLE
MIM-T-chelsea-crossbody-bag,Chelsea Crossbody Bag,Bags Leather,chelsea-crossbody-bag-60309163-982,Walnut,1,Y,Chelsea Crossbody Bag,,,,No Size,,gid://shopify/Product/7986367397978,chelsea-crossbody-bag-60309163,SINGLETON_PARENT|NONSTANDARD_HANDLE
MIM-T-chelsea-crossbody-bag,Chelsea Crossbody Bag,Bags Leather,chelsea-crossbody-bag-60309164-6525,Pink Dust,2,Y,Chelsea Crossbody Bag,,,,No Size,,gid://shopify/Product/7986367594586,chelsea-crossbody-bag-60309164,SINGLETON_PARENT|NONSTANDARD_HANDLE
MIM-T-classico-crescent-crossbody-bag,Classico Crescent Crossbody Bag,Bags Leather,classico-crescent-crossbody-bag-60269205-3637,Black Light Gold,1,Y,Classico Crescent Crossbody Bag,,,,No Size,,gid://shopify/Product/7986282430554,classico-crescent-crossbody-bag-60269205,SINGLETON_PARENT|NONSTANDARD_HANDLE|DUPLICATE_COLOUR
MIM-T-classico-crescent-crossbody-bag,Classico Crescent Crossbody Bag,Bags Leather,classico-crescent-crossbody-bag-60269206-2351,Almond,2,Y,Classico Crescent Crossbody Bag,,,,No Size,,gid://shopify/Product/7986282594394,classico-crescent-crossbody-bag-60269206,SINGLETON_PARENT|NONSTANDARD_HANDLE|DUPLICATE_COLOUR
MIM-T-classico-crescent-crossbody-bag,Classico Crescent Crossbody Bag,Bags Leather,classico-crescent-crossbody-bag-60274427-9621,Black Gunmetal,3,Y,Classico Crescent Crossbody Bag,,,,No Size,,gid://shopify/Product/7986288394330,classico-crescent-crossbody-bag-60274427,SINGLETON_PARENT|NONSTANDARD_HANDLE|DUPLICATE_COLOUR
MIM-T-classico-crescent-crossbody-bag,Classico Crescent Crossbody Bag,Bags Leather,classico-crescent-crossbody-bag-60277248-1492,Black Rose Gold,4,Y,Classico Crescent Crossbody Bag,,,,No Size,,gid://shopify/Product/7986291146842,classico-crescent-crossbody-bag-60277248,SINGLETON_PARENT|NONSTANDARD_HANDLE|DUPLICATE_COLOUR
MIM-T-classico-crescent-crossbody-bag,Classico Crescent Crossbody Bag,Bags Leather,classico-crescent-crossbody-bag-60312898-3637,Black Light Gold,5,Y,Classico Crescent Crossbody Bag,,,,No Size,,gid://shopify/Product/7986385289306,classico-crescent-crossbody-bag-60312898,SINGLETON_PARENT|NONSTANDARD_HANDLE|DUPLICATE_COLOUR
MIM-T-classico-crescent-crossbody-bag,Classico Crescent Crossbody Bag,Bags Leather,classico-crescent-crossbody-bag-60312899-2351,Almond,6,Y,Classico Crescent Crossbody Bag,,,,No Size,,gid://shopify/Product/7986385322074,classico-crescent-crossbody-bag-60312899,SINGLETON_PARENT|NONSTANDARD_HANDLE|DUPLICATE_COLOUR
MIM-T-classico-crescent-crossbody-bag,Classico Crescent Crossbody Bag,Bags Leather,classico-crescent-crossbody-bag-60312900-974,Caramel,7,Y,Classico Crescent Crossbody Bag,,,,No Size,,gid://shopify/Product/7986385387610,classico-crescent-crossbody-bag-60312900,SINGLETON_PARENT|NONSTANDARD_HANDLE|DUPLICATE_COLOUR
MIM-T-classico-flap-over-crossbody-bag,Classico Flap Over Crossbody Bag,Bags Leather,classico-flap-over-crossbody-bag-60276323-2351,Almond,1,Y,Classico Flap Over Crossbody Bag,,,,No Size,,gid://shopify/Product/7986292097114,classico-flap-over-crossbody-bag-60276323,SINGLETON_PARENT|NONSTANDARD_HANDLE
MIM-T-classico-flap-over-crossbody-bag,Classico Flap Over Crossbody Bag,Bags Leather,classico-flap-over-crossbody-bag-60276325-9601,Matte Black,2,Y,Classico Flap Over Crossbody Bag,,,,No Size,,gid://shopify/Product/7986292260954,classico-flap-over-crossbody-bag-60276325,SINGLETON_PARENT|NONSTANDARD_HANDLE
MIM-T-classico-shoulder-bag,Classico Shoulder Bag,Bags Leather,classico-shoulder-bag-60277403-1752,Zebra Print,1,Y,Classico Shoulder Bag,,,,No Size,,gid://shopify/Product/7986290884698,classico-shoulder-bag-60277403,SINGLETON_PARENT|NONSTANDARD_HANDLE
MIM-T-classico-shoulder-bag,Classico Shoulder Bag,Bags Leather,classico-shoulder-bag-60277457-974,Caramel,2,Y,Classico Shoulder Bag,,,,No Size,,gid://shopify/Product/7986292588634,classico-shoulder-bag-60277457,SINGLETON_PARENT|NONSTANDARD_HANDLE
MIM-T-classico-shoulder-bag,Classico Shoulder Bag,Bags Leather,classico-shoulder-bag-60277458-9439,Foundation,3,Y,Classico Shoulder Bag,,,,No Size,,gid://shopify/Product/7986292752474,classico-shoulder-bag-60277458,SINGLETON_PARENT|NONSTANDARD_HANDLE
MIM-T-classico-shoulder-bag,Classico Shoulder Bag,Bags Leather,classico-shoulder-bag-60281322-898,Sunset Orange,4,Y,Classico Shoulder Bag,,,,No Size,,gid://shopify/Product/7986299404378,classico-shoulder-bag-60281322,SINGLETON_PARENT|NONSTANDARD_HANDLE
MIM-T-classico-shoulder-bag,Classico Shoulder Bag,Bags Leather,classico-shoulder-bag-60282740-9621,Black Gunmetal,5,Y,Classico Shoulder Bag,,,,No Size,,gid://shopify/Product/7986301829210,classico-shoulder-bag-60282740,SINGLETON_PARENT|NONSTANDARD_HANDLE
MIM-T-classico-shoulder-bag,Classico Shoulder Bag,Bags Leather,classico-shoulder-bag-60282795-1492,Black Rose Gold,6,Y,Classico Shoulder Bag,,,,No Size,,gid://shopify/Product/7986301993050,classico-shoulder-bag-60282795,SINGLETON_PARENT|NONSTANDARD_HANDLE
MIM-T-cleo-crossbody-bag,Cleo Crossbody Bag,Bags Leather,cleo-crossbody-bag-60312130-2348,Linen,1,Y,Cleo Crossbody Bag,,,,No Size,,gid://shopify/Product/7986383585370,cleo-crossbody-bag-60312130,SINGLETON_PARENT|NONSTANDARD_HANDLE
MIM-T-cleo-crossbody-bag,Cleo Crossbody Bag,Bags Leather,cleo-crossbody-bag-60312131-101,Buttermilk,2,Y,Cleo Crossbody Bag,,,,No Size,,gid://shopify/Product/7986383683674,cleo-crossbody-bag-60312131,SINGLETON_PARENT|NONSTANDARD_HANDLE
MIM-T-cleo-crossbody-bag,Cleo Crossbody Bag,Bags Leather,cleo-crossbody-bag-60312129-1,Black,3,Y,Cleo Crossbody Bag,,,,No Size,,gid://shopify/Product/7986383388762,cleo-crossbody-bag-60312129,SINGLETON_PARENT|NONSTANDARD_HANDLE
MIM-T-cleo-tote-bag,Cleo Tote Bag,Bags Leather,cleo-tote-bag-60312127-2348,Linen,1,Y,Cleo Tote Bag,,,,No Size,,gid://shopify/Product/7986383093850,cleo-tote-bag-60312127,SINGLETON_PARENT|NONSTANDARD_HANDLE
MIM-T-cleo-tote-bag,Cleo Tote Bag,Bags Leather,cleo-tote-bag-60312128-1,Black,2,Y,Cleo Tote Bag,,,,No Size,,gid://shopify/Product/7986383257690,cleo-tote-bag-60312128,SINGLETON_PARENT|NONSTANDARD_HANDLE
MIM-T-cove-slim-shoulder-bag,Cove Slim Shoulder Bag,Bags Leather,cove-slim-shoulder-bag-60312105-3718,Light Gold,1,Y,Cove Slim Shoulder Bag,,,199.95,No Size,,gid://shopify/Product/7986383781978,cove-slim-shoulder-bag-60312105,SINGLETON_PARENT|NONSTANDARD_HANDLE|SIZE_SCALE_DIFF|PRICE_VARIANCE
MIM-T-cove-slim-shoulder-bag,Cove Slim Shoulder Bag,Bags Leather,cove-slim-shoulder-bag-60312107-1,Black,2,Y,Cove Slim Shoulder Bag,,,199.95,No Size,,gid://shopify/Product/7986383945818,cove-slim-shoulder-bag-60312107,SINGLETON_PARENT|NONSTANDARD_HANDLE|SIZE_SCALE_DIFF|PRICE_VARIANCE
MIM-T-cove-slim-shoulder-bag,Cove Slim Shoulder Bag,Bags Leather,cove-slim-shoulder-bag-60312108-657,Petal,3,Y,Cove Slim Shoulder Bag,,,99,No Size,,gid://shopify/Product/7986384076890,cove-slim-shoulder-bag-60312108,SINGLETON_PARENT|NONSTANDARD_HANDLE|SIZE_SCALE_DIFF|PRICE_VARIANCE
MIM-T-cove-slim-shoulder-bag,Cove Slim Shoulder Bag,Bags Leather,cove-slim-shoulder-bag-60312109-100,White,4,Y,Cove Slim Shoulder Bag,,,,No Size,,gid://shopify/Product/7986384240730,cove-slim-shoulder-bag-60312109,SINGLETON_PARENT|NONSTANDARD_HANDLE|SIZE_SCALE_DIFF|PRICE_VARIANCE
MIM-T-cove-slim-shoulder-bag,Cove Slim Shoulder Bag,Bags Leather,cove-slim-shoulder-bag-60312110-2348,Linen,5,Y,Cove Slim Shoulder Bag,,,199.95,No Size,,gid://shopify/Product/7986384371802,cove-slim-shoulder-bag-60312110,SINGLETON_PARENT|NONSTANDARD_HANDLE|SIZE_SCALE_DIFF|PRICE_VARIANCE
MIM-T-cove-slim-shoulder-bag,Cove Slim Shoulder Bag,Bags Leather,cove-slim-shoulder-bag-60314917-6121,Lipstick Red,6,Y,Cove Slim Shoulder Bag,,,,No Size,,gid://shopify/Product/7986402820186,cove-slim-shoulder-bag-60314917,SINGLETON_PARENT|NONSTANDARD_HANDLE|SIZE_SCALE_DIFF|PRICE_VARIANCE
MIM-T-cove-slim-shoulder-bag,Cove Slim Shoulder Bag,Bags Leather,cove-slim-shoulder-bag-60318016-202,Bitter Chocolate,7,Y,Cove Slim Shoulder Bag,,,229.95,One Size,,gid://shopify/Product/7986412814426,cove-slim-shoulder-bag-60318016,SINGLETON_PARENT|NONSTANDARD_HANDLE|SIZE_SCALE_DIFF|PRICE_VARIANCE
MIM-T-cove-slim-shoulder-bag,Cove Slim Shoulder Bag,Bags Leather,cove-slim-shoulder-bag-60319888-9961,Animal Print,8,Y,Cove Slim Shoulder Bag,,,,One Size,,gid://shopify/Product/7986423660634,cove-slim-shoulder-bag-60319888,SINGLETON_PARENT|NONSTANDARD_HANDLE|SIZE_SCALE_DIFF|PRICE_VARIANCE
MIM-T-cremorne-crossbody-bag,Cremorne Crossbody Bag,Bags Leather,cremorne-crossbody-bag-60307827-3024,Forest,1,Y,Cremorne Crossbody Bag,,,,No Size,,gid://shopify/Product/7986357338202,cremorne-crossbody-bag-60307827,SINGLETON_PARENT|NONSTANDARD_HANDLE
MIM-T-cremorne-crossbody-bag,Cremorne Crossbody Bag,Bags Leather,cremorne-crossbody-bag-60308011-9439,Foundation,2,Y,Cremorne Crossbody Bag,,,,No Size,,gid://shopify/Product/7986357403738,cremorne-crossbody-bag-60308011,SINGLETON_PARENT|NONSTANDARD_HANDLE
MIM-T-cremorne-crossbody-bag,Cremorne Crossbody Bag,Bags Leather,cremorne-crossbody-bag-60308012-476,Powder Blue,3,Y,Cremorne Crossbody Bag,,,,No Size,,gid://shopify/Product/7986357567578,cremorne-crossbody-bag-60308012,SINGLETON_PARENT|NONSTANDARD_HANDLE
MIM-T-cremorne-crossbody-bag,Cremorne Crossbody Bag,Bags Leather,cremorne-crossbody-bag-60307988-3637,Black Light Gold,4,Y,Cremorne Crossbody Bag,,,,No Size,,gid://shopify/Product/7986357796954,cremorne-crossbody-bag-60307988,SINGLETON_PARENT|NONSTANDARD_HANDLE
MIM-T-cremorne-mini-tote-bag,Cremorne Mini Tote Bag,Bags Leather,cremorne-mini-tote-bag-60307826-3024,Forest,1,Y,Cremorne Mini Tote Bag,,,,No Size,,gid://shopify/Product/7986357207130,cremorne-mini-tote-bag-60307826,SINGLETON_PARENT|NONSTANDARD_HANDLE
MIM-T-cremorne-mini-tote-bag,Cremorne Mini Tote Bag,Bags Leather,cremorne-mini-tote-bag-60308013-3637,Black Light Gold,2,Y,Cremorne Mini Tote Bag,,,,No Size,,gid://shopify/Product/7986357731418,cremorne-mini-tote-bag-60308013,SINGLETON_PARENT|NONSTANDARD_HANDLE
MIM-T-cremorne-mini-tote-bag,Cremorne Mini Tote Bag,Bags Leather,cremorne-mini-tote-bag-60308014-9439,Foundation,3,Y,Cremorne Mini Tote Bag,,,,No Size,,gid://shopify/Product/7986357895258,cremorne-mini-tote-bag-60308014,SINGLETON_PARENT|NONSTANDARD_HANDLE
MIM-T-cremorne-mini-tote-bag,Cremorne Mini Tote Bag,Bags Leather,cremorne-mini-tote-bag-60308015-476,Powder Blue,4,Y,Cremorne Mini Tote Bag,,,,No Size,,gid://shopify/Product/7986358059098,cremorne-mini-tote-bag-60308015,SINGLETON_PARENT|NONSTANDARD_HANDLE
MIM-T-cremorne-tote-bag,Cremorne Tote Bag,Bags Leather,cremorne-tote-bag-60307825-3024,Forest,1,Y,Cremorne Tote Bag,,,,No Size,,gid://shopify/Product/7986357043290,cremorne-tote-bag-60307825,SINGLETON_PARENT|NONSTANDARD_HANDLE
MIM-T-cremorne-tote-bag,Cremorne Tote Bag,Bags Leather,cremorne-tote-bag-60308016-3637,Black Light Gold,2,Y,Cremorne Tote Bag,,,,No Size,,gid://shopify/Product/7986358288474,cremorne-tote-bag-60308016,SINGLETON_PARENT|NONSTANDARD_HANDLE
MIM-T-cremorne-tote-bag,Cremorne Tote Bag,Bags Leather,cremorne-tote-bag-60308017-9439,Foundation,3,Y,Cremorne Tote Bag,,,,No Size,,gid://shopify/Product/7986358321242,cremorne-tote-bag-60308017,SINGLETON_PARENT|NONSTANDARD_HANDLE
MIM-T-d-vine-camera-crossbody-bag,D-Vine Camera Crossbody Bag,Bags Leather,d-vine-camera-crossbody-bag-60283816-1492,Black Rose Gold,1,Y,D-Vine Camera Crossbody Bag,,,,No Size,,gid://shopify/Product/7986304352346,d-vine-camera-crossbody-bag-60283816,SINGLETON_PARENT|NONSTANDARD_HANDLE
MIM-T-d-vine-camera-crossbody-bag,D-Vine Camera Crossbody Bag,Bags Leather,d-vine-camera-crossbody-bag-60283817-2351,Almond,2,Y,D-Vine Camera Crossbody Bag,,,,No Size,,gid://shopify/Product/7986301173850,d-vine-camera-crossbody-bag-60283817,SINGLETON_PARENT|NONSTANDARD_HANDLE
MIM-T-d-vine-camera-crossbody-bag,D-Vine Camera Crossbody Bag,Bags Leather,d-vine-camera-crossbody-bag-60283818-974,Caramel,3,Y,D-Vine Camera Crossbody Bag,,,,No Size,,gid://shopify/Product/7986301370458,d-vine-camera-crossbody-bag-60283818,SINGLETON_PARENT|NONSTANDARD_HANDLE
MIM-T-d-vine-camera-crossbody-bag,D-Vine Camera Crossbody Bag,Bags Leather,d-vine-camera-crossbody-bag-60286052-1702,Rich Berry,4,Y,D-Vine Camera Crossbody Bag,,,,No Size,,gid://shopify/Product/7986308120666,d-vine-camera-crossbody-bag-60286052,SINGLETON_PARENT|NONSTANDARD_HANDLE
MIM-T-d-vine-camera-crossbody-bag,D-Vine Camera Crossbody Bag,Bags Leather,d-vine-camera-crossbody-bag-60286686-7895,Pink Splash,5,Y,D-Vine Camera Crossbody Bag,,,,No Size,,gid://shopify/Product/7986308710490,d-vine-camera-crossbody-bag-60286686,SINGLETON_PARENT|NONSTANDARD_HANDLE
MIM-T-d-vine-cross-body-bag,D-Vine Cross Body Bag,Bags Leather,d-vine-cross-body-bag-60252978-9514,Balsa,1,Y,D-Vine Cross Body Bag,,,,No Size,,gid://shopify/Product/7986269913178,d-vine-cross-body-bag-60252978,SINGLETON_PARENT|NONSTANDARD_HANDLE|SIZE_SCALE_DIFF
MIM-T-d-vine-cross-body-bag,D-Vine Cross Body Bag,Bags Leather,d-vine-cross-body-bag-60262724-9529,Moss Green,2,Y,D-Vine Cross Body Bag,,,,One Size,,gid://shopify/Product/7986275024986,d-vine-cross-body-bag-60262724,SINGLETON_PARENT|NONSTANDARD_HANDLE|SIZE_SCALE_DIFF
MIM-T-d-vine-crossbody-bag,D-Vine Crossbody Bag,Bags Leather,d-vine-crossbody-bag-60252977-1492,Black Rose Gold,1,Y,D-Vine Crossbody Bag,,,,No Size,,gid://shopify/Product/7986269651034,d-vine-crossbody-bag-60252977,SINGLETON_PARENT|NONSTANDARD_HANDLE|SIZE_SCALE_DIFF
MIM-T-d-vine-crossbody-bag,D-Vine Crossbody Bag,Bags Leather,d-vine-crossbody-bag-60258656-974,Caramel,2,Y,D-Vine Crossbody Bag,,,,No Size,,gid://shopify/Product/7986272239706,d-vine-crossbody-bag-60258656,SINGLETON_PARENT|NONSTANDARD_HANDLE|SIZE_SCALE_DIFF
MIM-T-d-vine-crossbody-bag,D-Vine Crossbody Bag,Bags Leather,d-vine-crossbody-bag-60262725-2351,Almond,3,Y,D-Vine Crossbody Bag,,,,One Size,,gid://shopify/Product/7986275221594,d-vine-crossbody-bag-60262725,SINGLETON_PARENT|NONSTANDARD_HANDLE|SIZE_SCALE_DIFF
MIM-T-d-vine-grab-crossbody-bag,D-Vine Grab Crossbody Bag,Bags Leather,d-vine-grab-crossbody-bag-60281068-2351,Almond,1,Y,D-Vine Grab Crossbody Bag,,,,No Size,,gid://shopify/Product/7986298191962,d-vine-grab-crossbody-bag-60281068,SINGLETON_PARENT|NONSTANDARD_HANDLE
MIM-T-d-vine-grab-crossbody-bag,D-Vine Grab Crossbody Bag,Bags Leather,d-vine-grab-crossbody-bag-60281069-974,Caramel,2,Y,D-Vine Grab Crossbody Bag,,,,No Size,,gid://shopify/Product/7986298355802,d-vine-grab-crossbody-bag-60281069,SINGLETON_PARENT|NONSTANDARD_HANDLE
MIM-T-d-vine-grab-crossbody-bag,D-Vine Grab Crossbody Bag,Bags Leather,d-vine-grab-crossbody-bag-60281070-1492,Black Rose Gold,3,Y,D-Vine Grab Crossbody Bag,,,,No Size,,gid://shopify/Product/7986298519642,d-vine-grab-crossbody-bag-60281070,SINGLETON_PARENT|NONSTANDARD_HANDLE
MIM-T-d-vine-grab-crossbody-bag,D-Vine Grab Crossbody Bag,Bags Leather,d-vine-grab-crossbody-bag-60286051-3109,Lagoon,4,Y,D-Vine Grab Crossbody Bag,,,,No Size,,gid://shopify/Product/7986307956826,d-vine-grab-crossbody-bag-60286051,SINGLETON_PARENT|NONSTANDARD_HANDLE
MIM-T-d-vine-grab-crossbody-bag,D-Vine Grab Crossbody Bag,Bags Leather,d-vine-grab-crossbody-bag-60286687-7895,Pink Splash,5,Y,D-Vine Grab Crossbody Bag,,,,No Size,,gid://shopify/Product/7986308874330,d-vine-grab-crossbody-bag-60286687,SINGLETON_PARENT|NONSTANDARD_HANDLE
MIM-T-d-vine-mini-tote-bag,D-Vine Mini Tote Bag,Bags Leather,d-vine-mini-tote-bag-60270738-1492,Black Rose Gold,1,Y,D-Vine Mini Tote Bag,,,,No Size,,gid://shopify/Product/7986284953690,d-vine-mini-tote-bag-60270738,SINGLETON_PARENT|NONSTANDARD_HANDLE|DUPLICATE_COLOUR
MIM-T-d-vine-mini-tote-bag,D-Vine Mini Tote Bag,Bags Leather,d-vine-mini-tote-bag-60270739-2351,Almond,2,Y,D-Vine Mini Tote Bag,,,,No Size,,gid://shopify/Product/7986285150298,d-vine-mini-tote-bag-60270739,SINGLETON_PARENT|NONSTANDARD_HANDLE|DUPLICATE_COLOUR
MIM-T-d-vine-mini-tote-bag,D-Vine Mini Tote Bag,Bags Leather,d-vine-mini-tote-bag-60270740-974,Caramel,3,Y,D-Vine Mini Tote Bag,,,,No Size,,gid://shopify/Product/7986285346906,d-vine-mini-tote-bag-60270740,SINGLETON_PARENT|NONSTANDARD_HANDLE|DUPLICATE_COLOUR
MIM-T-d-vine-mini-tote-bag,D-Vine Mini Tote Bag,Bags Leather,d-vine-mini-tote-bag-60283828-2351,Almond,4,Y,D-Vine Mini Tote Bag,,,,No Size,,gid://shopify/Product/7986302845018,d-vine-mini-tote-bag-60283828,SINGLETON_PARENT|NONSTANDARD_HANDLE|DUPLICATE_COLOUR
MIM-T-d-vine-mini-tote-bag,D-Vine Mini Tote Bag,Bags Leather,d-vine-mini-tote-bag-60283829-974,Caramel,5,Y,D-Vine Mini Tote Bag,,,,No Size,,gid://shopify/Product/7986303008858,d-vine-mini-tote-bag-60283829,SINGLETON_PARENT|NONSTANDARD_HANDLE|DUPLICATE_COLOUR
MIM-T-d-vine-mini-tote-bag,D-Vine Mini Tote Bag,Bags Leather,d-vine-mini-tote-bag-60283830-6662,Powder Puff,6,Y,D-Vine Mini Tote Bag,,,,No Size,,gid://shopify/Product/7986303139930,d-vine-mini-tote-bag-60283830,SINGLETON_PARENT|NONSTANDARD_HANDLE|DUPLICATE_COLOUR
MIM-T-d-vine-mini-tote-bag,D-Vine Mini Tote Bag,Bags Leather,d-vine-mini-tote-bag-60283827-1492,Black Rose Gold,7,Y,D-Vine Mini Tote Bag,,,,No Size,,gid://shopify/Product/7986302681178,d-vine-mini-tote-bag-60283827,SINGLETON_PARENT|NONSTANDARD_HANDLE|DUPLICATE_COLOUR
MIM-T-d-vine-mini-tote-bag,D-Vine Mini Tote Bag,Bags Leather,d-vine-mini-tote-bag-60285704-3109,Lagoon,8,Y,D-Vine Mini Tote Bag,,,,No Size,,gid://shopify/Product/7986304614490,d-vine-mini-tote-bag-60285704,SINGLETON_PARENT|NONSTANDARD_HANDLE|DUPLICATE_COLOUR
MIM-T-d-vine-sling-crossbody-bag,D-Vine Sling Crossbody Bag,Bags Leather,d-vine-sling-crossbody-bag-60266738-1492,Black Rose Gold,1,Y,D-Vine Sling Crossbody Bag,,,,One Size,,gid://shopify/Product/7986278662234,d-vine-sling-crossbody-bag-60266738,SINGLETON_PARENT|NONSTANDARD_HANDLE|SIZE_SCALE_DIFF
MIM-T-d-vine-sling-crossbody-bag,D-Vine Sling Crossbody Bag,Bags Leather,d-vine-sling-crossbody-bag-60266739-2351,Almond,2,Y,D-Vine Sling Crossbody Bag,,,,One Size,,gid://shopify/Product/7986278793306,d-vine-sling-crossbody-bag-60266739,SINGLETON_PARENT|NONSTANDARD_HANDLE|SIZE_SCALE_DIFF
MIM-T-d-vine-sling-crossbody-bag,D-Vine Sling Crossbody Bag,Bags Leather,d-vine-sling-crossbody-bag-60270520-100,White,3,Y,D-Vine Sling Crossbody Bag,,,,No Size,,gid://shopify/Product/7986284331098,d-vine-sling-crossbody-bag-60270520,SINGLETON_PARENT|NONSTANDARD_HANDLE|SIZE_SCALE_DIFF
MIM-T-d-vine-sling-crossbody-bag,D-Vine Sling Crossbody Bag,Bags Leather,d-vine-sling-crossbody-bag-60274430-8921,Cool Fern,4,Y,D-Vine Sling Crossbody Bag,,,,No Size,,gid://shopify/Product/7986288525402,d-vine-sling-crossbody-bag-60274430,SINGLETON_PARENT|NONSTANDARD_HANDLE|SIZE_SCALE_DIFF
MIM-T-d-vine-sling-crossbody-bag,D-Vine Sling Crossbody Bag,Bags Leather,d-vine-sling-crossbody-bag-60281041-3031,Field Green,5,Y,D-Vine Sling Crossbody Bag,,,,No Size,,gid://shopify/Product/7986297274458,d-vine-sling-crossbody-bag-60281041,SINGLETON_PARENT|NONSTANDARD_HANDLE|SIZE_SCALE_DIFF
MIM-T-d-vine-tote-bag,D-Vine Tote Bag,Bags Leather,d-vine-tote-bag-60252981-1492,Black Rose Gold,1,Y,D-Vine Tote Bag,,,,No Size,,gid://shopify/Product/7986270011482,d-vine-tote-bag-60252981,SINGLETON_PARENT|NONSTANDARD_HANDLE|DUPLICATE_COLOUR
MIM-T-d-vine-tote-bag,D-Vine Tote Bag,Bags Leather,d-vine-tote-bag-60283821-1492,Black Rose Gold,2,Y,D-Vine Tote Bag,,,,No Size,,gid://shopify/Product/7986301567066,d-vine-tote-bag-60283821,SINGLETON_PARENT|NONSTANDARD_HANDLE|DUPLICATE_COLOUR
MIM-T-d-vine-tote-bag,D-Vine Tote Bag,Bags Leather,d-vine-tote-bag-60283822-2351,Almond,3,Y,D-Vine Tote Bag,,,,No Size,,gid://shopify/Product/7986301698138,d-vine-tote-bag-60283822,SINGLETON_PARENT|NONSTANDARD_HANDLE|DUPLICATE_COLOUR
MIM-T-d-vine-tote-bag,D-Vine Tote Bag,Bags Leather,d-vine-tote-bag-60283823-974,Caramel,4,Y,D-Vine Tote Bag,,,,No Size,,gid://shopify/Product/7986301861978,d-vine-tote-bag-60283823,SINGLETON_PARENT|NONSTANDARD_HANDLE|DUPLICATE_COLOUR
MIM-T-d-vine-tote-bag,D-Vine Tote Bag,Bags Leather,d-vine-tote-bag-60286053-1702,Rich Berry,5,Y,D-Vine Tote Bag,,,,No Size,,gid://shopify/Product/7986308284506,d-vine-tote-bag-60286053,SINGLETON_PARENT|NONSTANDARD_HANDLE|DUPLICATE_COLOUR
MIM-T-d-vine-worker-tote-bag,D-Vine Worker Tote Bag,Bags Leather,d-vine-worker-tote-bag-60283824-1492,Black Rose Gold,1,Y,D-Vine Worker Tote Bag,,,,No Size,,gid://shopify/Product/7986302091354,d-vine-worker-tote-bag-60283824,SINGLETON_PARENT|NONSTANDARD_HANDLE
MIM-T-d-vine-worker-tote-bag,D-Vine Worker Tote Bag,Bags Leather,d-vine-worker-tote-bag-60283825-2351,Almond,2,Y,D-Vine Worker Tote Bag,,,,No Size,,gid://shopify/Product/7986302255194,d-vine-worker-tote-bag-60283825,SINGLETON_PARENT|NONSTANDARD_HANDLE
MIM-T-darcy-bowler-bag,Darcy Bowler Bag,Bags Leather,darcy-bowler-bag-60308034-3637,Black Light Gold,1,Y,Darcy Bowler Bag,,,,No Size,,gid://shopify/Product/7986360516698,darcy-bowler-bag-60308034,SINGLETON_PARENT|NONSTANDARD_HANDLE
MIM-T-darcy-bowler-bag,Darcy Bowler Bag,Bags Leather,darcy-bowler-bag-60308035-9599,Fawn,2,Y,Darcy Bowler Bag,,,,No Size,,gid://shopify/Product/7986360680538,darcy-bowler-bag-60308035,SINGLETON_PARENT|NONSTANDARD_HANDLE
MIM-T-darcy-bowler-bag,Darcy Bowler Bag,Bags Leather,darcy-bowler-bag-60308037-1085,Alabaster,3,Y,Darcy Bowler Bag,,,,No Size,,gid://shopify/Product/7986360844378,darcy-bowler-bag-60308037,SINGLETON_PARENT|NONSTANDARD_HANDLE
MIM-T-darcy-bwlr-bg,Darcy Bwlr Bg,Bags Leather,darcy-bwlr-bg-60306163-1085,Alabaster,1,Y,Darcy Bwlr Bg,,,,No Size,,gid://shopify/Product/7986348884058,darcy-bwlr-bg-60306163,SINGLETON_PARENT|NONSTANDARD_HANDLE
MIM-T-darcy-bwlr-bg,Darcy Bwlr Bg,Bags Leather,darcy-bwlr-bg-60306164-3637,Black Light Gold,2,Y,Darcy Bwlr Bg,,,,No Size,,gid://shopify/Product/7986349080666,darcy-bwlr-bg-60306164,SINGLETON_PARENT|NONSTANDARD_HANDLE
MIM-T-darcy-bwlr-bg,Darcy Bwlr Bg,Bags Leather,darcy-bwlr-bg-60306162-9599,Fawn,3,Y,Darcy Bwlr Bg,,,,No Size,,gid://shopify/Product/7986348687450,darcy-bwlr-bg-60306162,SINGLETON_PARENT|NONSTANDARD_HANDLE
MIM-T-darcy-crossbody-bag,Darcy Crossbody Bag,Bags Leather,darcy-crossbody-bag-60307967-9599,Fawn,1,Y,Darcy Crossbody Bag,,,,No Size,,gid://shopify/Product/7986357370970,darcy-crossbody-bag-60307967,SINGLETON_PARENT|NONSTANDARD_HANDLE
MIM-T-darcy-crossbody-bag,Darcy Crossbody Bag,Bags Leather,darcy-crossbody-bag-60307969-1085,Alabaster,2,Y,Darcy Crossbody Bag,,,,No Size,,gid://shopify/Product/7986357633114,darcy-crossbody-bag-60307969,SINGLETON_PARENT|NONSTANDARD_HANDLE
MIM-T-darcy-tote,Darcy Tote,Bags Leather,darcy-tote-60306159-3637,Black Light Gold,1,Y,Darcy Tote,,,,No Size,,gid://shopify/Product/7986348359770,darcy-tote-60306159,SINGLETON_PARENT|NONSTANDARD_HANDLE
MIM-T-darcy-tote,Darcy Tote,Bags Leather,darcy-tote-60306161-9599,Fawn,2,Y,Darcy Tote,,,,No Size,,gid://shopify/Product/7986348523610,darcy-tote-60306161,SINGLETON_PARENT|NONSTANDARD_HANDLE
MIM-T-darcy-tote-bag,Darcy Tote Bag,Bags Leather,darcy-tote-bag-60308039-3637,Black Light Gold,1,Y,Darcy Tote Bag,,,,No Size,,gid://shopify/Product/7986361303130,darcy-tote-bag-60308039,SINGLETON_PARENT|NONSTANDARD_HANDLE
MIM-T-darcy-tote-bag,Darcy Tote Bag,Bags Leather,darcy-tote-bag-60308040-9599,Fawn,2,Y,Darcy Tote Bag,,,,No Size,,gid://shopify/Product/7986361499738,darcy-tote-bag-60308040,SINGLETON_PARENT|NONSTANDARD_HANDLE
MIM-T-daydream-hip-bag,Daydream Hip Bag,Bags Leather,daydream-hip-bag-60223061-9621,Black Gunmetal,1,Y,Daydream Hip Bag,,,,No Size,,gid://shopify/Product/7986258280538,daydream-hip-bag-60223061,SINGLETON_PARENT|NONSTANDARD_HANDLE
MIM-T-daydream-hip-bag,Daydream Hip Bag,Bags Leather,daydream-hip-bag-60223221-706,Honey,2,Y,Daydream Hip Bag,,,,No Size,,gid://shopify/Product/7986258477146,daydream-hip-bag-60223221,SINGLETON_PARENT|NONSTANDARD_HANDLE
MIM-T-daydream-hip-bag,Daydream Hip Bag,Bags Leather,daydream-hip-bag-60214334-1,Black,3,Y,Daydream Hip Bag,,,,No Size,,gid://shopify/Product/7986260934746,daydream-hip-bag-60214334,SINGLETON_PARENT|NONSTANDARD_HANDLE
MIM-T-daydream-hip-bag,Daydream Hip Bag,Bags Leather,daydream-hip-bag-60232485-1781,Black Gold,4,Y,Daydream Hip Bag,,,,No Size,,gid://shopify/Product/7986262540378,daydream-hip-bag-60232485,SINGLETON_PARENT|NONSTANDARD_HANDLE
MIM-T-daydream-hip-bag,Daydream Hip Bag,Bags Leather,daydream-hip-bag-60242787-290,Camel,5,Y,Daydream Hip Bag,,,,No Size,,gid://shopify/Product/7986263720026,daydream-hip-bag-60242787,SINGLETON_PARENT|NONSTANDARD_HANDLE
MIM-T-daydream-hip-bag,Daydream Hip Bag,Bags Leather,daydream-hip-bag-60243709-9830,Prairie,6,Y,Daydream Hip Bag,,,,No Size,,gid://shopify/Product/7986266079322,daydream-hip-bag-60243709,SINGLETON_PARENT|NONSTANDARD_HANDLE
MIM-T-daydream-hip-bag,Daydream Hip Bag,Bags Leather,daydream-hip-bag-60243711-9864,Confetti,7,Y,Daydream Hip Bag,,,,No Size,,gid://shopify/Product/7986266243162,daydream-hip-bag-60243711,SINGLETON_PARENT|NONSTANDARD_HANDLE
MIM-T-daydream-hip-bag,Daydream Hip Bag,Bags Leather,daydream-hip-bag-60250941-124,Pancake,8,Y,Daydream Hip Bag,,,,No Size,,gid://shopify/Product/7986267750490,daydream-hip-bag-60250941,SINGLETON_PARENT|NONSTANDARD_HANDLE
MIM-T-deco-crossbody-bag,Deco Crossbody Bag,Bags Leather,deco-crossbody-bag-60290245-100,White,1,Y,Deco Crossbody Bag,,,,No Size,,gid://shopify/Product/7986318835802,deco-crossbody-bag-60290245,SINGLETON_PARENT|NONSTANDARD_HANDLE
MIM-T-deco-crossbody-bag,Deco Crossbody Bag,Bags Leather,deco-crossbody-bag-60290246-7746,Mousse,2,Y,Deco Crossbody Bag,,,,No Size,,gid://shopify/Product/7986318999642,deco-crossbody-bag-60290246,SINGLETON_PARENT|NONSTANDARD_HANDLE
MIM-T-dolly-shoulder-bag,Dolly Shoulder Bag,Bags Leather,dolly-shoulder-bag-60299155-100,White,1,Y,Dolly Shoulder Bag,,,,No Size,,gid://shopify/Product/7986341150810,dolly-shoulder-bag-60299155,SINGLETON_PARENT|NONSTANDARD_HANDLE
MIM-T-dolly-shoulder-bag,Dolly Shoulder Bag,Bags Leather,dolly-shoulder-bag-60299156-7679,Matcha Snake,2,Y,Dolly Shoulder Bag,,,,No Size,,gid://shopify/Product/7986338332762,dolly-shoulder-bag-60299156,SINGLETON_PARENT|NONSTANDARD_HANDLE
MIM-T-dolly-shoulder-bag,Dolly Shoulder Bag,Bags Leather,dolly-shoulder-bag-60318045-1,Black,3,Y,Dolly Shoulder Bag,,,349.95,No Size,,gid://shopify/Product/7986413011034,dolly-shoulder-bag-60318045,SINGLETON_PARENT|NONSTANDARD_HANDLE
MIM-T-dolly-shoulder-bag,Dolly Shoulder Bag,Bags Leather,dolly-shoulder-bag-60319812-9961,Animal Print,4,Y,Dolly Shoulder Bag,,,,No Size,,gid://shopify/Product/7986423496794,dolly-shoulder-bag-60319812,SINGLETON_PARENT|NONSTANDARD_HANDLE
MIM-T-dolly-shoulder-bag,Dolly Shoulder Bag,Bags Leather,dolly-shoulder-bag-60296876-3637,Black Light Gold,5,Y,Dolly Shoulder Bag,,,,No Size,,gid://shopify/Product/7986519212122,dolly-shoulder-bag-60296876,SINGLETON_PARENT|NONSTANDARD_HANDLE
MIM-T-dolly-shoulder-bag,Dolly Shoulder Bag,Bags Leather,dolly-shoulder-bag-60296877-950,Brandy,6,Y,Dolly Shoulder Bag,,,,No Size,,gid://shopify/Product/7986519408730,dolly-shoulder-bag-60296877,SINGLETON_PARENT|NONSTANDARD_HANDLE
MIM-T-dolly-shoulder-bag,Dolly Shoulder Bag,Bags Leather,dolly-shoulder-bag-60296879-3718,Light Gold,7,Y,Dolly Shoulder Bag,,,,No Size,,gid://shopify/Product/7986519572570,dolly-shoulder-bag-60296879,SINGLETON_PARENT|NONSTANDARD_HANDLE
MIM-T-donna-crossbody-bag,Donna Crossbody Bag,Bags Leather,donna-crossbody-bag-60299418-2348,Linen,1,Y,Donna Crossbody Bag,,,,No Size,,gid://shopify/Product/7986341412954,donna-crossbody-bag-60299418,SINGLETON_PARENT|NONSTANDARD_HANDLE
MIM-T-donna-crossbody-bag,Donna Crossbody Bag,Bags Leather,donna-crossbody-bag-60302388-3637,Black Light Gold,2,Y,Donna Crossbody Bag,,,,No Size,,gid://shopify/Product/7986521342042,donna-crossbody-bag-60302388,SINGLETON_PARENT|NONSTANDARD_HANDLE
MIM-T-donna-crossbody-bag,Donna Crossbody Bag,Bags Leather,donna-crossbody-bag-60301633-302,Sage,3,Y,Donna Crossbody Bag,,,,No Size,,gid://shopify/Product/7986524127322,donna-crossbody-bag-60301633,SINGLETON_PARENT|NONSTANDARD_HANDLE
MIM-T-donna-large-zip-hobo-bag,Donna Large Zip Hobo Bag,Bags Leather,donna-large-zip-hobo-bag-60299414-302,Sage,1,Y,Donna Large Zip Hobo Bag,,,,No Size,,gid://shopify/Product/7986340888666,donna-large-zip-hobo-bag-60299414,SINGLETON_PARENT|NONSTANDARD_HANDLE
MIM-T-donna-large-zip-hobo-bag,Donna Large Zip Hobo Bag,Bags Leather,donna-large-zip-hobo-bag-60304120-3637,Black Light Gold,2,Y,Donna Large Zip Hobo Bag,,,,No Size,,gid://shopify/Product/7986342527066,donna-large-zip-hobo-bag-60304120,SINGLETON_PARENT|NONSTANDARD_HANDLE
MIM-T-donna-large-zip-hobo-bag,Donna Large Zip Hobo Bag,Bags Leather,donna-large-zip-hobo-bag-60301632-254,Tobacco,3,Y,Donna Large Zip Hobo Bag,,,,No Size,,gid://shopify/Product/7986523963482,donna-large-zip-hobo-bag-60301632,SINGLETON_PARENT|NONSTANDARD_HANDLE
MIM-T-donna-small-zip-hobo-bag,Donna Small Zip Hobo Bag,Bags Leather,donna-small-zip-hobo-bag-60299415-302,Sage,1,Y,Donna Small Zip Hobo Bag,,,,No Size,,gid://shopify/Product/7986341052506,donna-small-zip-hobo-bag-60299415,SINGLETON_PARENT|NONSTANDARD_HANDLE
MIM-T-donna-small-zip-hobo-bag,Donna Small Zip Hobo Bag,Bags Leather,donna-small-zip-hobo-bag-60299416-2348,Linen,2,Y,Donna Small Zip Hobo Bag,,,,No Size,,gid://shopify/Product/7986341249114,donna-small-zip-hobo-bag-60299416,SINGLETON_PARENT|NONSTANDARD_HANDLE
MIM-T-donna-small-zip-hobo-bag,Donna Small Zip Hobo Bag,Bags Leather,donna-small-zip-hobo-bag-60299417-254,Tobacco,3,Y,Donna Small Zip Hobo Bag,,,,No Size,,gid://shopify/Product/7986341347418,donna-small-zip-hobo-bag-60299417,SINGLETON_PARENT|NONSTANDARD_HANDLE
MIM-T-donna-small-zip-hobo-bag,Donna Small Zip Hobo Bag,Bags Leather,donna-small-zip-hobo-bag-60304121-3637,Black Light Gold,4,Y,Donna Small Zip Hobo Bag,,,,No Size,,gid://shopify/Product/7986342690906,donna-small-zip-hobo-bag-60304121,SINGLETON_PARENT|NONSTANDARD_HANDLE
MIM-T-drift-crossbody-bag,Drift Crossbody Bag,Bags Leather,drift-crossbody-bag-60299407-100,White,1,Y,Drift Crossbody Bag,,,,No Size,,gid://shopify/Product/7986339872858,drift-crossbody-bag-60299407,SINGLETON_PARENT|NONSTANDARD_HANDLE|DUPLICATE_COLOUR
MIM-T-drift-crossbody-bag,Drift Crossbody Bag,Bags Leather,drift-crossbody-bag-60308073-3718,Light Gold,2,Y,Drift Crossbody Bag,,,,No Size,,gid://shopify/Product/7986359894106,drift-crossbody-bag-60308073,SINGLETON_PARENT|NONSTANDARD_HANDLE|DUPLICATE_COLOUR
MIM-T-drift-crossbody-bag,Drift Crossbody Bag,Bags Leather,drift-crossbody-bag-60310811-9501,Mahogany,3,Y,Drift Crossbody Bag,,,,No Size,,gid://shopify/Product/7986375917658,drift-crossbody-bag-60310811,SINGLETON_PARENT|NONSTANDARD_HANDLE|DUPLICATE_COLOUR
MIM-T-drift-crossbody-bag,Drift Crossbody Bag,Bags Leather,drift-crossbody-bag-60312002-901,Silver,4,Y,Drift Crossbody Bag,,,,No Size,,gid://shopify/Product/7986381815898,drift-crossbody-bag-60312002,SINGLETON_PARENT|NONSTANDARD_HANDLE|DUPLICATE_COLOUR
MIM-T-drift-crossbody-bag,Drift Crossbody Bag,Bags Leather,drift-crossbody-bag-60312003-100,White,5,Y,Drift Crossbody Bag,,,,No Size,,gid://shopify/Product/7986378735706,drift-crossbody-bag-60312003,SINGLETON_PARENT|NONSTANDARD_HANDLE|DUPLICATE_COLOUR
MIM-T-drift-crossbody-bag,Drift Crossbody Bag,Bags Leather,drift-crossbody-bag-60312004-263,Biscuit,6,Y,Drift Crossbody Bag,,,,No Size,,gid://shopify/Product/7986378866778,drift-crossbody-bag-60312004,SINGLETON_PARENT|NONSTANDARD_HANDLE|DUPLICATE_COLOUR
MIM-T-drift-crossbody-bag,Drift Crossbody Bag,Bags Leather,drift-crossbody-bag-60296865-3637,Black Light Gold,7,Y,Drift Crossbody Bag,,,,No Size,,gid://shopify/Product/7986518720602,drift-crossbody-bag-60296865,SINGLETON_PARENT|NONSTANDARD_HANDLE|DUPLICATE_COLOUR
MIM-T-drift-crossbody-bag,Drift Crossbody Bag,Bags Leather,drift-crossbody-bag-60296866-116,Ivory,8,Y,Drift Crossbody Bag,,,,No Size,,gid://shopify/Product/7986518884442,drift-crossbody-bag-60296866,SINGLETON_PARENT|NONSTANDARD_HANDLE|DUPLICATE_COLOUR
MIM-T-drift-crossbody-bag,Drift Crossbody Bag,Bags Leather,drift-crossbody-bag-60296868-3718,Light Gold,9,Y,Drift Crossbody Bag,,,,No Size,,gid://shopify/Product/7986519048282,drift-crossbody-bag-60296868,SINGLETON_PARENT|NONSTANDARD_HANDLE|DUPLICATE_COLOUR
MIM-T-drift-crossbody-bag,Drift Crossbody Bag,Bags Leather,drift-crossbody-bag-60301602-3637,Black Light Gold,10,Y,Drift Crossbody Bag,,,,No Size,,gid://shopify/Product/7986522947674,drift-crossbody-bag-60301602,SINGLETON_PARENT|NONSTANDARD_HANDLE|DUPLICATE_COLOUR
MIM-T-drift-crossbody-bag,Drift Crossbody Bag,Bags Leather,drift-crossbody-bag-60301606-116,Ivory,11,Y,Drift Crossbody Bag,,,,No Size,,gid://shopify/Product/7986523111514,drift-crossbody-bag-60301606,SINGLETON_PARENT|NONSTANDARD_HANDLE|DUPLICATE_COLOUR
MIM-T-drift-flapover-shoulder-bag,Drift Flapover Shoulder Bag,Bags Leather,drift-flapover-shoulder-bag-60297231-3718,Light Gold,1,Y,Drift Flapover Shoulder Bag,,,,No Size,,gid://shopify/Product/7986329550938,drift-flapover-shoulder-bag-60297231,SINGLETON_PARENT|NONSTANDARD_HANDLE
MIM-T-drift-flapover-shoulder-bag,Drift Flapover Shoulder Bag,Bags Leather,drift-flapover-shoulder-bag-60297232-7569,Ivory Snake,2,Y,Drift Flapover Shoulder Bag,,,,No Size,,gid://shopify/Product/7986329747546,drift-flapover-shoulder-bag-60297232,SINGLETON_PARENT|NONSTANDARD_HANDLE
MIM-T-drift-flapover-shoulder-bag,Drift Flapover Shoulder Bag,Bags Leather,drift-flapover-shoulder-bag-60297233-3637,Black Light Gold,3,Y,Drift Flapover Shoulder Bag,,,,No Size,,gid://shopify/Product/7986329911386,drift-flapover-shoulder-bag-60297233,SINGLETON_PARENT|NONSTANDARD_HANDLE
MIM-T-drift-flapover-shoulder-bag,Drift Flapover Shoulder Bag,Bags Leather,drift-flapover-shoulder-bag-60299372-901,Silver,4,Y,Drift Flapover Shoulder Bag,,,,No Size,,gid://shopify/Product/7986338398298,drift-flapover-shoulder-bag-60299372,SINGLETON_PARENT|NONSTANDARD_HANDLE
MIM-T-drift-shoulder-bag,Drift Shoulder Bag,Bags Leather,drift-shoulder-bag-60299315-116,Ivory,1,Y,Drift Shoulder Bag,,,,No Size,,gid://shopify/Product/7986340921434,drift-shoulder-bag-60299315,SINGLETON_PARENT|NONSTANDARD_HANDLE
MIM-T-drift-shoulder-bag,Drift Shoulder Bag,Bags Leather,drift-shoulder-bag-60299317-9480,Bluebell,2,Y,Drift Shoulder Bag,,,,No Size,,gid://shopify/Product/7986341216346,drift-shoulder-bag-60299317,SINGLETON_PARENT|NONSTANDARD_HANDLE
MIM-T-drift-shoulder-bag,Drift Shoulder Bag,Bags Leather,drift-shoulder-bag-60299355-334,Pistachio,3,Y,Drift Shoulder Bag,,,,No Size,,gid://shopify/Product/7986341314650,drift-shoulder-bag-60299355,SINGLETON_PARENT|NONSTANDARD_HANDLE
MIM-T-drift-shoulder-bag,Drift Shoulder Bag,Bags Leather,drift-shoulder-bag-60299406-100,White,4,Y,Drift Shoulder Bag,,,,No Size,,gid://shopify/Product/7986339676250,drift-shoulder-bag-60299406,SINGLETON_PARENT|NONSTANDARD_HANDLE
MIM-T-eclipse-shoulder-bag,Eclipse Shoulder Bag,Bags Leather,eclipse-shoulder-bag-60292657-9621,Black Gunmetal,1,Y,Eclipse Shoulder Bag,,,,No Size,,gid://shopify/Product/7986503483482,eclipse-shoulder-bag-60292657,SINGLETON_PARENT|NONSTANDARD_HANDLE
MIM-T-eclipse-shoulder-bag,Eclipse Shoulder Bag,Bags Leather,eclipse-shoulder-bag-60292659-901,Silver,2,Y,Eclipse Shoulder Bag,,,,No Size,,gid://shopify/Product/7986503647322,eclipse-shoulder-bag-60292659,SINGLETON_PARENT|NONSTANDARD_HANDLE
MIM-T-eclipse-shoulder-bag,Eclipse Shoulder Bag,Bags Leather,eclipse-shoulder-bag-60293854-3637,Black Light Gold,3,Y,Eclipse Shoulder Bag,,,,No Size,,gid://shopify/Product/7986505285722,eclipse-shoulder-bag-60293854,SINGLETON_PARENT|NONSTANDARD_HANDLE
MIM-T-eclipse-shoulder-bag,Eclipse Shoulder Bag,Bags Leather,eclipse-shoulder-bag-60295700-7610,Whiskey Snake,4,Y,Eclipse Shoulder Bag,,,,No Size,,gid://shopify/Product/7986507776090,eclipse-shoulder-bag-60295700,SINGLETON_PARENT|NONSTANDARD_HANDLE
MIM-T-eclipse-shoulder-bag,Eclipse Shoulder Bag,Bags Leather,eclipse-shoulder-bag-60295701-7576,Blush Snake,5,Y,Eclipse Shoulder Bag,,,,No Size,,gid://shopify/Product/7986507939930,eclipse-shoulder-bag-60295701,SINGLETON_PARENT|NONSTANDARD_HANDLE
MIM-T-eco-leather-protector,Eco Leather Protector,Bags Leather,eco-leather-protector-60249219-1,Black,1,Y,Eco Leather Protector,,,,No Size,,gid://shopify/Product/7986267291738,eco-leather-protector-60249219,SINGLETON_PARENT|NONSTANDARD_HANDLE|DUPLICATE_COLOUR
MIM-T-eco-leather-protector,Eco Leather Protector,Bags Leather,eco-leather-protector-60298313-1,Black,2,Y,Eco Leather Protector,,,24.95,No Size,,gid://shopify/Product/7986332336218,eco-leather-protector-60298313,SINGLETON_PARENT|NONSTANDARD_HANDLE|DUPLICATE_COLOUR
MIM-T-electro-sling-cross-body-bag,Electro Sling Cross Body Bag,Bags Leather,electro-sling-cross-body-bag-60258690-1,Black,1,Y,Electro Sling Cross Body Bag,,,,No Size,,gid://shopify/Product/7986272698458,electro-sling-cross-body-bag-60258690,SINGLETON_PARENT|NONSTANDARD_HANDLE
MIM-T-electro-sling-cross-body-bag,Electro Sling Cross Body Bag,Bags Leather,electro-sling-cross-body-bag-60259246-974,Caramel,2,Y,Electro Sling Cross Body Bag,,,,No Size,,gid://shopify/Product/7986274140250,electro-sling-cross-body-bag-60259246,SINGLETON_PARENT|NONSTANDARD_HANDLE
MIM-T-enchant-grab-bag,Enchant Grab Bag,Bags Leather,enchant-grab-bag-60308083-3637,Black Light Gold,1,Y,Enchant Grab Bag,,,,No Size,,gid://shopify/Product/7986360582234,enchant-grab-bag-60308083,SINGLETON_PARENT|NONSTANDARD_HANDLE
MIM-T-enchant-grab-bag,Enchant Grab Bag,Bags Leather,enchant-grab-bag-60308084-1085,Alabaster,2,Y,Enchant Grab Bag,,,,No Size,,gid://shopify/Product/7986360778842,enchant-grab-bag-60308084,SINGLETON_PARENT|NONSTANDARD_HANDLE
MIM-T-fantasy-crossbody-bag,Fantasy Crossbody Bag,Bags Leather,fantasy-crossbody-bag-60272658-8898,Almond Rose Gold,1,Y,Fantasy Crossbody Bag,,,,No Size,,gid://shopify/Product/7986289082458,fantasy-crossbody-bag-60272658,SINGLETON_PARENT|NONSTANDARD_HANDLE
MIM-T-fantasy-crossbody-bag,Fantasy Crossbody Bag,Bags Leather,fantasy-crossbody-bag-60272659-8899,Almond Light Gold,2,Y,Fantasy Crossbody Bag,,,,No Size,,gid://shopify/Product/7986289246298,fantasy-crossbody-bag-60272659,SINGLETON_PARENT|NONSTANDARD_HANDLE
MIM-T-fitzroy-cb-bg,Fitzroy Cb Bg,Bags Leather,fitzroy-cb-bg-60305443-263,Biscuit,1,Y,Fitzroy Cb Bg,,,,No Size,,gid://shopify/Product/7986345443418,fitzroy-cb-bg-60305443,SINGLETON_PARENT|NONSTANDARD_HANDLE
MIM-T-fitzroy-cb-bg,Fitzroy Cb Bg,Bags Leather,fitzroy-cb-bg-60308056-3637,Black Light Gold,2,Y,Fitzroy Cb Bg,,,,No Size,,gid://shopify/Product/7986360418394,fitzroy-cb-bg-60308056,SINGLETON_PARENT|NONSTANDARD_HANDLE
MIM-T-fitzroy-crossbody-bag,Fitzroy Crossbody Bag,Bags Leather,fitzroy-crossbody-bag-60308054-3637,Black Light Gold,1,Y,Fitzroy Crossbody Bag,,,,No Size,,gid://shopify/Product/7986360090714,fitzroy-crossbody-bag-60308054,SINGLETON_PARENT|NONSTANDARD_HANDLE
MIM-T-fitzroy-crossbody-bag,Fitzroy Crossbody Bag,Bags Leather,fitzroy-crossbody-bag-60308058-263,Biscuit,2,Y,Fitzroy Crossbody Bag,,,,No Size,,gid://shopify/Product/7986360811610,fitzroy-crossbody-bag-60308058,SINGLETON_PARENT|NONSTANDARD_HANDLE
MIM-T-fitzroy-crossbody-bag,Fitzroy Crossbody Bag,Bags Leather,fitzroy-crossbody-bag-60308066-55,Fog,3,Y,Fitzroy Crossbody Bag,,,,No Size,,gid://shopify/Product/7986358616154,fitzroy-crossbody-bag-60308066,SINGLETON_PARENT|NONSTANDARD_HANDLE
MIM-T-fitzroy-crossbody-bag,Fitzroy Crossbody Bag,Bags Leather,fitzroy-crossbody-bag-60308069-4068,Slate Blue,4,Y,Fitzroy Crossbody Bag,,,,No Size,,gid://shopify/Product/7986359140442,fitzroy-crossbody-bag-60308069,SINGLETON_PARENT|NONSTANDARD_HANDLE
MIM-T-fitzroy-crossbody-bag,Fitzroy Crossbody Bag,Bags Leather,fitzroy-crossbody-bag-60309149-974,Caramel,5,Y,Fitzroy Crossbody Bag,,,,No Size,,gid://shopify/Product/7986365628506,fitzroy-crossbody-bag-60309149,SINGLETON_PARENT|NONSTANDARD_HANDLE
MIM-T-fitzroy-crossbody-bag,Fitzroy Crossbody Bag,Bags Leather,fitzroy-crossbody-bag-60309150-2348,Linen,6,Y,Fitzroy Crossbody Bag,,,,No Size,,gid://shopify/Product/7986365792346,fitzroy-crossbody-bag-60309150,SINGLETON_PARENT|NONSTANDARD_HANDLE
MIM-T-fitzroy-hobo-bag,Fitzroy Hobo Bag,Bags Leather,fitzroy-hobo-bag-60308070-3637,Black Light Gold,1,Y,Fitzroy Hobo Bag,,,,No Size,,gid://shopify/Product/7986359337050,fitzroy-hobo-bag-60308070,SINGLETON_PARENT|NONSTANDARD_HANDLE
MIM-T-fitzroy-hobo-bag,Fitzroy Hobo Bag,Bags Leather,fitzroy-hobo-bag-60308072-55,Fog,2,Y,Fitzroy Hobo Bag,,,,No Size,,gid://shopify/Product/7986359697498,fitzroy-hobo-bag-60308072,SINGLETON_PARENT|NONSTANDARD_HANDLE
MIM-T-fitzroy-hobo-bag,Fitzroy Hobo Bag,Bags Leather,fitzroy-hobo-bag-60308080-263,Biscuit,3,Y,Fitzroy Hobo Bag,,,,No Size,,gid://shopify/Product/7986360385626,fitzroy-hobo-bag-60308080,SINGLETON_PARENT|NONSTANDARD_HANDLE
MIM-T-flashback-leather-bowler-crossbody-bag,Flashback Leather Bowler Crossbody Bag,Bags Leather,flashback-leather-bowler-crossbody-bag-60287733-1,Black,1,Y,Flashback Leather Bowler Crossbody Bag,,,,No Size,,gid://shopify/Product/7986311692378,flashback-leather-bowler-crossbody-bag-60287733,SINGLETON_PARENT|NONSTANDARD_HANDLE
MIM-T-flashback-leather-bowler-crossbody-bag,Flashback Leather Bowler Crossbody Bag,Bags Leather,flashback-leather-bowler-crossbody-bag-60287734-238,Oyster,2,Y,Flashback Leather Bowler Crossbody Bag,,,,No Size,,gid://shopify/Product/7986311856218,flashback-leather-bowler-crossbody-bag-60287734,SINGLETON_PARENT|NONSTANDARD_HANDLE
MIM-T-flashback-leather-bowler-crossbody-bag,Flashback Leather Bowler Crossbody Bag,Bags Leather,flashback-leather-bowler-crossbody-bag-60291319-7746,Mousse,3,Y,Flashback Leather Bowler Crossbody Bag,,,,No Size,,gid://shopify/Product/7986323652698,flashback-leather-bowler-crossbody-bag-60291319,SINGLETON_PARENT|NONSTANDARD_HANDLE
MIM-T-flashback-leather-crossbody-bag,Flashback Leather Crossbody Bag,Bags Leather,flashback-leather-crossbody-bag-60287746-1,Black,1,Y,Flashback Leather Crossbody Bag,,,,No Size,,gid://shopify/Product/7986312478810,flashback-leather-crossbody-bag-60287746,SINGLETON_PARENT|NONSTANDARD_HANDLE
MIM-T-flashback-leather-crossbody-bag,Flashback Leather Crossbody Bag,Bags Leather,flashback-leather-crossbody-bag-60287745-238,Oyster,2,Y,Flashback Leather Crossbody Bag,,,,No Size,,gid://shopify/Product/7986312314970,flashback-leather-crossbody-bag-60287745,SINGLETON_PARENT|NONSTANDARD_HANDLE
MIM-T-flashback-leather-crossbody-bag,Flashback Leather Crossbody Bag,Bags Leather,flashback-leather-crossbody-bag-60289979-7816,Lemon Crush,3,Y,Flashback Leather Crossbody Bag,,,,No Size,,gid://shopify/Product/7986315853914,flashback-leather-crossbody-bag-60289979,SINGLETON_PARENT|NONSTANDARD_HANDLE
MIM-T-flashback-leather-crossbody-bag,Flashback Leather Crossbody Bag,Bags Leather,flashback-leather-crossbody-bag-60289970-7746,Mousse,4,Y,Flashback Leather Crossbody Bag,,,,No Size,,gid://shopify/Product/7986315165786,flashback-leather-crossbody-bag-60289970,SINGLETON_PARENT|NONSTANDARD_HANDLE
MIM-T-flashback-leather-crossbody-bag,Flashback Leather Crossbody Bag,Bags Leather,flashback-leather-crossbody-bag-60289971-100,White,5,Y,Flashback Leather Crossbody Bag,,,,No Size,,gid://shopify/Product/7986315329626,flashback-leather-crossbody-bag-60289971,SINGLETON_PARENT|NONSTANDARD_HANDLE
MIM-T-flashback-leather-mini-bowler-crossbody-bag,Flashback Leather Mini Bowler Crossbody Bag,Bags Leather,flashback-leather-mini-bowler-crossbody-bag-60287671-238,Oyster,1,Y,Flashback Leather Mini Bowler Crossbody Bag,,,,No Size,,gid://shopify/Product/7986309464154,flashback-leather-mini-bowler-crossbody-bag-60287671,SINGLETON_PARENT|NONSTANDARD_HANDLE
MIM-T-flashback-leather-mini-bowler-crossbody-bag,Flashback Leather Mini Bowler Crossbody Bag,Bags Leather,flashback-leather-mini-bowler-crossbody-bag-60287688-1,Black,2,Y,Flashback Leather Mini Bowler Crossbody Bag,,,,No Size,,gid://shopify/Product/7986309627994,flashback-leather-mini-bowler-crossbody-bag-60287688,SINGLETON_PARENT|NONSTANDARD_HANDLE
MIM-T-flashback-leather-mini-bowler-crossbody-bag,Flashback Leather Mini Bowler Crossbody Bag,Bags Leather,flashback-leather-mini-bowler-crossbody-bag-60287689-7895,Pink Splash,3,Y,Flashback Leather Mini Bowler Crossbody Bag,,,,No Size,,gid://shopify/Product/7986309791834,flashback-leather-mini-bowler-crossbody-bag-60287689,SINGLETON_PARENT|NONSTANDARD_HANDLE
MIM-T-flashback-leather-pouch-crossbody-bag,Flashback Leather Pouch Crossbody Bag,Bags Leather,flashback-leather-pouch-crossbody-bag-60287741-1,Black,1,Y,Flashback Leather Pouch Crossbody Bag,,,,No Size,,gid://shopify/Product/7986312020058,flashback-leather-pouch-crossbody-bag-60287741,SINGLETON_PARENT|NONSTANDARD_HANDLE
MIM-T-flashback-leather-pouch-crossbody-bag,Flashback Leather Pouch Crossbody Bag,Bags Leather,flashback-leather-pouch-crossbody-bag-60287742-238,Oyster,2,Y,Flashback Leather Pouch Crossbody Bag,,,,No Size,,gid://shopify/Product/7986312183898,flashback-leather-pouch-crossbody-bag-60287742,SINGLETON_PARENT|NONSTANDARD_HANDLE
MIM-T-flashback-leather-pouch-crossbody-bag,Flashback Leather Pouch Crossbody Bag,Bags Leather,flashback-leather-pouch-crossbody-bag-60289968-100,White,3,Y,Flashback Leather Pouch Crossbody Bag,,,,No Size,,gid://shopify/Product/7986315001946,flashback-leather-pouch-crossbody-bag-60289968,SINGLETON_PARENT|NONSTANDARD_HANDLE
MIM-T-fleur-day-bag,Fleur Day Bag,Bags Leather,fleur-day-bag-60312099-1,Black,1,Y,Fleur Day Bag,,,199,No Size,,gid://shopify/Product/7986382798938,fleur-day-bag-60312099,SINGLETON_PARENT|NONSTANDARD_HANDLE
MIM-T-fleur-day-bag,Fleur Day Bag,Bags Leather,fleur-day-bag-60312100-126,Vanilla,2,Y,Fleur Day Bag,,,199,No Size,,gid://shopify/Product/7986382962778,fleur-day-bag-60312100,SINGLETON_PARENT|NONSTANDARD_HANDLE
MIM-T-fleur-tie-crossbody-bag,Fleur Tie Crossbody Bag,Bags Leather,fleur-tie-crossbody-bag-60312094-657,Petal,1,Y,Fleur Tie Crossbody Bag,,,159,No Size,,gid://shopify/Product/7986382372954,fleur-tie-crossbody-bag-60312094,SINGLETON_PARENT|NONSTANDARD_HANDLE
MIM-T-fleur-tie-crossbody-bag,Fleur Tie Crossbody Bag,Bags Leather,fleur-tie-crossbody-bag-60312095-1,Black,2,Y,Fleur Tie Crossbody Bag,,,,No Size,,gid://shopify/Product/7986382471258,fleur-tie-crossbody-bag-60312095,SINGLETON_PARENT|NONSTANDARD_HANDLE
MIM-T-fleur-tie-crossbody-bag,Fleur Tie Crossbody Bag,Bags Leather,fleur-tie-crossbody-bag-60312098-126,Vanilla,3,Y,Fleur Tie Crossbody Bag,,,159,No Size,,gid://shopify/Product/7986382635098,fleur-tie-crossbody-bag-60312098,SINGLETON_PARENT|NONSTANDARD_HANDLE
MIM-T-flip-side-tote,Flip Side Tote,Bags Leather,flip-side-tote-60228153-1492,Black Rose Gold,1,Y,Flip Side Tote,,,,No Size,,gid://shopify/Product/7986258968666,flip-side-tote-60228153,SINGLETON_PARENT|NONSTANDARD_HANDLE
MIM-T-flip-side-tote,Flip Side Tote,Bags Leather,flip-side-tote-60242786-9865,Porcelain,2,Y,Flip Side Tote,,,,No Size,,gid://shopify/Product/7986263523418,flip-side-tote-60242786,SINGLETON_PARENT|NONSTANDARD_HANDLE
MIM-T-giselle-mini-saddle-bag,Giselle Mini Saddle Bag,Bags Leather,giselle-mini-saddle-bag-60308042-3637,Black Light Gold,1,Y,Giselle Mini Saddle Bag,,,,No Size,,gid://shopify/Product/7986361663578,giselle-mini-saddle-bag-60308042,SINGLETON_PARENT|NONSTANDARD_HANDLE
MIM-T-giselle-mini-saddle-bag,Giselle Mini Saddle Bag,Bags Leather,giselle-mini-saddle-bag-60308044-686,Ballet,2,Y,Giselle Mini Saddle Bag,,,,No Size,,gid://shopify/Product/7986361696346,giselle-mini-saddle-bag-60308044,SINGLETON_PARENT|NONSTANDARD_HANDLE
MIM-T-giselle-mini-saddle-bag,Giselle Mini Saddle Bag,Bags Leather,giselle-mini-saddle-bag-60308045-9599,Fawn,3,Y,Giselle Mini Saddle Bag,,,,No Size,,gid://shopify/Product/7986358419546,giselle-mini-saddle-bag-60308045,SINGLETON_PARENT|NONSTANDARD_HANDLE
MIM-T-giselle-saddle-bag,Giselle Saddle Bag,Bags Leather,giselle-saddle-bag-60308046-3637,Black Light Gold,1,Y,Giselle Saddle Bag,,,,No Size,,gid://shopify/Product/7986358648922,giselle-saddle-bag-60308046,SINGLETON_PARENT|NONSTANDARD_HANDLE
MIM-T-giselle-saddle-bag,Giselle Saddle Bag,Bags Leather,giselle-saddle-bag-60308047-9599,Fawn,2,Y,Giselle Saddle Bag,,,,No Size,,gid://shopify/Product/7986358845530,giselle-saddle-bag-60308047,SINGLETON_PARENT|NONSTANDARD_HANDLE
MIM-T-harmony-crossbody-bag,Harmony Crossbody Bag,Bags Leather,harmony-crossbody-bag-60277992-3637,Black Light Gold,1,Y,Harmony Crossbody Bag,,,,No Size,,gid://shopify/Product/7986293276762,harmony-crossbody-bag-60277992,SINGLETON_PARENT|NONSTANDARD_HANDLE
MIM-T-harmony-crossbody-bag,Harmony Crossbody Bag,Bags Leather,harmony-crossbody-bag-60277993-100,White,2,Y,Harmony Crossbody Bag,,,,No Size,,gid://shopify/Product/7986293440602,harmony-crossbody-bag-60277993,SINGLETON_PARENT|NONSTANDARD_HANDLE
MIM-T-harmony-crossbody-bag,Harmony Crossbody Bag,Bags Leather,harmony-crossbody-bag-60277994-115,Natural,3,Y,Harmony Crossbody Bag,,,,No Size,,gid://shopify/Product/7986293604442,harmony-crossbody-bag-60277994,SINGLETON_PARENT|NONSTANDARD_HANDLE
MIM-T-heirloom-hobo-bag,Heirloom Hobo Bag,Bags Leather,heirloom-hobo-bag-60309341-2729,Black Multi,1,Y,Heirloom Hobo Bag,,,,No Size,,gid://shopify/Product/7986370740314,heirloom-hobo-bag-60309341,SINGLETON_PARENT|NONSTANDARD_HANDLE
MIM-T-heirloom-hobo-bag,Heirloom Hobo Bag,Bags Leather,heirloom-hobo-bag-60309342-202,Bitter Chocolate,2,Y,Heirloom Hobo Bag,,,,No Size,,gid://shopify/Product/7986370904154,heirloom-hobo-bag-60309342,SINGLETON_PARENT|NONSTANDARD_HANDLE
MIM-T-heirloom-hobo-bag,Heirloom Hobo Bag,Bags Leather,heirloom-hobo-bag-60313103-126,Vanilla,3,Y,Heirloom Hobo Bag,,,,No Size,,gid://shopify/Product/7986387910746,heirloom-hobo-bag-60313103,SINGLETON_PARENT|NONSTANDARD_HANDLE
MIM-T-heirloom-shoulder-bag,Heirloom Shoulder Bag,Bags Leather,heirloom-shoulder-bag-60313104-126,Vanilla,1,Y,Heirloom Shoulder Bag,,,,No Size,,gid://shopify/Product/7986388041818,heirloom-shoulder-bag-60313104,SINGLETON_PARENT|NONSTANDARD_HANDLE
MIM-T-heirloom-shoulder-bag,Heirloom Shoulder Bag,Bags Leather,heirloom-shoulder-bag-60313105-202,Bitter Chocolate,2,Y,Heirloom Shoulder Bag,,,,No Size,,gid://shopify/Product/7986388205658,heirloom-shoulder-bag-60313105,SINGLETON_PARENT|NONSTANDARD_HANDLE
MIM-T-heirloom-shoulder-bag,Heirloom Shoulder Bag,Bags Leather,heirloom-shoulder-bag-60313106-1,Black,3,Y,Heirloom Shoulder Bag,,,,No Size,,gid://shopify/Product/7986388369498,heirloom-shoulder-bag-60313106,SINGLETON_PARENT|NONSTANDARD_HANDLE
MIM-T-jett-concertina-crossbody-bag,Jett Concertina Crossbody Bag,Bags Leather,jett-concertina-crossbody-bag-60290257-3637,Black Light Gold,1,Y,Jett Concertina Crossbody Bag,,,,No Size,,gid://shopify/Product/7986320375898,jett-concertina-crossbody-bag-60290257,SINGLETON_PARENT|NONSTANDARD_HANDLE
MIM-T-jett-concertina-crossbody-bag,Jett Concertina Crossbody Bag,Bags Leather,jett-concertina-crossbody-bag-60290629-974,Caramel,2,Y,Jett Concertina Crossbody Bag,,,,No Size,,gid://shopify/Product/7986321752154,jett-concertina-crossbody-bag-60290629,SINGLETON_PARENT|NONSTANDARD_HANDLE
MIM-T-jett-concertina-crossbody-bag,Jett Concertina Crossbody Bag,Bags Leather,jett-concertina-crossbody-bag-60294485-2351,Almond,3,Y,Jett Concertina Crossbody Bag,,,,No Size,,gid://shopify/Product/7986500239450,jett-concertina-crossbody-bag-60294485,SINGLETON_PARENT|NONSTANDARD_HANDLE
MIM-T-jett-crossbody-bag,Jett Crossbody Bag,Bags Leather,jett-crossbody-bag-60276286-2351,Almond,1,Y,Jett Crossbody Bag,,,,No Size,,gid://shopify/Product/7986291310682,jett-crossbody-bag-60276286,OVERSIZED|SINGLETON_PARENT|NONSTANDARD_HANDLE|DUPLICATE_COLOUR
MIM-T-jett-crossbody-bag,Jett Crossbody Bag,Bags Leather,jett-crossbody-bag-60276287-3637,Black Light Gold,2,Y,Jett Crossbody Bag,,,,No Size,,gid://shopify/Product/7986291474522,jett-crossbody-bag-60276287,OVERSIZED|SINGLETON_PARENT|NONSTANDARD_HANDLE|DUPLICATE_COLOUR
MIM-T-jett-crossbody-bag,Jett Crossbody Bag,Bags Leather,jett-crossbody-bag-60277271-238,Oyster,3,Y,Jett Crossbody Bag,,,,No Size,,gid://shopify/Product/7986292129882,jett-crossbody-bag-60277271,OVERSIZED|SINGLETON_PARENT|NONSTANDARD_HANDLE|DUPLICATE_COLOUR
MIM-T-jett-crossbody-bag,Jett Crossbody Bag,Bags Leather,jett-crossbody-bag-60280432-974,Caramel,4,Y,Jett Crossbody Bag,,,,No Size,,gid://shopify/Product/7986294292570,jett-crossbody-bag-60280432,OVERSIZED|SINGLETON_PARENT|NONSTANDARD_HANDLE|DUPLICATE_COLOUR
MIM-T-jett-crossbody-bag,Jett Crossbody Bag,Bags Leather,jett-crossbody-bag-60281001-100,White,5,Y,Jett Crossbody Bag,,,,No Size,,gid://shopify/Product/7986295341146,jett-crossbody-bag-60281001,OVERSIZED|SINGLETON_PARENT|NONSTANDARD_HANDLE|DUPLICATE_COLOUR
MIM-T-jett-crossbody-bag,Jett Crossbody Bag,Bags Leather,jett-crossbody-bag-60282796-1492,Black Rose Gold,6,Y,Jett Crossbody Bag,,,,No Size,,gid://shopify/Product/7986302156890,jett-crossbody-bag-60282796,OVERSIZED|SINGLETON_PARENT|NONSTANDARD_HANDLE|DUPLICATE_COLOUR
MIM-T-jett-crossbody-bag,Jett Crossbody Bag,Bags Leather,jett-crossbody-bag-60285202-1827,Black Silver,7,Y,Jett Crossbody Bag,,,,No Size,,gid://shopify/Product/7986306777178,jett-crossbody-bag-60285202,OVERSIZED|SINGLETON_PARENT|NONSTANDARD_HANDLE|DUPLICATE_COLOUR
MIM-T-jett-crossbody-bag,Jett Crossbody Bag,Bags Leather,jett-crossbody-bag-60284827-9621,Black Gunmetal,8,Y,Jett Crossbody Bag,,,,No Size,,gid://shopify/Product/7986304647258,jett-crossbody-bag-60284827,OVERSIZED|SINGLETON_PARENT|NONSTANDARD_HANDLE|DUPLICATE_COLOUR
MIM-T-jett-crossbody-bag,Jett Crossbody Bag,Bags Leather,jett-crossbody-bag-60285054-827,Watermelon,9,Y,Jett Crossbody Bag,,,,No Size,,gid://shopify/Product/7986304909402,jett-crossbody-bag-60285054,OVERSIZED|SINGLETON_PARENT|NONSTANDARD_HANDLE|DUPLICATE_COLOUR
MIM-T-jett-crossbody-bag,Jett Crossbody Bag,Bags Leather,jett-crossbody-bag-60286081-7911,Spiced Chartreuse,10,Y,Jett Crossbody Bag,,,,No Size,,gid://shopify/Product/7986309300314,jett-crossbody-bag-60286081,OVERSIZED|SINGLETON_PARENT|NONSTANDARD_HANDLE|DUPLICATE_COLOUR
MIM-T-jett-crossbody-bag,Jett Crossbody Bag,Bags Leather,jett-crossbody-bag-60287164-268,Cognac,11,Y,Jett Crossbody Bag,,,,No Size,,gid://shopify/Product/7986308644954,jett-crossbody-bag-60287164,OVERSIZED|SINGLETON_PARENT|NONSTANDARD_HANDLE|DUPLICATE_COLOUR
MIM-T-jett-crossbody-bag,Jett Crossbody Bag,Bags Leather,jett-crossbody-bag-60287772-7897,Violet Swirl,12,Y,Jett Crossbody Bag,,,,No Size,,gid://shopify/Product/7986313855066,jett-crossbody-bag-60287772,OVERSIZED|SINGLETON_PARENT|NONSTANDARD_HANDLE|DUPLICATE_COLOUR
MIM-T-jett-crossbody-bag,Jett Crossbody Bag,Bags Leather,jett-crossbody-bag-60288610-7795,Black Almond,13,Y,Jett Crossbody Bag,,,,No Size,,gid://shopify/Product/7986315755610,jett-crossbody-bag-60288610,OVERSIZED|SINGLETON_PARENT|NONSTANDARD_HANDLE|DUPLICATE_COLOUR
MIM-T-jett-crossbody-bag,Jett Crossbody Bag,Bags Leather,jett-crossbody-bag-60312901-974,Caramel,14,Y,Jett Crossbody Bag,,,129,No Size,,gid://shopify/Product/7986385551450,jett-crossbody-bag-60312901,OVERSIZED|SINGLETON_PARENT|NONSTANDARD_HANDLE|DUPLICATE_COLOUR
MIM-T-jett-crossbody-bag,Jett Crossbody Bag,Bags Leather,jett-crossbody-bag-60312902-100,White,15,Y,Jett Crossbody Bag,,,,No Size,,gid://shopify/Product/7986385780826,jett-crossbody-bag-60312902,OVERSIZED|SINGLETON_PARENT|NONSTANDARD_HANDLE|DUPLICATE_COLOUR
MIM-T-jett-crossbody-bag,Jett Crossbody Bag,Bags Leather,jett-crossbody-bag-60312903-2351,Almond,16,Y,Jett Crossbody Bag,,,129,No Size,,gid://shopify/Product/7986385911898,jett-crossbody-bag-60312903,OVERSIZED|SINGLETON_PARENT|NONSTANDARD_HANDLE|DUPLICATE_COLOUR
MIM-T-jett-crossbody-bag,Jett Crossbody Bag,Bags Leather,jett-crossbody-bag-60312904-3637,Black Light Gold,17,Y,Jett Crossbody Bag,,,,No Size,,gid://shopify/Product/7986386075738,jett-crossbody-bag-60312904,OVERSIZED|SINGLETON_PARENT|NONSTANDARD_HANDLE|DUPLICATE_COLOUR
MIM-T-jett-cylinder-crossbody-bag,Jett Cylinder Crossbody Bag,Bags Leather,jett-cylinder-crossbody-bag-60283868-3637,Black Light Gold,1,Y,Jett Cylinder Crossbody Bag,,,,No Size,,gid://shopify/Product/7986301599834,jett-cylinder-crossbody-bag-60283868,SINGLETON_PARENT|NONSTANDARD_HANDLE
MIM-T-jett-cylinder-crossbody-bag,Jett Cylinder Crossbody Bag,Bags Leather,jett-cylinder-crossbody-bag-60283870-511,Lavender,2,Y,Jett Cylinder Crossbody Bag,,,,No Size,,gid://shopify/Product/7986301763674,jett-cylinder-crossbody-bag-60283870,SINGLETON_PARENT|NONSTANDARD_HANDLE
MIM-T-jett-cylinder-crossbody-bag,Jett Cylinder Crossbody Bag,Bags Leather,jett-cylinder-crossbody-bag-60286090-84,Pearl,3,Y,Jett Cylinder Crossbody Bag,,,,No Size,,gid://shopify/Product/7986309496922,jett-cylinder-crossbody-bag-60286090,SINGLETON_PARENT|NONSTANDARD_HANDLE
MIM-T-jett-cylinder-crossbody-bag,Jett Cylinder Crossbody Bag,Bags Leather,jett-cylinder-crossbody-bag-60286109-9366,Rich Red,4,Y,Jett Cylinder Crossbody Bag,,,,No Size,,gid://shopify/Product/7986309759066,jett-cylinder-crossbody-bag-60286109,SINGLETON_PARENT|NONSTANDARD_HANDLE
MIM-T-jett-duo-crossbody-bag,Jett Duo Crossbody Bag,Bags Leather,jett-duo-crossbody-bag-60283865-3637,Black Light Gold,1,Y,Jett Duo Crossbody Bag,,,,No Size,,gid://shopify/Product/7986301304922,jett-duo-crossbody-bag-60283865,SINGLETON_PARENT|NONSTANDARD_HANDLE
MIM-T-jett-duo-crossbody-bag,Jett Duo Crossbody Bag,Bags Leather,jett-duo-crossbody-bag-60283866-2351,Almond,2,Y,Jett Duo Crossbody Bag,,,,No Size,,gid://shopify/Product/7986301468762,jett-duo-crossbody-bag-60283866,SINGLETON_PARENT|NONSTANDARD_HANDLE
MIM-T-jett-duo-crossbody-bag,Jett Duo Crossbody Bag,Bags Leather,jett-duo-crossbody-bag-60284432-974,Caramel,3,Y,Jett Duo Crossbody Bag,,,,No Size,,gid://shopify/Product/7986306678874,jett-duo-crossbody-bag-60284432,SINGLETON_PARENT|NONSTANDARD_HANDLE
MIM-T-jett-duo-crossbody-bag,Jett Duo Crossbody Bag,Bags Leather,jett-duo-crossbody-bag-60286110-9366,Rich Red,4,Y,Jett Duo Crossbody Bag,,,,No Size,,gid://shopify/Product/7986309955674,jett-duo-crossbody-bag-60286110,SINGLETON_PARENT|NONSTANDARD_HANDLE
MIM-T-jett-duo-crossbody-bag,Jett Duo Crossbody Bag,Bags Leather,jett-duo-crossbody-bag-60286145-7911,Spiced Chartreuse,5,Y,Jett Duo Crossbody Bag,,,,No Size,,gid://shopify/Product/7986308513882,jett-duo-crossbody-bag-60286145,SINGLETON_PARENT|NONSTANDARD_HANDLE
MIM-T-jett-duo-crossbody-bag,Jett Duo Crossbody Bag,Bags Leather,jett-duo-crossbody-bag-60287165-268,Cognac,6,Y,Jett Duo Crossbody Bag,,,,No Size,,gid://shopify/Product/7986308776026,jett-duo-crossbody-bag-60287165,SINGLETON_PARENT|NONSTANDARD_HANDLE
MIM-T-jett-duo-crossbody-bag,Jett Duo Crossbody Bag,Bags Leather,jett-duo-crossbody-bag-60287774-7897,Violet Swirl,7,Y,Jett Duo Crossbody Bag,,,,No Size,,gid://shopify/Product/7986314018906,jett-duo-crossbody-bag-60287774,SINGLETON_PARENT|NONSTANDARD_HANDLE
MIM-T-jett-flapover-crossbody-bag,Jett Flapover Crossbody Bag,Bags Leather,jett-flapover-crossbody-bag-60290738-871,White Black,1,Y,Jett Flapover Crossbody Bag,,,,No Size,,gid://shopify/Product/7986323062874,jett-flapover-crossbody-bag-60290738,SINGLETON_PARENT|NONSTANDARD_HANDLE
MIM-T-jett-flapover-crossbody-bag,Jett Flapover Crossbody Bag,Bags Leather,jett-flapover-crossbody-bag-60290739-9901,Ice Blue,2,Y,Jett Flapover Crossbody Bag,,,,No Size,,gid://shopify/Product/7986323226714,jett-flapover-crossbody-bag-60290739,SINGLETON_PARENT|NONSTANDARD_HANDLE
MIM-T-jett-flapover-crossbody-bag,Jett Flapover Crossbody Bag,Bags Leather,jett-flapover-crossbody-bag-60297101-7658,Choc Berry,3,Y,Jett Flapover Crossbody Bag,,,,No Size,,gid://shopify/Product/7986329485402,jett-flapover-crossbody-bag-60297101,SINGLETON_PARENT|NONSTANDARD_HANDLE
MIM-T-jett-flapover-crossbody-bag,Jett Flapover Crossbody Bag,Bags Leather,jett-flapover-crossbody-bag-60299193-2348,Linen,4,Y,Jett Flapover Crossbody Bag,,,,No Size,,gid://shopify/Product/7986339709018,jett-flapover-crossbody-bag-60299193,SINGLETON_PARENT|NONSTANDARD_HANDLE
MIM-T-jett-flapover-crossbody-bag,Jett Flapover Crossbody Bag,Bags Leather,jett-flapover-crossbody-bag-60310260-2351,Almond,5,Y,Jett Flapover Crossbody Bag,,,,No Size,,gid://shopify/Product/7986371821658,jett-flapover-crossbody-bag-60310260,SINGLETON_PARENT|NONSTANDARD_HANDLE
MIM-T-jett-flapover-crossbody-bag,Jett Flapover Crossbody Bag,Bags Leather,jett-flapover-crossbody-bag-60293906-974,Caramel,6,Y,Jett Flapover Crossbody Bag,,,,No Size,,gid://shopify/Product/7986499780698,jett-flapover-crossbody-bag-60293906,SINGLETON_PARENT|NONSTANDARD_HANDLE
MIM-T-jett-mini-crossbody-bag,Jett Mini Crossbody Bag,Bags Leather,jett-mini-crossbody-bag-60283860-3637,Black Light Gold,1,Y,Jett Mini Crossbody Bag,,,,No Size,,gid://shopify/Product/7986304319578,jett-mini-crossbody-bag-60283860,SINGLETON_PARENT|NONSTANDARD_HANDLE
MIM-T-jett-mini-crossbody-bag,Jett Mini Crossbody Bag,Bags Leather,jett-mini-crossbody-bag-60283861-2351,Almond,2,Y,Jett Mini Crossbody Bag,,,,No Size,,gid://shopify/Product/7986301075546,jett-mini-crossbody-bag-60283861,SINGLETON_PARENT|NONSTANDARD_HANDLE
MIM-T-jett-mini-crossbody-bag,Jett Mini Crossbody Bag,Bags Leather,jett-mini-crossbody-bag-60284954-6662,Powder Puff,3,Y,Jett Mini Crossbody Bag,,,,No Size,,gid://shopify/Product/7986306383962,jett-mini-crossbody-bag-60284954,SINGLETON_PARENT|NONSTANDARD_HANDLE
MIM-T-jett-mini-crossbody-bag,Jett Mini Crossbody Bag,Bags Leather,jett-mini-crossbody-bag-60287163-2729,Black Multi,4,Y,Jett Mini Crossbody Bag,,,,No Size,,gid://shopify/Product/7986308481114,jett-mini-crossbody-bag-60287163,SINGLETON_PARENT|NONSTANDARD_HANDLE
MIM-T-jett-phone-crossbody-bag,Jett Phone Crossbody Bag,Bags Leather,jett-phone-crossbody-bag-60290224-100,White,1,Y,Jett Phone Crossbody Bag,,,,No Size,,gid://shopify/Product/7986320474202,jett-phone-crossbody-bag-60290224,SINGLETON_PARENT|NONSTANDARD_HANDLE
MIM-T-jett-phone-crossbody-bag,Jett Phone Crossbody Bag,Bags Leather,jett-phone-crossbody-bag-60290225-3637,Black Light Gold,2,Y,Jett Phone Crossbody Bag,,,,No Size,,gid://shopify/Product/7986320638042,jett-phone-crossbody-bag-60290225,SINGLETON_PARENT|NONSTANDARD_HANDLE
MIM-T-jolene-mini-bowler-bag,Jolene Mini Bowler Bag,Bags Leather,jolene-mini-bowler-bag-60307963-1,Black,1,Y,Jolene Mini Bowler Bag,,,,No Size,,gid://shopify/Product/7986356650074,jolene-mini-bowler-bag-60307963,SINGLETON_PARENT|NONSTANDARD_HANDLE|DUPLICATE_COLOUR
MIM-T-jolene-mini-bowler-bag,Jolene Mini Bowler Bag,Bags Leather,jolene-mini-bowler-bag-60307964-1164,Cherry,2,Y,Jolene Mini Bowler Bag,,,,No Size,,gid://shopify/Product/7986356813914,jolene-mini-bowler-bag-60307964,SINGLETON_PARENT|NONSTANDARD_HANDLE|DUPLICATE_COLOUR
MIM-T-jolene-mini-bowler-bag,Jolene Mini Bowler Bag,Bags Leather,jolene-mini-bowler-bag-60317940-1164,Cherry,3,Y,Jolene Mini Bowler Bag,,,,No Size,,gid://shopify/Product/7986411110490,jolene-mini-bowler-bag-60317940,SINGLETON_PARENT|NONSTANDARD_HANDLE|DUPLICATE_COLOUR
MIM-T-jolene-mini-bowler-bag,Jolene Mini Bowler Bag,Bags Leather,jolene-mini-bowler-bag-60317941-6525,Pink Dust,4,Y,Jolene Mini Bowler Bag,,,,No Size,,gid://shopify/Product/7986411208794,jolene-mini-bowler-bag-60317941,SINGLETON_PARENT|NONSTANDARD_HANDLE|DUPLICATE_COLOUR
MIM-T-leather-conditioner,Leather Conditioner,Bags Leather,leather-conditioner-60288991-1,Black,1,Y,Leather Conditioner,,,,No Size,,gid://shopify/Product/7986317066330,leather-conditioner-60288991,SINGLETON_PARENT|NONSTANDARD_HANDLE|DUPLICATE_COLOUR
MIM-T-leather-conditioner,Leather Conditioner,Bags Leather,leather-conditioner-60298314-1,Black,2,Y,Leather Conditioner,,,24.95,No Size,,gid://shopify/Product/7986332467290,leather-conditioner-60298314,SINGLETON_PARENT|NONSTANDARD_HANDLE|DUPLICATE_COLOUR
MIM-T-lily-crescent-crossbody-bag,Lily Crescent Crossbody Bag,Bags Leather,lily-crescent-crossbody-bag-60314371-974,Caramel,1,Y,Lily Crescent Crossbody Bag,,,,No Size,,gid://shopify/Product/7986397282394,lily-crescent-crossbody-bag-60314371,SINGLETON_PARENT|NONSTANDARD_HANDLE
MIM-T-lily-crescent-crossbody-bag,Lily Crescent Crossbody Bag,Bags Leather,lily-crescent-crossbody-bag-60314372-1,Black,2,Y,Lily Crescent Crossbody Bag,,,,No Size,,gid://shopify/Product/7986397446234,lily-crescent-crossbody-bag-60314372,SINGLETON_PARENT|NONSTANDARD_HANDLE
MIM-T-lily-crescent-crossbody-bag,Lily Crescent Crossbody Bag,Bags Leather,lily-crescent-crossbody-bag-60314373-657,Petal,3,Y,Lily Crescent Crossbody Bag,,,,No Size,,gid://shopify/Product/7986397610074,lily-crescent-crossbody-bag-60314373,SINGLETON_PARENT|NONSTANDARD_HANDLE
MIM-T-lily-crescent-crossbody-bag,Lily Crescent Crossbody Bag,Bags Leather,lily-crescent-crossbody-bag-60314374-6012,Bordeaux,4,Y,Lily Crescent Crossbody Bag,,,,No Size,,gid://shopify/Product/7986397773914,lily-crescent-crossbody-bag-60314374,SINGLETON_PARENT|NONSTANDARD_HANDLE
MIM-T-lily-shoulder-day-bag,Lily Shoulder Day Bag,Bags Leather,lily-shoulder-day-bag-60314375-974,Caramel,1,Y,Lily Shoulder Day Bag,,,,No Size,,gid://shopify/Product/7986397937754,lily-shoulder-day-bag-60314375,SINGLETON_PARENT|NONSTANDARD_HANDLE
MIM-T-lily-shoulder-day-bag,Lily Shoulder Day Bag,Bags Leather,lily-shoulder-day-bag-60315913-6012,Bordeaux,2,Y,Lily Shoulder Day Bag,,,159,No Size,,gid://shopify/Product/7986404851802,lily-shoulder-day-bag-60315913,SINGLETON_PARENT|NONSTANDARD_HANDLE
MIM-T-lily-shoulder-day-bag,Lily Shoulder Day Bag,Bags Leather,lily-shoulder-day-bag-60315914-1,Black,3,Y,Lily Shoulder Day Bag,,,,No Size,,gid://shopify/Product/7986405015642,lily-shoulder-day-bag-60315914,SINGLETON_PARENT|NONSTANDARD_HANDLE
MIM-T-luna-crescent-bag,Luna Crescent Bag,Bags Leather,luna-crescent-bag-60277251-3637,Black Light Gold,1,Y,Luna Crescent Bag,,,,No Size,,gid://shopify/Product/7986291343450,luna-crescent-bag-60277251,SINGLETON_PARENT|NONSTANDARD_HANDLE
MIM-T-luna-crescent-bag,Luna Crescent Bag,Bags Leather,luna-crescent-bag-60277252-974,Caramel,2,Y,Luna Crescent Bag,,,,No Size,,gid://shopify/Product/7986291507290,luna-crescent-bag-60277252,SINGLETON_PARENT|NONSTANDARD_HANDLE
MIM-T-luna-crescent-bag,Luna Crescent Bag,Bags Leather,luna-crescent-bag-60281020-100,White,3,Y,Luna Crescent Bag,,,,No Size,,gid://shopify/Product/7986296324186,luna-crescent-bag-60281020,SINGLETON_PARENT|NONSTANDARD_HANDLE
MIM-T-luna-crescent-bag,Luna Crescent Bag,Bags Leather,luna-crescent-bag-60317987-240,Cocoa,4,Y,Luna Crescent Bag,,,399.95,No Size,,gid://shopify/Product/7986409570394,luna-crescent-bag-60317987,SINGLETON_PARENT|NONSTANDARD_HANDLE
MIM-T-luna-crescent-bag,Luna Crescent Bag,Bags Leather,luna-crescent-bag-60317988-1,Black,5,Y,Luna Crescent Bag,,,399.95,No Size,,gid://shopify/Product/7986409734234,luna-crescent-bag-60317988,SINGLETON_PARENT|NONSTANDARD_HANDLE
MIM-T-luna-crescent-bag,Luna Crescent Bag,Bags Leather,luna-crescent-bag-60322540-115,Natural,6,Y,Luna Crescent Bag,,,,No Size,,gid://shopify/Product/7986430017626,luna-crescent-bag-60322540,SINGLETON_PARENT|NONSTANDARD_HANDLE
MIM-T-luna-micro-crossbody-bag,Luna Micro Crossbody Bag,Bags Leather,luna-micro-crossbody-bag-60281008-8078,Acid Lime,1,Y,Luna Micro Crossbody Bag,,,,No Size,,gid://shopify/Product/7986295504986,luna-micro-crossbody-bag-60281008,SINGLETON_PARENT|NONSTANDARD_HANDLE
MIM-T-luna-micro-crossbody-bag,Luna Micro Crossbody Bag,Bags Leather,luna-micro-crossbody-bag-60281010-8813,Mauve Mist,2,Y,Luna Micro Crossbody Bag,,,,No Size,,gid://shopify/Product/7986295668826,luna-micro-crossbody-bag-60281010,SINGLETON_PARENT|NONSTANDARD_HANDLE
MIM-T-luna-micro-crossbody-bag,Luna Micro Crossbody Bag,Bags Leather,luna-micro-crossbody-bag-60281017-9921,Dahlia Pink,3,Y,Luna Micro Crossbody Bag,,,,No Size,,gid://shopify/Product/7986296160346,luna-micro-crossbody-bag-60281017,SINGLETON_PARENT|NONSTANDARD_HANDLE
MIM-T-luna-mini-crescent-bag,Luna Mini Crescent Bag,Bags Leather,luna-mini-crescent-bag-60281012-3078,Black Suede,1,Y,Luna Mini Crescent Bag,,,,No Size,,gid://shopify/Product/7986295865434,luna-mini-crescent-bag-60281012,SINGLETON_PARENT|NONSTANDARD_HANDLE
MIM-T-luna-mini-crescent-bag,Luna Mini Crescent Bag,Bags Leather,luna-mini-crescent-bag-60317989-240,Cocoa,2,Y,Luna Mini Crescent Bag,,,329.95,No Size,,gid://shopify/Product/7986409898074,luna-mini-crescent-bag-60317989,SINGLETON_PARENT|NONSTANDARD_HANDLE
MIM-T-luna-mini-crescent-bag,Luna Mini Crescent Bag,Bags Leather,luna-mini-crescent-bag-60317990-1,Black,3,Y,Luna Mini Crescent Bag,,,329.95,No Size,,gid://shopify/Product/7986410029146,luna-mini-crescent-bag-60317990,SINGLETON_PARENT|NONSTANDARD_HANDLE
MIM-T-luna-mini-crescent-bag,Luna Mini Crescent Bag,Bags Leather,luna-mini-crescent-bag-60317991-974,Caramel,4,Y,Luna Mini Crescent Bag,,,329.95,No Size,,gid://shopify/Product/7986410192986,luna-mini-crescent-bag-60317991,SINGLETON_PARENT|NONSTANDARD_HANDLE
MIM-T-majesty-evening-bag,Majesty Evening Bag,Bags Leather,majesty-evening-bag-60255353-974,Caramel,1,Y,Majesty Evening Bag,,,,No Size,,gid://shopify/Product/7986269421658,majesty-evening-bag-60255353,SINGLETON_PARENT|NONSTANDARD_HANDLE
MIM-T-majesty-evening-bag,Majesty Evening Bag,Bags Leather,majesty-evening-bag-60255352-9621,Black Gunmetal,2,Y,Majesty Evening Bag,,,,No Size,,gid://shopify/Product/7986272960602,majesty-evening-bag-60255352,SINGLETON_PARENT|NONSTANDARD_HANDLE
MIM-T-mayara-clutch-bag,Mayara Clutch Bag,Bags Leather,mayara-clutch-bag-60307582-3637,Black Light Gold,1,Y,Mayara Clutch Bag,,,,No Size,,gid://shopify/Product/7986354028634,mayara-clutch-bag-60307582,SINGLETON_PARENT|NONSTANDARD_HANDLE
MIM-T-mayara-clutch-bag,Mayara Clutch Bag,Bags Leather,mayara-clutch-bag-60307583-238,Oyster,2,Y,Mayara Clutch Bag,,,,No Size,,gid://shopify/Product/7986354225242,mayara-clutch-bag-60307583,SINGLETON_PARENT|NONSTANDARD_HANDLE
MIM-T-mayara-clutch-bag,Mayara Clutch Bag,Bags Leather,mayara-clutch-bag-60307584-178,Red,3,Y,Mayara Clutch Bag,,,,No Size,,gid://shopify/Product/7986354389082,mayara-clutch-bag-60307584,SINGLETON_PARENT|NONSTANDARD_HANDLE
MIM-T-mayara-crossbody-bag,Mayara Crossbody Bag,Bags Leather,mayara-crossbody-bag-60308007-950,Brandy,1,Y,Mayara Crossbody Bag,,,,No Size,,gid://shopify/Product/7986356912218,mayara-crossbody-bag-60308007,SINGLETON_PARENT|NONSTANDARD_HANDLE
MIM-T-mayara-crossbody-bag,Mayara Crossbody Bag,Bags Leather,mayara-crossbody-bag-60308008-1,Black,2,Y,Mayara Crossbody Bag,,,,No Size,,gid://shopify/Product/7986357076058,mayara-crossbody-bag-60308008,SINGLETON_PARENT|NONSTANDARD_HANDLE
MIM-T-mayara-crossbody-bag,Mayara Crossbody Bag,Bags Leather,mayara-crossbody-bag-60308009-238,Oyster,3,Y,Mayara Crossbody Bag,,,,No Size,,gid://shopify/Product/7986357239898,mayara-crossbody-bag-60308009,SINGLETON_PARENT|NONSTANDARD_HANDLE
MIM-T-mayara-mini-tote-bag,Mayara Mini Tote Bag,Bags Leather,mayara-mini-tote-bag-60306476-178,Red,1,Y,Mayara Mini Tote Bag,,,,No Size,,gid://shopify/Product/7986349932634,mayara-mini-tote-bag-60306476,SINGLETON_PARENT|NONSTANDARD_HANDLE
MIM-T-mayara-mini-tote-bag,Mayara Mini Tote Bag,Bags Leather,mayara-mini-tote-bag-60306142-238,Oyster,2,Y,Mayara Mini Tote Bag,,,,No Size,,gid://shopify/Product/7986351210586,mayara-mini-tote-bag-60306142,SINGLETON_PARENT|NONSTANDARD_HANDLE
MIM-T-mayara-mini-tote-bag,Mayara Mini Tote Bag,Bags Leather,mayara-mini-tote-bag-60306144-3637,Black Light Gold,3,Y,Mayara Mini Tote Bag,,,,No Size,,gid://shopify/Product/7986351407194,mayara-mini-tote-bag-60306144,SINGLETON_PARENT|NONSTANDARD_HANDLE
MIM-T-mayara-mini-tote-bag,Mayara Mini Tote Bag,Bags Leather,mayara-mini-tote-bag-60308006-950,Brandy,4,Y,Mayara Mini Tote Bag,,,,No Size,,gid://shopify/Product/7986356715610,mayara-mini-tote-bag-60308006,SINGLETON_PARENT|NONSTANDARD_HANDLE
MIM-T-mayara-tote-bag,Mayara Tote Bag,Bags Leather,mayara-tote-bag-60306117-3637,Black Light Gold,1,Y,Mayara Tote Bag,,,,No Size,,gid://shopify/Product/7986350882906,mayara-tote-bag-60306117,SINGLETON_PARENT|NONSTANDARD_HANDLE
MIM-T-mayara-tote-bag,Mayara Tote Bag,Bags Leather,mayara-tote-bag-60306141-238,Oyster,2,Y,Mayara Tote Bag,,,,No Size,,gid://shopify/Product/7986351046746,mayara-tote-bag-60306141,SINGLETON_PARENT|NONSTANDARD_HANDLE
MIM-T-mayara-tote-bag,Mayara Tote Bag,Bags Leather,mayara-tote-bag-60308005-950,Brandy,3,Y,Mayara Tote Bag,,,,No Size,,gid://shopify/Product/7986356584538,mayara-tote-bag-60308005,SINGLETON_PARENT|NONSTANDARD_HANDLE
MIM-T-metro-crossbody-bag,Metro Crossbody Bag,Bags Leather,metro-crossbody-bag-60307923-1164,Cherry,1,Y,Metro Crossbody Bag,,,,No Size,,gid://shopify/Product/7986358190170,metro-crossbody-bag-60307923,SINGLETON_PARENT|NONSTANDARD_HANDLE
MIM-T-metro-crossbody-bag,Metro Crossbody Bag,Bags Leather,metro-crossbody-bag-60307924-1,Black,2,Y,Metro Crossbody Bag,,,,No Size,,gid://shopify/Product/7986355077210,metro-crossbody-bag-60307924,SINGLETON_PARENT|NONSTANDARD_HANDLE
MIM-T-metro-crossbody-bag,Metro Crossbody Bag,Bags Leather,metro-crossbody-bag-60307925-119,Sand,3,Y,Metro Crossbody Bag,,,,No Size,,gid://shopify/Product/7986355273818,metro-crossbody-bag-60307925,SINGLETON_PARENT|NONSTANDARD_HANDLE
MIM-T-metro-mini-tote-bag,Metro Mini Tote Bag,Bags Leather,metro-mini-tote-bag-60305451-955,Eucalyptus,1,Y,Metro Mini Tote Bag,,,,No Size,,gid://shopify/Product/7986346557530,metro-mini-tote-bag-60305451,SINGLETON_PARENT|NONSTANDARD_HANDLE
MIM-T-metro-mini-tote-bag,Metro Mini Tote Bag,Bags Leather,metro-mini-tote-bag-60305449-119,Sand,2,Y,Metro Mini Tote Bag,,,,No Size,,gid://shopify/Product/7986346229850,metro-mini-tote-bag-60305449,SINGLETON_PARENT|NONSTANDARD_HANDLE
MIM-T-metro-mini-tote-bag,Metro Mini Tote Bag,Bags Leather,metro-mini-tote-bag-60307914-1164,Cherry,3,Y,Metro Mini Tote Bag,,,,No Size,,gid://shopify/Product/7986358026330,metro-mini-tote-bag-60307914,SINGLETON_PARENT|NONSTANDARD_HANDLE
MIM-T-metro-mini-tote-bag,Metro Mini Tote Bag,Bags Leather,metro-mini-tote-bag-60309153-9466,Grey Sky,4,Y,Metro Mini Tote Bag,,,,No Size,,gid://shopify/Product/7986365988954,metro-mini-tote-bag-60309153,SINGLETON_PARENT|NONSTANDARD_HANDLE
MIM-T-metro-mini-tote-bag,Metro Mini Tote Bag,Bags Leather,metro-mini-tote-bag-60310176-974,Caramel,5,Y,Metro Mini Tote Bag,,,399.95,No Size,,gid://shopify/Product/7986369101914,metro-mini-tote-bag-60310176,SINGLETON_PARENT|NONSTANDARD_HANDLE
MIM-T-metro-mini-tote-bag,Metro Mini Tote Bag,Bags Leather,metro-mini-tote-bag-60311986-6525,Pink Dust,6,Y,Metro Mini Tote Bag,,,,No Size,,gid://shopify/Product/7986380275802,metro-mini-tote-bag-60311986,SINGLETON_PARENT|NONSTANDARD_HANDLE
MIM-T-metro-worker-tote-bag,Metro Worker Tote Bag,Bags Leather,metro-worker-tote-bag-60305448-119,Sand,1,Y,Metro Worker Tote Bag,,,,No Size,,gid://shopify/Product/7986346098778,metro-worker-tote-bag-60305448,SINGLETON_PARENT|NONSTANDARD_HANDLE
MIM-T-metro-worker-tote-bag,Metro Worker Tote Bag,Bags Leather,metro-worker-tote-bag-60314900-974,Caramel,2,Y,Metro Worker Tote Bag,,,599.95,No Size,,gid://shopify/Product/7986402033754,metro-worker-tote-bag-60314900,SINGLETON_PARENT|NONSTANDARD_HANDLE
MIM-T-mila-crossbody-bag,Mila Crossbody Bag,Bags Leather,mila-crossbody-bag-60308021-8816,Black Brushed LG,1,Y,Mila Crossbody Bag,,,,No Size,,gid://shopify/Product/7986358878298,mila-crossbody-bag-60308021,SINGLETON_PARENT|NONSTANDARD_HANDLE
MIM-T-mila-crossbody-bag,Mila Crossbody Bag,Bags Leather,mila-crossbody-bag-60308022-1085,Alabaster,2,Y,Mila Crossbody Bag,,,,No Size,,gid://shopify/Product/7986359009370,mila-crossbody-bag-60308022,SINGLETON_PARENT|NONSTANDARD_HANDLE
MIM-T-mila-grab-bag,Mila Grab Bag,Bags Leather,mila-grab-bag-60308023-8816,Black Brushed LG,1,Y,Mila Grab Bag,,,,No Size,,gid://shopify/Product/7986359205978,mila-grab-bag-60308023,SINGLETON_PARENT|NONSTANDARD_HANDLE
MIM-T-mila-grab-bag,Mila Grab Bag,Bags Leather,mila-grab-bag-60308025-1085,Alabaster,2,Y,Mila Grab Bag,,,,No Size,,gid://shopify/Product/7986359533658,mila-grab-bag-60308025,SINGLETON_PARENT|NONSTANDARD_HANDLE
MIM-T-mila-shoulder-bag,Mila Shoulder Bag,Bags Leather,mila-shoulder-bag-60308020-1085,Alabaster,1,Y,Mila Shoulder Bag,,,,No Size,,gid://shopify/Product/7986358714458,mila-shoulder-bag-60308020,SINGLETON_PARENT|NONSTANDARD_HANDLE
MIM-T-mila-shoulder-bag,Mila Shoulder Bag,Bags Leather,mila-shoulder-bag-60308018-8816,Black Brushed LG,2,Y,Mila Shoulder Bag,,,,No Size,,gid://shopify/Product/7986358517850,mila-shoulder-bag-60308018,SINGLETON_PARENT|NONSTANDARD_HANDLE
MIM-T-mim-couch-bag,Mim Couch Bag,Bags Leather,mim-couch-bag-60237707-1,Black,1,Y,Mim Couch Bag,,,,No Size,,gid://shopify/Product/7986262769754,mim-couch-bag-60237707,SINGLETON_PARENT|NONSTANDARD_HANDLE
MIM-T-mim-couch-bag,Mim Couch Bag,Bags Leather,mim-couch-bag-60239556-1492,Black Rose Gold,2,Y,Mim Couch Bag,,,,No Size,,gid://shopify/Product/7986263326810,mim-couch-bag-60239556,SINGLETON_PARENT|NONSTANDARD_HANDLE
MIM-T-mim-mazing-crossbody-bag,Mim-Mazing Crossbody Bag,Bags Leather,mim-mazing-crossbody-bag-60266735-1492,Black Rose Gold,1,Y,Mim-Mazing Crossbody Bag,,,,One Size,,gid://shopify/Product/7986278301786,mim-mazing-crossbody-bag-60266735,SINGLETON_PARENT|NONSTANDARD_HANDLE|DUPLICATE_COLOUR|SIZE_SCALE_DIFF
MIM-T-mim-mazing-crossbody-bag,Mim-Mazing Crossbody Bag,Bags Leather,mim-mazing-crossbody-bag-60266736-9621,Black Gunmetal,2,Y,Mim-Mazing Crossbody Bag,,,,One Size,,gid://shopify/Product/7986278465626,mim-mazing-crossbody-bag-60266736,SINGLETON_PARENT|NONSTANDARD_HANDLE|DUPLICATE_COLOUR|SIZE_SCALE_DIFF
MIM-T-mim-mazing-crossbody-bag,Mim-Mazing Crossbody Bag,Bags Leather,mim-mazing-crossbody-bag-60268855-2351,Almond,3,Y,Mim-Mazing Crossbody Bag,,,,One Size,,gid://shopify/Product/7986282332250,mim-mazing-crossbody-bag-60268855,SINGLETON_PARENT|NONSTANDARD_HANDLE|DUPLICATE_COLOUR|SIZE_SCALE_DIFF
MIM-T-mim-mazing-crossbody-bag,Mim-Mazing Crossbody Bag,Bags Leather,mim-mazing-crossbody-bag-60269411-100,White,4,Y,Mim-Mazing Crossbody Bag,,,,No Size,,gid://shopify/Product/7986283806810,mim-mazing-crossbody-bag-60269411,SINGLETON_PARENT|NONSTANDARD_HANDLE|DUPLICATE_COLOUR|SIZE_SCALE_DIFF
MIM-T-mim-mazing-crossbody-bag,Mim-Mazing Crossbody Bag,Bags Leather,mim-mazing-crossbody-bag-60280431-974,Caramel,5,Y,Mim-Mazing Crossbody Bag,,,,No Size,,gid://shopify/Product/7986297602138,mim-mazing-crossbody-bag-60280431,SINGLETON_PARENT|NONSTANDARD_HANDLE|DUPLICATE_COLOUR|SIZE_SCALE_DIFF
MIM-T-mim-mazing-crossbody-bag,Mim-Mazing Crossbody Bag,Bags Leather,mim-mazing-crossbody-bag-60288608-3637,Black Light Gold,6,Y,Mim-Mazing Crossbody Bag,,,,One Size,,gid://shopify/Product/7986315624538,mim-mazing-crossbody-bag-60288608,SINGLETON_PARENT|NONSTANDARD_HANDLE|DUPLICATE_COLOUR|SIZE_SCALE_DIFF
MIM-T-mim-mazing-crossbody-bag,Mim-Mazing Crossbody Bag,Bags Leather,mim-mazing-crossbody-bag-60290451-6513,Sweet Pink,7,Y,Mim-Mazing Crossbody Bag,,,,One Size,,gid://shopify/Product/7986318082138,mim-mazing-crossbody-bag-60290451,SINGLETON_PARENT|NONSTANDARD_HANDLE|DUPLICATE_COLOUR|SIZE_SCALE_DIFF
MIM-T-mim-mazing-crossbody-bag,Mim-Mazing Crossbody Bag,Bags Leather,mim-mazing-crossbody-bag-60290453-7899,Pastel Peach,8,Y,Mim-Mazing Crossbody Bag,,,,One Size,,gid://shopify/Product/7986318245978,mim-mazing-crossbody-bag-60290453,SINGLETON_PARENT|NONSTANDARD_HANDLE|DUPLICATE_COLOUR|SIZE_SCALE_DIFF
MIM-T-mim-mazing-crossbody-bag,Mim-Mazing Crossbody Bag,Bags Leather,mim-mazing-crossbody-bag-60290599-7735,Almond Multi,9,Y,Mim-Mazing Crossbody Bag,,,,One Size,,gid://shopify/Product/7986323456090,mim-mazing-crossbody-bag-60290599,SINGLETON_PARENT|NONSTANDARD_HANDLE|DUPLICATE_COLOUR|SIZE_SCALE_DIFF
MIM-T-mim-mazing-crossbody-bag,Mim-Mazing Crossbody Bag,Bags Leather,mim-mazing-crossbody-bag-60290547-9621,Black Gunmetal,10,Y,Mim-Mazing Crossbody Bag,,,,No Size,,gid://shopify/Product/7986320834650,mim-mazing-crossbody-bag-60290547,SINGLETON_PARENT|NONSTANDARD_HANDLE|DUPLICATE_COLOUR|SIZE_SCALE_DIFF
MIM-T-mim-mazing-crossbody-bag,Mim-Mazing Crossbody Bag,Bags Leather,mim-mazing-crossbody-bag-60290572-7816,Lemon Crush,11,Y,Mim-Mazing Crossbody Bag,,,,One Size,,gid://shopify/Product/7986321621082,mim-mazing-crossbody-bag-60290572,SINGLETON_PARENT|NONSTANDARD_HANDLE|DUPLICATE_COLOUR|SIZE_SCALE_DIFF
MIM-T-mim-mazing-duo-crossbody-bag,Mim-Mazing Duo Crossbody Bag,Bags Leather,mim-mazing-duo-crossbody-bag-60266732-9621,Black Gunmetal,1,Y,Mim-Mazing Duo Crossbody Bag,,,,One Size,,gid://shopify/Product/7986278137946,mim-mazing-duo-crossbody-bag-60266732,SINGLETON_PARENT|NONSTANDARD_HANDLE|SIZE_SCALE_DIFF
MIM-T-mim-mazing-duo-crossbody-bag,Mim-Mazing Duo Crossbody Bag,Bags Leather,mim-mazing-duo-crossbody-bag-60268854-2351,Almond,2,Y,Mim-Mazing Duo Crossbody Bag,,,,One Size,,gid://shopify/Product/7986282168410,mim-mazing-duo-crossbody-bag-60268854,SINGLETON_PARENT|NONSTANDARD_HANDLE|SIZE_SCALE_DIFF
MIM-T-mim-mazing-duo-crossbody-bag,Mim-Mazing Duo Crossbody Bag,Bags Leather,mim-mazing-duo-crossbody-bag-60269410-9420,Peony Pink,3,Y,Mim-Mazing Duo Crossbody Bag,,,,No Size,,gid://shopify/Product/7986283642970,mim-mazing-duo-crossbody-bag-60269410,SINGLETON_PARENT|NONSTANDARD_HANDLE|SIZE_SCALE_DIFF
MIM-T-mim-pouch-shldr-bag,Mim Pouch Shldr Bag,Bags Leather,mim-pouch-shldr-bag-60322609-200,Chocolate,1,Y,Mim Pouch Shldr Bag,,,,No Size,,gid://shopify/Product/8037179097178,mim-pouch-shldr-bag-60322609,SINGLETON_PARENT|NONSTANDARD_HANDLE
MIM-T-mim-pouch-shldr-bag,Mim Pouch Shldr Bag,Bags Leather,mim-pouch-shldr-bag-60324714-1,Black,2,Y,Mim Pouch Shldr Bag,,,,No Size,,gid://shopify/Product/8076263391322,mim-pouch-shldr-bag-60324714,SINGLETON_PARENT|NONSTANDARD_HANDLE
MIM-T-misty-grab-crossbody-bag,Misty Grab Crossbody Bag,Bags Leather,misty-grab-crossbody-bag-60311988-2348,Linen,1,Y,Misty Grab Crossbody Bag,,,,No Size,,gid://shopify/Product/7986380701786,misty-grab-crossbody-bag-60311988,SINGLETON_PARENT|NONSTANDARD_HANDLE
MIM-T-misty-grab-crossbody-bag,Misty Grab Crossbody Bag,Bags Leather,misty-grab-crossbody-bag-60311989-465,Iceberg,2,Y,Misty Grab Crossbody Bag,,,,No Size,,gid://shopify/Product/7986380865626,misty-grab-crossbody-bag-60311989,SINGLETON_PARENT|NONSTANDARD_HANDLE
MIM-T-misty-grab-crossbody-bag,Misty Grab Crossbody Bag,Bags Leather,misty-grab-crossbody-bag-60311990-1,Black,3,Y,Misty Grab Crossbody Bag,,,179,No Size,,gid://shopify/Product/7986380996698,misty-grab-crossbody-bag-60311990,SINGLETON_PARENT|NONSTANDARD_HANDLE
MIM-T-natalie-crossbody-bag,Natalie Crossbody Bag,Bags Leather,natalie-crossbody-bag-60305789-1085,Alabaster,1,Y,Natalie Crossbody Bag,,,,No Size,,gid://shopify/Product/7986346328154,natalie-crossbody-bag-60305789,SINGLETON_PARENT|NONSTANDARD_HANDLE
MIM-T-natalie-crossbody-bag,Natalie Crossbody Bag,Bags Leather,natalie-crossbody-bag-60305790-9599,Fawn,2,Y,Natalie Crossbody Bag,,,,No Size,,gid://shopify/Product/7986346491994,natalie-crossbody-bag-60305790,SINGLETON_PARENT|NONSTANDARD_HANDLE
MIM-T-natalie-crossbody-bag,Natalie Crossbody Bag,Bags Leather,natalie-crossbody-bag-60305791-88,Shadow,3,Y,Natalie Crossbody Bag,,,,No Size,,gid://shopify/Product/7986346688602,natalie-crossbody-bag-60305791,SINGLETON_PARENT|NONSTANDARD_HANDLE
MIM-T-natalie-crossbody-bag,Natalie Crossbody Bag,Bags Leather,natalie-crossbody-bag-60305792-3637,Black Light Gold,4,Y,Natalie Crossbody Bag,,,,No Size,,gid://shopify/Product/7986346852442,natalie-crossbody-bag-60305792,SINGLETON_PARENT|NONSTANDARD_HANDLE
MIM-T-natalie-mini-tote-bag,Natalie Mini Tote Bag,Bags Leather,natalie-mini-tote-bag-60305786-3637,Black Light Gold,1,Y,Natalie Mini Tote Bag,,,,No Size,,gid://shopify/Product/7986345869402,natalie-mini-tote-bag-60305786,SINGLETON_PARENT|NONSTANDARD_HANDLE
MIM-T-natalie-mini-tote-bag,Natalie Mini Tote Bag,Bags Leather,natalie-mini-tote-bag-60305787-88,Shadow,2,Y,Natalie Mini Tote Bag,,,,No Size,,gid://shopify/Product/7986346000474,natalie-mini-tote-bag-60305787,SINGLETON_PARENT|NONSTANDARD_HANDLE
MIM-T-natalie-mini-tote-bag,Natalie Mini Tote Bag,Bags Leather,natalie-mini-tote-bag-60305788-1085,Alabaster,3,Y,Natalie Mini Tote Bag,,,,No Size,,gid://shopify/Product/7986346197082,natalie-mini-tote-bag-60305788,SINGLETON_PARENT|NONSTANDARD_HANDLE
MIM-T-natalie-tote-bag,Natalie Tote Bag,Bags Leather,natalie-tote-bag-60305753-3637,Black Light Gold,1,Y,Natalie Tote Bag,,,,No Size,,gid://shopify/Product/7986345574490,natalie-tote-bag-60305753,SINGLETON_PARENT|NONSTANDARD_HANDLE
MIM-T-natalie-tote-bag,Natalie Tote Bag,Bags Leather,natalie-tote-bag-60305763-9599,Fawn,2,Y,Natalie Tote Bag,,,,No Size,,gid://shopify/Product/7986345705562,natalie-tote-bag-60305763,SINGLETON_PARENT|NONSTANDARD_HANDLE
MIM-T-northcote-camera-crossbody-bag,Northcote Camera Crossbody Bag,Bags Leather,northcote-camera-crossbody-bag-60297175-3637,Black Light Gold,1,Y,Northcote Camera Crossbody Bag,,,,No Size,,gid://shopify/Product/7986330894426,northcote-camera-crossbody-bag-60297175,OVERSIZED|SINGLETON_PARENT|NONSTANDARD_HANDLE
MIM-T-northcote-camera-crossbody-bag,Northcote Camera Crossbody Bag,Bags Leather,northcote-camera-crossbody-bag-60297177-268,Cognac,2,Y,Northcote Camera Crossbody Bag,,,,No Size,,gid://shopify/Product/7986331025498,northcote-camera-crossbody-bag-60297177,OVERSIZED|SINGLETON_PARENT|NONSTANDARD_HANDLE
MIM-T-northcote-camera-crossbody-bag,Northcote Camera Crossbody Bag,Bags Leather,northcote-camera-crossbody-bag-60297178-116,Ivory,3,Y,Northcote Camera Crossbody Bag,,,,No Size,,gid://shopify/Product/7986331189338,northcote-camera-crossbody-bag-60297178,OVERSIZED|SINGLETON_PARENT|NONSTANDARD_HANDLE
MIM-T-northcote-camera-crossbody-bag,Northcote Camera Crossbody Bag,Bags Leather,northcote-camera-crossbody-bag-60299122-6522,Pink Sorbet,4,Y,Northcote Camera Crossbody Bag,,,,No Size,,gid://shopify/Product/7986338299994,northcote-camera-crossbody-bag-60299122,OVERSIZED|SINGLETON_PARENT|NONSTANDARD_HANDLE
MIM-T-northcote-camera-crossbody-bag,Northcote Camera Crossbody Bag,Bags Leather,northcote-camera-crossbody-bag-60299598-777,Sand Dune,5,Y,Northcote Camera Crossbody Bag,,,,No Size,,gid://shopify/Product/7986343542874,northcote-camera-crossbody-bag-60299598,OVERSIZED|SINGLETON_PARENT|NONSTANDARD_HANDLE
MIM-T-northcote-camera-crossbody-bag,Northcote Camera Crossbody Bag,Bags Leather,northcote-camera-crossbody-bag-60304106-955,Eucalyptus,6,Y,Northcote Camera Crossbody Bag,,,,No Size,,gid://shopify/Product/7986344099930,northcote-camera-crossbody-bag-60304106,OVERSIZED|SINGLETON_PARENT|NONSTANDARD_HANDLE
MIM-T-northcote-camera-crossbody-bag,Northcote Camera Crossbody Bag,Bags Leather,northcote-camera-crossbody-bag-60304107-263,Biscuit,7,Y,Northcote Camera Crossbody Bag,,,,No Size,,gid://shopify/Product/7986344362074,northcote-camera-crossbody-bag-60304107,OVERSIZED|SINGLETON_PARENT|NONSTANDARD_HANDLE
MIM-T-northcote-camera-crossbody-bag,Northcote Camera Crossbody Bag,Bags Leather,northcote-camera-crossbody-bag-60309147-3510,Pink Multi,8,Y,Northcote Camera Crossbody Bag,,,,No Size,,gid://shopify/Product/7986365431898,northcote-camera-crossbody-bag-60309147,OVERSIZED|SINGLETON_PARENT|NONSTANDARD_HANDLE
MIM-T-northcote-camera-crossbody-bag,Northcote Camera Crossbody Bag,Bags Leather,northcote-camera-crossbody-bag-60310175-2729,Black Multi,9,Y,Northcote Camera Crossbody Bag,,,129,No Size,,gid://shopify/Product/7986368938074,northcote-camera-crossbody-bag-60310175,OVERSIZED|SINGLETON_PARENT|NONSTANDARD_HANDLE
MIM-T-northcote-camera-crossbody-bag,Northcote Camera Crossbody Bag,Bags Leather,northcote-camera-crossbody-bag-60311985-974,Caramel,10,Y,Northcote Camera Crossbody Bag,,,129,No Size,,gid://shopify/Product/7986380111962,northcote-camera-crossbody-bag-60311985,OVERSIZED|SINGLETON_PARENT|NONSTANDARD_HANDLE
MIM-T-northcote-camera-crossbody-bag,Northcote Camera Crossbody Bag,Bags Leather,northcote-camera-crossbody-bag-60314896-3868,Petal Multi,11,Y,Northcote Camera Crossbody Bag,,,129,No Size,,gid://shopify/Product/7986401804378,northcote-camera-crossbody-bag-60314896,OVERSIZED|SINGLETON_PARENT|NONSTANDARD_HANDLE
MIM-T-northcote-camera-crossbody-bag,Northcote Camera Crossbody Bag,Bags Leather,northcote-camera-crossbody-bag-60314897-7735,Almond Multi,12,Y,Northcote Camera Crossbody Bag,,,129,No Size,,gid://shopify/Product/7986401968218,northcote-camera-crossbody-bag-60314897,OVERSIZED|SINGLETON_PARENT|NONSTANDARD_HANDLE
MIM-T-northcote-camera-crossbody-bag,Northcote Camera Crossbody Bag,Bags Leather,northcote-camera-crossbody-bag-60299859-302,Sage,13,Y,Northcote Camera Crossbody Bag,,,,No Size,,gid://shopify/Product/7986517999706,northcote-camera-crossbody-bag-60299859,OVERSIZED|SINGLETON_PARENT|NONSTANDARD_HANDLE
MIM-T-northcote-camera-crossbody-bag,Northcote Camera Crossbody Bag,Bags Leather,northcote-camera-crossbody-bag-60304104-1085,Alabaster,14,Y,Northcote Camera Crossbody Bag,,,,No Size,,gid://shopify/Product/7986531270746,northcote-camera-crossbody-bag-60304104,OVERSIZED|SINGLETON_PARENT|NONSTANDARD_HANDLE
MIM-T-northcote-camera-crossbody-bag,Northcote Camera Crossbody Bag,Bags Leather,northcote-camera-crossbody-bag-60304105-55,Fog,15,Y,Northcote Camera Crossbody Bag,,,,No Size,,gid://shopify/Product/7986531434586,northcote-camera-crossbody-bag-60304105,OVERSIZED|SINGLETON_PARENT|NONSTANDARD_HANDLE
MIM-T-orbit-crossbody-bag,Orbit Crossbody Bag,Bags Leather,orbit-crossbody-bag-60292193-84,Pearl,1,Y,Orbit Crossbody Bag,,,,No Size,,gid://shopify/Product/7986327617626,orbit-crossbody-bag-60292193,SINGLETON_PARENT|NONSTANDARD_HANDLE
MIM-T-orbit-crossbody-bag,Orbit Crossbody Bag,Bags Leather,orbit-crossbody-bag-60292195-9621,Black Gunmetal,2,Y,Orbit Crossbody Bag,,,,No Size,,gid://shopify/Product/7986327781466,orbit-crossbody-bag-60292195,SINGLETON_PARENT|NONSTANDARD_HANDLE
MIM-T-orbit-crossbody-bag,Orbit Crossbody Bag,Bags Leather,orbit-crossbody-bag-60292196-7730,Matcha,3,Y,Orbit Crossbody Bag,,,,No Size,,gid://shopify/Product/7986327945306,orbit-crossbody-bag-60292196,SINGLETON_PARENT|NONSTANDARD_HANDLE
MIM-T-orbit-crossbody-bag,Orbit Crossbody Bag,Bags Leather,orbit-crossbody-bag-60294212-100,White,4,Y,Orbit Crossbody Bag,,,,No Size,,gid://shopify/Product/7986503516250,orbit-crossbody-bag-60294212,SINGLETON_PARENT|NONSTANDARD_HANDLE
MIM-T-orbit-mini-tote-bag,Orbit Mini Tote Bag,Bags Leather,orbit-mini-tote-bag-60292191-9621,Black Gunmetal,1,Y,Orbit Mini Tote Bag,,,,No Size,,gid://shopify/Product/7986327453786,orbit-mini-tote-bag-60292191,SINGLETON_PARENT|NONSTANDARD_HANDLE
MIM-T-orbit-mini-tote-bag,Orbit Mini Tote Bag,Bags Leather,orbit-mini-tote-bag-60294481-100,White,2,Y,Orbit Mini Tote Bag,,,,No Size,,gid://shopify/Product/7986506760282,orbit-mini-tote-bag-60294481,SINGLETON_PARENT|NONSTANDARD_HANDLE
MIM-T-orbit-mini-tote-bag,Orbit Mini Tote Bag,Bags Leather,orbit-mini-tote-bag-60294213-84,Pearl,3,Y,Orbit Mini Tote Bag,,,,No Size,,gid://shopify/Product/7986503712858,orbit-mini-tote-bag-60294213,SINGLETON_PARENT|NONSTANDARD_HANDLE
MIM-T-palm-springs-basket-bag,Palm Springs Basket Bag,Bags Leather,palm-springs-basket-bag-60299409-3637,Black Light Gold,1,Y,Palm Springs Basket Bag,,,,No Size,,gid://shopify/Product/7986340135002,palm-springs-basket-bag-60299409,SINGLETON_PARENT|NONSTANDARD_HANDLE
MIM-T-palm-springs-basket-bag,Palm Springs Basket Bag,Bags Leather,palm-springs-basket-bag-60299410-100,White,2,Y,Palm Springs Basket Bag,,,,No Size,,gid://shopify/Product/7986340298842,palm-springs-basket-bag-60299410,SINGLETON_PARENT|NONSTANDARD_HANDLE
MIM-T-palm-springs-mini-basket-bag,Palm Springs Mini Basket Bag,Bags Leather,palm-springs-mini-basket-bag-60299411-100,White,1,Y,Palm Springs Mini Basket Bag,,,,No Size,,gid://shopify/Product/7986340462682,palm-springs-mini-basket-bag-60299411,SINGLETON_PARENT|NONSTANDARD_HANDLE
MIM-T-palm-springs-mini-basket-bag,Palm Springs Mini Basket Bag,Bags Leather,palm-springs-mini-basket-bag-60299412-3637,Black Light Gold,2,Y,Palm Springs Mini Basket Bag,,,,No Size,,gid://shopify/Product/7986340659290,palm-springs-mini-basket-bag-60299412,SINGLETON_PARENT|NONSTANDARD_HANDLE
MIM-T-patch-leather-micro-tote-bag,Patch Leather Micro Tote Bag,Bags Leather,patch-leather-micro-tote-bag-60294204-3637,Black Light Gold,1,Y,Patch Leather Micro Tote Bag,,,,No Size,,gid://shopify/Product/7986503188570,patch-leather-micro-tote-bag-60294204,SINGLETON_PARENT|NONSTANDARD_HANDLE
MIM-T-patch-leather-micro-tote-bag,Patch Leather Micro Tote Bag,Bags Leather,patch-leather-micro-tote-bag-60294207-7898,Waffle,2,Y,Patch Leather Micro Tote Bag,,,,No Size,,gid://shopify/Product/7986503352410,patch-leather-micro-tote-bag-60294207,SINGLETON_PARENT|NONSTANDARD_HANDLE
MIM-T-patch-leather-mini-tote-bag,Patch Leather Mini Tote Bag,Bags Leather,patch-leather-mini-tote-bag-60292211-7700,Winter Moss,1,Y,Patch Leather Mini Tote Bag,,,,No Size,,gid://shopify/Product/7986324865114,patch-leather-mini-tote-bag-60292211,SINGLETON_PARENT|NONSTANDARD_HANDLE
MIM-T-patch-leather-mini-tote-bag,Patch Leather Mini Tote Bag,Bags Leather,patch-leather-mini-tote-bag-60312851-1,Black,2,Y,Patch Leather Mini Tote Bag,,,399.95,No Size,,gid://shopify/Product/7986384011354,patch-leather-mini-tote-bag-60312851,SINGLETON_PARENT|NONSTANDARD_HANDLE
MIM-T-patch-leather-mini-tote-bag,Patch Leather Mini Tote Bag,Bags Leather,patch-leather-mini-tote-bag-60312855-9599,Fawn,3,Y,Patch Leather Mini Tote Bag,,,399.95,No Size,,gid://shopify/Product/7986384470106,patch-leather-mini-tote-bag-60312855,SINGLETON_PARENT|NONSTANDARD_HANDLE
MIM-T-patch-leather-mini-tote-bag,Patch Leather Mini Tote Bag,Bags Leather,patch-leather-mini-tote-bag-60292391-974,Caramel,4,Y,Patch Leather Mini Tote Bag,,,,No Size,,gid://shopify/Product/7986501615706,patch-leather-mini-tote-bag-60292391,SINGLETON_PARENT|NONSTANDARD_HANDLE
MIM-T-patch-leather-mini-tote-bag,Patch Leather Mini Tote Bag,Bags Leather,patch-leather-mini-tote-bag-60294187-3637,Black Light Gold,5,Y,Patch Leather Mini Tote Bag,,,,No Size,,gid://shopify/Product/7986502533210,patch-leather-mini-tote-bag-60294187,SINGLETON_PARENT|NONSTANDARD_HANDLE
MIM-T-patch-leather-mini-tote-bag,Patch Leather Mini Tote Bag,Bags Leather,patch-leather-mini-tote-bag-60293850-7898,Waffle,6,Y,Patch Leather Mini Tote Bag,,,,No Size,,gid://shopify/Product/7986504761434,patch-leather-mini-tote-bag-60293850,SINGLETON_PARENT|NONSTANDARD_HANDLE
MIM-T-patch-leather-tote-bag,Patch Leather Tote Bag,Bags Leather,patch-leather-tote-bag-60312850-1,Black,1,Y,Patch Leather Tote Bag,,,599.95,No Size,,gid://shopify/Product/7986383814746,patch-leather-tote-bag-60312850,SINGLETON_PARENT|NONSTANDARD_HANDLE
MIM-T-patch-leather-tote-bag,Patch Leather Tote Bag,Bags Leather,patch-leather-tote-bag-60312854-9599,Fawn,2,Y,Patch Leather Tote Bag,,,599.95,No Size,,gid://shopify/Product/7986384207962,patch-leather-tote-bag-60312854,SINGLETON_PARENT|NONSTANDARD_HANDLE
MIM-T-patch-leather-tote-bag,Patch Leather Tote Bag,Bags Leather,patch-leather-tote-bag-60294186-3637,Black Light Gold,3,Y,Patch Leather Tote Bag,,,,No Size,,gid://shopify/Product/7986502336602,patch-leather-tote-bag-60294186,SINGLETON_PARENT|NONSTANDARD_HANDLE
MIM-T-patch-leather-tote-bag,Patch Leather Tote Bag,Bags Leather,patch-leather-tote-bag-60292408-974,Caramel,4,Y,Patch Leather Tote Bag,,,,No Size,,gid://shopify/Product/7986502238298,patch-leather-tote-bag-60292408,SINGLETON_PARENT|NONSTANDARD_HANDLE
MIM-T-prahran-crossbody-bag,Prahran Crossbody Bag,Bags Leather,prahran-crossbody-bag-60298228-3637,Black Light Gold,1,Y,Prahran Crossbody Bag,,,,No Size,,gid://shopify/Product/7986332500058,prahran-crossbody-bag-60298228,SINGLETON_PARENT|NONSTANDARD_HANDLE
MIM-T-prahran-crossbody-bag,Prahran Crossbody Bag,Bags Leather,prahran-crossbody-bag-60298229-268,Cognac,2,Y,Prahran Crossbody Bag,,,,No Size,,gid://shopify/Product/7986332598362,prahran-crossbody-bag-60298229,SINGLETON_PARENT|NONSTANDARD_HANDLE
MIM-T-prahran-crossbody-bag,Prahran Crossbody Bag,Bags Leather,prahran-crossbody-bag-60298230-9480,Bluebell,3,Y,Prahran Crossbody Bag,,,,No Size,,gid://shopify/Product/7986332762202,prahran-crossbody-bag-60298230,SINGLETON_PARENT|NONSTANDARD_HANDLE
MIM-T-prahran-crossbody-bag,Prahran Crossbody Bag,Bags Leather,prahran-crossbody-bag-60298231-7567,Tequila Sunrise,4,Y,Prahran Crossbody Bag,,,,No Size,,gid://shopify/Product/7986332958810,prahran-crossbody-bag-60298231,SINGLETON_PARENT|NONSTANDARD_HANDLE
MIM-T-preston-crescent-crossbody-bag,Preston Crescent Crossbody Bag,Bags Leather,preston-crescent-crossbody-bag-60309172-2348,Linen,1,Y,Preston Crescent Crossbody Bag,,,,No Size,,gid://shopify/Product/7986365366362,preston-crescent-crossbody-bag-60309172,SINGLETON_PARENT|NONSTANDARD_HANDLE
MIM-T-preston-crescent-crossbody-bag,Preston Crescent Crossbody Bag,Bags Leather,preston-crescent-crossbody-bag-60309173-974,Caramel,2,Y,Preston Crescent Crossbody Bag,,,,No Size,,gid://shopify/Product/7986365595738,preston-crescent-crossbody-bag-60309173,SINGLETON_PARENT|NONSTANDARD_HANDLE
MIM-T-preston-crescent-crossbody-bag,Preston Crescent Crossbody Bag,Bags Leather,preston-crescent-crossbody-bag-60309174-1,Black,3,Y,Preston Crescent Crossbody Bag,,,,No Size,,gid://shopify/Product/7986365726810,preston-crescent-crossbody-bag-60309174,SINGLETON_PARENT|NONSTANDARD_HANDLE
MIM-T-preston-crescent-crossbody-bag,Preston Crescent Crossbody Bag,Bags Leather,preston-crescent-crossbody-bag-60310113-7760,Multi Natural,4,Y,Preston Crescent Crossbody Bag,,,,No Size,,gid://shopify/Product/7986371428442,preston-crescent-crossbody-bag-60310113,SINGLETON_PARENT|NONSTANDARD_HANDLE
MIM-T-preston-crossbody-bag,Preston Crossbody Bag,Bags Leather,preston-crossbody-bag-60310868-974,Caramel,1,Y,Preston Crossbody Bag,,,,No Size,,gid://shopify/Product/7986377228378,preston-crossbody-bag-60310868,SINGLETON_PARENT|NONSTANDARD_HANDLE
MIM-T-preston-crossbody-bag,Preston Crossbody Bag,Bags Leather,preston-crossbody-bag-60310870-2348,Linen,2,Y,Preston Crossbody Bag,,,99,No Size,,gid://shopify/Product/7986377719898,preston-crossbody-bag-60310870,SINGLETON_PARENT|NONSTANDARD_HANDLE
MIM-T-preston-crossbody-bag,Preston Crossbody Bag,Bags Leather,preston-crossbody-bag-60311999-332,Willow,3,Y,Preston Crossbody Bag,,,,No Size,,gid://shopify/Product/7986381553754,preston-crossbody-bag-60311999,SINGLETON_PARENT|NONSTANDARD_HANDLE
MIM-T-preston-crossbody-bag,Preston Crossbody Bag,Bags Leather,preston-crossbody-bag-60312001-100,White,4,Y,Preston Crossbody Bag,,,,No Size,,gid://shopify/Product/7986381717594,preston-crossbody-bag-60312001,SINGLETON_PARENT|NONSTANDARD_HANDLE
MIM-T-preston-crossbody-bag,Preston Crossbody Bag,Bags Leather,preston-crossbody-bag-60312234-657,Petal,5,Y,Preston Crossbody Bag,,,,No Size,,gid://shopify/Product/7986384666714,preston-crossbody-bag-60312234,SINGLETON_PARENT|NONSTANDARD_HANDLE
MIM-T-preston-crossbody-bag,Preston Crossbody Bag,Bags Leather,preston-crossbody-bag-60315928-9787,TOFFEE,6,Y,Preston Crossbody Bag,,,,No Size,,gid://shopify/Product/7986402295898,preston-crossbody-bag-60315928,SINGLETON_PARENT|NONSTANDARD_HANDLE
MIM-T-preston-mini-tote-bag,Preston Mini Tote Bag,Bags Leather,preston-mini-tote-bag-60314914-2348,Linen,1,Y,Preston Mini Tote Bag,,,,No Size,,gid://shopify/Product/7986402263130,preston-mini-tote-bag-60314914,SINGLETON_PARENT|NONSTANDARD_HANDLE
MIM-T-preston-mini-tote-bag,Preston Mini Tote Bag,Bags Leather,preston-mini-tote-bag-60314915-974,Caramel,2,Y,Preston Mini Tote Bag,,,,No Size,,gid://shopify/Product/7986402492506,preston-mini-tote-bag-60314915,SINGLETON_PARENT|NONSTANDARD_HANDLE
MIM-T-preston-mini-tote-bag,Preston Mini Tote Bag,Bags Leather,preston-mini-tote-bag-60314916-1,Black,3,Y,Preston Mini Tote Bag,,,179,No Size,,gid://shopify/Product/7986402656346,preston-mini-tote-bag-60314916,SINGLETON_PARENT|NONSTANDARD_HANDLE
MIM-T-preston-tote-bag,Preston Tote Bag,Bags Leather,preston-tote-bag-60309169-1,Black,1,Y,Preston Tote Bag,,,,No Size,,gid://shopify/Product/7986368381018,preston-tote-bag-60309169,SINGLETON_PARENT|NONSTANDARD_HANDLE
MIM-T-preston-tote-bag,Preston Tote Bag,Bags Leather,preston-tote-bag-60309170-974,Caramel,2,Y,Preston Tote Bag,,,,No Size,,gid://shopify/Product/7986368446554,preston-tote-bag-60309170,SINGLETON_PARENT|NONSTANDARD_HANDLE
MIM-T-preston-tote-bag,Preston Tote Bag,Bags Leather,preston-tote-bag-60309171-2348,Linen,3,Y,Preston Tote Bag,,,,No Size,,gid://shopify/Product/7986365235290,preston-tote-bag-60309171,SINGLETON_PARENT|NONSTANDARD_HANDLE
MIM-T-prism-clutch-bag,Prism Clutch Bag,Bags Leather,prism-clutch-bag-60308027-3637,Black Light Gold,1,Y,Prism Clutch Bag,,,,No Size,,gid://shopify/Product/7986359664730,prism-clutch-bag-60308027,SINGLETON_PARENT|NONSTANDARD_HANDLE
MIM-T-prism-clutch-bag,Prism Clutch Bag,Bags Leather,prism-clutch-bag-60308030-263,Biscuit,2,Y,Prism Clutch Bag,,,,No Size,,gid://shopify/Product/7986359992410,prism-clutch-bag-60308030,SINGLETON_PARENT|NONSTANDARD_HANDLE
MIM-T-prism-clutch-bag,Prism Clutch Bag,Bags Leather,prism-clutch-bag-60308032-1979,Silver Gold,3,Y,Prism Clutch Bag,,,,No Size,,gid://shopify/Product/7986360189018,prism-clutch-bag-60308032,SINGLETON_PARENT|NONSTANDARD_HANDLE
MIM-T-puffy-crossbody-bag,Puffy Crossbody Bag,Bags Leather,puffy-crossbody-bag-60295711-3637,Black Light Gold,1,Y,Puffy Crossbody Bag,,,,No Size,,gid://shopify/Product/7986508759130,puffy-crossbody-bag-60295711,SINGLETON_PARENT|NONSTANDARD_HANDLE
MIM-T-puffy-crossbody-bag,Puffy Crossbody Bag,Bags Leather,puffy-crossbody-bag-60295712-116,Ivory,2,Y,Puffy Crossbody Bag,,,,No Size,,gid://shopify/Product/7986508922970,puffy-crossbody-bag-60295712,SINGLETON_PARENT|NONSTANDARD_HANDLE
MIM-T-puffy-crossbody-bag,Puffy Crossbody Bag,Bags Leather,puffy-crossbody-bag-60295713-6011,Racer Red,3,Y,Puffy Crossbody Bag,,,,No Size,,gid://shopify/Product/7986509086810,puffy-crossbody-bag-60295713,SINGLETON_PARENT|NONSTANDARD_HANDLE
MIM-T-puffy-leather-mini-crossbody-bag,Puffy Leather Mini Crossbody Bag,Bags Leather,puffy-leather-mini-crossbody-bag-60301251-3637,Black Light Gold,1,Y,Puffy Leather Mini Crossbody Bag,,,,No Size,,gid://shopify/Product/7986527109210,puffy-leather-mini-crossbody-bag-60301251,SINGLETON_PARENT|NONSTANDARD_HANDLE
MIM-T-puffy-leather-mini-crossbody-bag,Puffy Leather Mini Crossbody Bag,Bags Leather,puffy-leather-mini-crossbody-bag-60301252-116,Ivory,2,Y,Puffy Leather Mini Crossbody Bag,,,,No Size,,gid://shopify/Product/7986527273050,puffy-leather-mini-crossbody-bag-60301252,SINGLETON_PARENT|NONSTANDARD_HANDLE
MIM-T-rebel-fringe-hobo-bag,Rebel Fringe Hobo Bag,Bags Leather,rebel-fringe-hobo-bag-60314387-1,Black,1,Y,Rebel Fringe Hobo Bag,,,199,No Size,,gid://shopify/Product/7986398101594,rebel-fringe-hobo-bag-60314387,SINGLETON_PARENT|NONSTANDARD_HANDLE
MIM-T-rebel-fringe-hobo-bag,Rebel Fringe Hobo Bag,Bags Leather,rebel-fringe-hobo-bag-60314389-203,Pecan,2,Y,Rebel Fringe Hobo Bag,,,,No Size,,gid://shopify/Product/7986398429274,rebel-fringe-hobo-bag-60314389,SINGLETON_PARENT|NONSTANDARD_HANDLE
MIM-T-rebel-fringe-shoulder-bag,Rebel Fringe Shoulder Bag,Bags Leather,rebel-fringe-shoulder-bag-60314388-1,Black,1,Y,Rebel Fringe Shoulder Bag,,,119,No Size,,gid://shopify/Product/7986398265434,rebel-fringe-shoulder-bag-60314388,SINGLETON_PARENT|NONSTANDARD_HANDLE
MIM-T-rebel-fringe-shoulder-bag,Rebel Fringe Shoulder Bag,Bags Leather,rebel-fringe-shoulder-bag-60314390-203,Pecan,2,Y,Rebel Fringe Shoulder Bag,,,119,No Size,,gid://shopify/Product/7986398593114,rebel-fringe-shoulder-bag-60314390,SINGLETON_PARENT|NONSTANDARD_HANDLE
MIM-T-retrospect-tote-bag,Retrospect Tote Bag,Bags Leather,retrospect-tote-bag-60287917-238,Oyster,1,Y,Retrospect Tote Bag,,,,No Size,,gid://shopify/Product/7986313068634,retrospect-tote-bag-60287917,SINGLETON_PARENT|NONSTANDARD_HANDLE
MIM-T-retrospect-tote-bag,Retrospect Tote Bag,Bags Leather,retrospect-tote-bag-60287918-1,Black,2,Y,Retrospect Tote Bag,,,,No Size,,gid://shopify/Product/7986313199706,retrospect-tote-bag-60287918,SINGLETON_PARENT|NONSTANDARD_HANDLE
MIM-T-robin-bowler-bag,Robin Bowler Bag,Bags Leather,robin-bowler-bag-60309223-1,Black,1,Y,Robin Bowler Bag,,,,No Size,,gid://shopify/Product/7986368315482,robin-bowler-bag-60309223,SINGLETON_PARENT|NONSTANDARD_HANDLE
MIM-T-robin-bowler-bag,Robin Bowler Bag,Bags Leather,robin-bowler-bag-60309224-6525,Pink Dust,2,Y,Robin Bowler Bag,,,,No Size,,gid://shopify/Product/7986365268058,robin-bowler-bag-60309224,SINGLETON_PARENT|NONSTANDARD_HANDLE
MIM-T-robin-bowler-bag,Robin Bowler Bag,Bags Leather,robin-bowler-bag-60309225-202,Bitter Chocolate,3,Y,Robin Bowler Bag,,,,No Size,,gid://shopify/Product/7986365399130,robin-bowler-bag-60309225,SINGLETON_PARENT|NONSTANDARD_HANDLE
MIM-T-robin-mini-bowler-crossbody-bag,Robin Mini Bowler Crossbody Bag,Bags Leather,robin-mini-bowler-crossbody-bag-60309250-1,Black,1,Y,Robin Mini Bowler Crossbody Bag,,,,No Size,,gid://shopify/Product/7986366447706,robin-mini-bowler-crossbody-bag-60309250,SINGLETON_PARENT|NONSTANDARD_HANDLE
MIM-T-robin-mini-bowler-crossbody-bag,Robin Mini Bowler Crossbody Bag,Bags Leather,robin-mini-bowler-crossbody-bag-60309251-6525,Pink Dust,2,Y,Robin Mini Bowler Crossbody Bag,,,,No Size,,gid://shopify/Product/7986366611546,robin-mini-bowler-crossbody-bag-60309251,SINGLETON_PARENT|NONSTANDARD_HANDLE
MIM-T-savor-hobo-bag,Savor Hobo Bag,Bags Leather,savor-hobo-bag-60270546-974,Caramel,1,Y,Savor Hobo Bag,,,,No Size,,gid://shopify/Product/7986284986458,savor-hobo-bag-60270546,SINGLETON_PARENT|NONSTANDARD_HANDLE
MIM-T-savor-hobo-bag,Savor Hobo Bag,Bags Leather,savor-hobo-bag-60270548-9420,Peony Pink,2,Y,Savor Hobo Bag,,,,No Size,,gid://shopify/Product/7986285117530,savor-hobo-bag-60270548,SINGLETON_PARENT|NONSTANDARD_HANDLE
MIM-T-shield-crossbody-bag,Shield Crossbody Bag,Bags Leather,shield-crossbody-bag-60318011-1,Black,1,Y,Shield Crossbody Bag,,,359.95,No Size,,gid://shopify/Product/7986411602010,shield-crossbody-bag-60318011,SINGLETON_PARENT|NONSTANDARD_HANDLE
MIM-T-shield-crossbody-bag,Shield Crossbody Bag,Bags Leather,shield-crossbody-bag-60318012-9787,TOFFEE,2,Y,Shield Crossbody Bag,,,359.95,No Size,,gid://shopify/Product/7986411798618,shield-crossbody-bag-60318012,SINGLETON_PARENT|NONSTANDARD_HANDLE
MIM-T-shield-crossbody-bag,Shield Crossbody Bag,Bags Leather,shield-crossbody-bag-60318013-602,Merlot,3,Y,Shield Crossbody Bag,,,359.95,No Size,,gid://shopify/Product/7986411962458,shield-crossbody-bag-60318013,SINGLETON_PARENT|NONSTANDARD_HANDLE
MIM-T-shield-crossbody-bag,Shield Crossbody Bag,Bags Leather,shield-crossbody-bag-60318014-202,Bitter Chocolate,4,Y,Shield Crossbody Bag,,,359.95,No Size,,gid://shopify/Product/7986412453978,shield-crossbody-bag-60318014,SINGLETON_PARENT|NONSTANDARD_HANDLE
MIM-T-shield-hobo-bag,Shield Hobo Bag,Bags Leather,shield-hobo-bag-60318007-1,Black,1,Y,Shield Hobo Bag,,,449.95,No Size,,gid://shopify/Product/7986411012186,shield-hobo-bag-60318007,SINGLETON_PARENT|NONSTANDARD_HANDLE
MIM-T-shield-hobo-bag,Shield Hobo Bag,Bags Leather,shield-hobo-bag-60318008-202,Bitter Chocolate,2,Y,Shield Hobo Bag,,,449.95,No Size,,gid://shopify/Product/7986411176026,shield-hobo-bag-60318008,SINGLETON_PARENT|NONSTANDARD_HANDLE
MIM-T-shield-hobo-bag,Shield Hobo Bag,Bags Leather,shield-hobo-bag-60319801-448,Navy,3,Y,Shield Hobo Bag,,,449.95,No Size,,gid://shopify/Product/7986422644826,shield-hobo-bag-60319801,SINGLETON_PARENT|NONSTANDARD_HANDLE
MIM-T-shield-hobo-bag,Shield Hobo Bag,Bags Leather,shield-hobo-bag-60295703-3637,Black Light Gold,4,Y,Shield Hobo Bag,,,,No Size,,gid://shopify/Product/7986508136538,shield-hobo-bag-60295703,SINGLETON_PARENT|NONSTANDARD_HANDLE
MIM-T-shield-hobo-bag,Shield Hobo Bag,Bags Leather,shield-hobo-bag-60295704-116,Ivory,5,Y,Shield Hobo Bag,,,,No Size,,gid://shopify/Product/7986508300378,shield-hobo-bag-60295704,SINGLETON_PARENT|NONSTANDARD_HANDLE
MIM-T-shield-hobo-bag,Shield Hobo Bag,Bags Leather,shield-hobo-bag-60302389-8816,Black Brushed LG,6,Y,Shield Hobo Bag,,,,No Size,,gid://shopify/Product/7986521538650,shield-hobo-bag-60302389,SINGLETON_PARENT|NONSTANDARD_HANDLE
MIM-T-shield-hobo-bag,Shield Hobo Bag,Bags Leather,shield-hobo-bag-60302390-254,Tobacco,7,Y,Shield Hobo Bag,,,,No Size,,gid://shopify/Product/7986521702490,shield-hobo-bag-60302390,SINGLETON_PARENT|NONSTANDARD_HANDLE
MIM-T-shield-shoulder-bag,Shield Shoulder Bag,Bags Leather,shield-shoulder-bag-60318009-1,Black,1,Y,Shield Shoulder Bag,,,349.95,No Size,,gid://shopify/Product/7986411307098,shield-shoulder-bag-60318009,SINGLETON_PARENT|NONSTANDARD_HANDLE
MIM-T-shield-shoulder-bag,Shield Shoulder Bag,Bags Leather,shield-shoulder-bag-60318010-202,Bitter Chocolate,2,Y,Shield Shoulder Bag,,,349.95,No Size,,gid://shopify/Product/7986411438170,shield-shoulder-bag-60318010,SINGLETON_PARENT|NONSTANDARD_HANDLE
MIM-T-shield-shoulder-bag,Shield Shoulder Bag,Bags Leather,shield-shoulder-bag-60319800-448,Navy,3,Y,Shield Shoulder Bag,,,349.95,No Size,,gid://shopify/Product/7986422349914,shield-shoulder-bag-60319800,SINGLETON_PARENT|NONSTANDARD_HANDLE
MIM-T-shield-shoulder-bag,Shield Shoulder Bag,Bags Leather,shield-shoulder-bag-60295705-3637,Black Light Gold,4,Y,Shield Shoulder Bag,,,,No Size,,gid://shopify/Product/7986508496986,shield-shoulder-bag-60295705,SINGLETON_PARENT|NONSTANDARD_HANDLE
MIM-T-shield-shoulder-bag,Shield Shoulder Bag,Bags Leather,shield-shoulder-bag-60295707-116,Ivory,5,Y,Shield Shoulder Bag,,,,No Size,,gid://shopify/Product/7986508595290,shield-shoulder-bag-60295707,SINGLETON_PARENT|NONSTANDARD_HANDLE
MIM-T-shield-tote-bag,Shield Tote Bag,Bags Leather,shield-tote-bag-60318005-1,Black,1,Y,Shield Tote Bag,,,599.95,No Size,,gid://shopify/Product/7986410717274,shield-tote-bag-60318005,SINGLETON_PARENT|NONSTANDARD_HANDLE
MIM-T-shield-tote-bag,Shield Tote Bag,Bags Leather,shield-tote-bag-60318006-9787,TOFFEE,2,Y,Shield Tote Bag,,,599.95,No Size,,gid://shopify/Product/7986410848346,shield-tote-bag-60318006,SINGLETON_PARENT|NONSTANDARD_HANDLE
MIM-T-silvie-crossbody-bag,Silvie Crossbody Bag,Bags Leather,silvie-crossbody-bag-60308048-1827,Black Silver,1,Y,Silvie Crossbody Bag,,,,No Size,,gid://shopify/Product/7986359042138,silvie-crossbody-bag-60308048,SINGLETON_PARENT|NONSTANDARD_HANDLE
MIM-T-silvie-crossbody-bag,Silvie Crossbody Bag,Bags Leather,silvie-crossbody-bag-60307961-185,Dark Olive,2,Y,Silvie Crossbody Bag,,,,No Size,,gid://shopify/Product/7986356519002,silvie-crossbody-bag-60307961,SINGLETON_PARENT|NONSTANDARD_HANDLE
MIM-T-silvie-crossbody-bag,Silvie Crossbody Bag,Bags Leather,silvie-crossbody-bag-60308108-9013,Mist,3,Y,Silvie Crossbody Bag,,,,No Size,,gid://shopify/Product/7986360746074,silvie-crossbody-bag-60308108,SINGLETON_PARENT|NONSTANDARD_HANDLE
MIM-T-silvie-crossbody-bag,Silvie Crossbody Bag,Bags Leather,silvie-crossbody-bag-60308415-950,Brandy,4,Y,Silvie Crossbody Bag,,,,No Size,,gid://shopify/Product/7986364776538,silvie-crossbody-bag-60308415,SINGLETON_PARENT|NONSTANDARD_HANDLE
MIM-T-silvie-hobo-bag,Silvie Hobo Bag,Bags Leather,silvie-hobo-bag-60308051-1827,Black Silver,1,Y,Silvie Hobo Bag,,,,No Size,,gid://shopify/Product/7986359599194,silvie-hobo-bag-60308051,SINGLETON_PARENT|NONSTANDARD_HANDLE
MIM-T-silvie-hobo-bag,Silvie Hobo Bag,Bags Leather,silvie-hobo-bag-60307960-185,Dark Olive,2,Y,Silvie Hobo Bag,,,,No Size,,gid://shopify/Product/7986356355162,silvie-hobo-bag-60307960,SINGLETON_PARENT|NONSTANDARD_HANDLE
MIM-T-silvie-hobo-bag,Silvie Hobo Bag,Bags Leather,silvie-hobo-bag-60308109-9013,Mist,3,Y,Silvie Hobo Bag,,,,No Size,,gid://shopify/Product/7986360877146,silvie-hobo-bag-60308109,SINGLETON_PARENT|NONSTANDARD_HANDLE
MIM-T-silvie-hobo-bag,Silvie Hobo Bag,Bags Leather,silvie-hobo-bag-60308414-950,Brandy,4,Y,Silvie Hobo Bag,,,,No Size,,gid://shopify/Product/7986364579930,silvie-hobo-bag-60308414,SINGLETON_PARENT|NONSTANDARD_HANDLE
MIM-T-solace-large-leather-crescent-bag,Solace Large Leather Crescent Bag,Bags Leather,solace-large-leather-crescent-bag-60306474-8816,Black Brushed LG,1,Y,Solace Large Leather Crescent Bag,,,,No Size,,gid://shopify/Product/7986349768794,solace-large-leather-crescent-bag-60306474,SINGLETON_PARENT|NONSTANDARD_HANDLE
MIM-T-solace-large-leather-crescent-bag,Solace Large Leather Crescent Bag,Bags Leather,solace-large-leather-crescent-bag-60307947-238,Oyster,2,Y,Solace Large Leather Crescent Bag,,,,No Size,,gid://shopify/Product/7986357993562,solace-large-leather-crescent-bag-60307947,SINGLETON_PARENT|NONSTANDARD_HANDLE
MIM-T-solace-mini-leather-grab-bag,Solace Mini Leather Grab Bag,Bags Leather,solace-mini-leather-grab-bag-60305989-8816,Black Brushed LG,1,Y,Solace Mini Leather Grab Bag,,,,No Size,,gid://shopify/Product/7986346754138,solace-mini-leather-grab-bag-60305989,SINGLETON_PARENT|NONSTANDARD_HANDLE
MIM-T-solace-mini-leather-grab-bag,Solace Mini Leather Grab Bag,Bags Leather,solace-mini-leather-grab-bag-60305991-1085,Alabaster,2,Y,Solace Mini Leather Grab Bag,,,,No Size,,gid://shopify/Product/7986346917978,solace-mini-leather-grab-bag-60305991,SINGLETON_PARENT|NONSTANDARD_HANDLE
MIM-T-solace-mini-leather-grab-bag,Solace Mini Leather Grab Bag,Bags Leather,solace-mini-leather-grab-bag-60305992-686,Ballet,3,Y,Solace Mini Leather Grab Bag,,,,No Size,,gid://shopify/Product/7986347147354,solace-mini-leather-grab-bag-60305992,SINGLETON_PARENT|NONSTANDARD_HANDLE
MIM-T-solar-mini-tote-bag,Solar Mini Tote Bag,Bags Leather,solar-mini-tote-bag-60300494-1827,Black Silver,1,Y,Solar Mini Tote Bag,,,,No Size,,gid://shopify/Product/7986519933018,solar-mini-tote-bag-60300494,SINGLETON_PARENT|NONSTANDARD_HANDLE
MIM-T-solar-mini-tote-bag,Solar Mini Tote Bag,Bags Leather,solar-mini-tote-bag-60300493-974,Caramel,2,Y,Solar Mini Tote Bag,,,,No Size,,gid://shopify/Product/7986519769178,solar-mini-tote-bag-60300493,SINGLETON_PARENT|NONSTANDARD_HANDLE
MIM-T-solar-mini-tote-bag,Solar Mini Tote Bag,Bags Leather,solar-mini-tote-bag-60301215-116,Ivory,3,Y,Solar Mini Tote Bag,,,,No Size,,gid://shopify/Product/7986524258394,solar-mini-tote-bag-60301215,SINGLETON_PARENT|NONSTANDARD_HANDLE
MIM-T-solar-shoulder-bag,Solar Shoulder Bag,Bags Leather,solar-shoulder-bag-60299436-3637,Black Light Gold,1,Y,Solar Shoulder Bag,,,,No Size,,gid://shopify/Product/7986341609562,solar-shoulder-bag-60299436,SINGLETON_PARENT|NONSTANDARD_HANDLE
MIM-T-solar-shoulder-bag,Solar Shoulder Bag,Bags Leather,solar-shoulder-bag-60296944-6011,Racer Red,2,Y,Solar Shoulder Bag,,,,No Size,,gid://shopify/Product/7986516295770,solar-shoulder-bag-60296944,SINGLETON_PARENT|NONSTANDARD_HANDLE
MIM-T-solar-shoulder-bag,Solar Shoulder Bag,Bags Leather,solar-shoulder-bag-60296849-1827,Black Silver,3,Y,Solar Shoulder Bag,,,,No Size,,gid://shopify/Product/7986517377114,solar-shoulder-bag-60296849,SINGLETON_PARENT|NONSTANDARD_HANDLE
MIM-T-solar-shoulder-bag,Solar Shoulder Bag,Bags Leather,solar-shoulder-bag-60296850-116,Ivory,4,Y,Solar Shoulder Bag,,,,No Size,,gid://shopify/Product/7986517606490,solar-shoulder-bag-60296850,SINGLETON_PARENT|NONSTANDARD_HANDLE
MIM-T-solar-shoulder-bag,Solar Shoulder Bag,Bags Leather,solar-shoulder-bag-60296851-7700,Winter Moss,5,Y,Solar Shoulder Bag,,,,No Size,,gid://shopify/Product/7986517770330,solar-shoulder-bag-60296851,SINGLETON_PARENT|NONSTANDARD_HANDLE
MIM-T-solar-shoulder-bag,Solar Shoulder Bag,Bags Leather,solar-shoulder-bag-60296862-974,Caramel,6,Y,Solar Shoulder Bag,,,,No Size,,gid://shopify/Product/7986518261850,solar-shoulder-bag-60296862,SINGLETON_PARENT|NONSTANDARD_HANDLE
MIM-T-solar-shoulder-bag,Solar Shoulder Bag,Bags Leather,solar-shoulder-bag-60296863-100,White,7,Y,Solar Shoulder Bag,,,,No Size,,gid://shopify/Product/7986518425690,solar-shoulder-bag-60296863,SINGLETON_PARENT|NONSTANDARD_HANDLE
MIM-T-solar-tote-bag,Solar Tote Bag,Bags Leather,solar-tote-bag-60294192-974,Caramel,1,Y,Solar Tote Bag,,,,No Size,,gid://shopify/Product/7986502991962,solar-tote-bag-60294192,SINGLETON_PARENT|NONSTANDARD_HANDLE
MIM-T-solar-tote-bag,Solar Tote Bag,Bags Leather,solar-tote-bag-60295423-1827,Black Silver,2,Y,Solar Tote Bag,,,,No Size,,gid://shopify/Product/7986509512794,solar-tote-bag-60295423,SINGLETON_PARENT|NONSTANDARD_HANDLE
MIM-T-solar-tote-bag,Solar Tote Bag,Bags Leather,solar-tote-bag-60295426-7700,Winter Moss,3,Y,Solar Tote Bag,,,,No Size,,gid://shopify/Product/7986509709402,solar-tote-bag-60295426,SINGLETON_PARENT|NONSTANDARD_HANDLE
MIM-T-solar-tote-bag,Solar Tote Bag,Bags Leather,solar-tote-bag-60296856-116,Ivory,4,Y,Solar Tote Bag,,,,No Size,,gid://shopify/Product/7986517934170,solar-tote-bag-60296856,SINGLETON_PARENT|NONSTANDARD_HANDLE
MIM-T-stevie-leather-mini-tote-bag,Stevie Leather Mini Tote Bag,Bags Leather,stevie-leather-mini-tote-bag-60290370-3637,Black Light Gold,1,Y,Stevie Leather Mini Tote Bag,,,,No Size,,gid://shopify/Product/7986318344282,stevie-leather-mini-tote-bag-60290370,SINGLETON_PARENT|NONSTANDARD_HANDLE
MIM-T-stevie-leather-mini-tote-bag,Stevie Leather Mini Tote Bag,Bags Leather,stevie-leather-mini-tote-bag-60290371-871,White Black,2,Y,Stevie Leather Mini Tote Bag,,,,No Size,,gid://shopify/Product/7986318508122,stevie-leather-mini-tote-bag-60290371,SINGLETON_PARENT|NONSTANDARD_HANDLE
MIM-T-sublime-midi-hip-bag,Sublime Midi Hip Bag,Bags Leather,sublime-midi-hip-bag-60237266-1492,Black Rose Gold,1,Y,Sublime Midi Hip Bag,,,,No Size,,gid://shopify/Product/7986265063514,sublime-midi-hip-bag-60237266,SINGLETON_PARENT|NONSTANDARD_HANDLE
MIM-T-sublime-midi-hip-bag,Sublime Midi Hip Bag,Bags Leather,sublime-midi-hip-bag-60252054-124,Pancake,2,Y,Sublime Midi Hip Bag,,,,No Size,,gid://shopify/Product/7986267258970,sublime-midi-hip-bag-60252054,SINGLETON_PARENT|NONSTANDARD_HANDLE
MIM-T-sublime-sling-hip-bag,Sublime Sling Hip Bag,Bags Leather,sublime-sling-hip-bag-60232468-1492,Black Rose Gold,1,Y,Sublime Sling Hip Bag,,,,No Size,,gid://shopify/Product/7986262311002,sublime-sling-hip-bag-60232468,SINGLETON_PARENT|NONSTANDARD_HANDLE
MIM-T-sublime-sling-hip-bag,Sublime Sling Hip Bag,Bags Leather,sublime-sling-hip-bag-60239558-3034,Tarragon,2,Y,Sublime Sling Hip Bag,,,,No Size,,gid://shopify/Product/7986263490650,sublime-sling-hip-bag-60239558,SINGLETON_PARENT|NONSTANDARD_HANDLE
MIM-T-the-2006-small-cocoon-bag,The 2006 Small Cocoon Bag,Bags Leather,the-2006-small-cocoon-bag-60298220-9480,Bluebell,1,Y,The 2006 Small Cocoon Bag,,,,No Size,,gid://shopify/Product/7986332303450,the-2006-small-cocoon-bag-60298220,SINGLETON_PARENT|NONSTANDARD_HANDLE
MIM-T-the-2006-small-cocoon-bag,The 2006 Small Cocoon Bag,Bags Leather,the-2006-small-cocoon-bag-60296894-3637,Black Light Gold,2,Y,The 2006 Small Cocoon Bag,,,,No Size,,gid://shopify/Product/7986514657370,the-2006-small-cocoon-bag-60296894,SINGLETON_PARENT|NONSTANDARD_HANDLE
MIM-T-the-bow-grab-bag,The Bow Grab Bag,Bags Leather,the-bow-grab-bag-60311992-3718,Light Gold,1,Y,The Bow Grab Bag,,,99,No Size,,gid://shopify/Product/7986381160538,the-bow-grab-bag-60311992,SINGLETON_PARENT|NONSTANDARD_HANDLE
MIM-T-the-bow-grab-bag,The Bow Grab Bag,Bags Leather,the-bow-grab-bag-60311993-686,Ballet,2,Y,The Bow Grab Bag,,,99,No Size,,gid://shopify/Product/7986381357146,the-bow-grab-bag-60311993,SINGLETON_PARENT|NONSTANDARD_HANDLE
MIM-T-the-bow-micro-grab-bag,The Bow Micro Grab Bag,Bags Leather,the-bow-micro-grab-bag-60313427-1085,Alabaster,1,Y,The Bow Micro Grab Bag,,,,No Size,,gid://shopify/Product/7986386894938,the-bow-micro-grab-bag-60313427,SINGLETON_PARENT|NONSTANDARD_HANDLE
MIM-T-the-bow-micro-grab-bag,The Bow Micro Grab Bag,Bags Leather,the-bow-micro-grab-bag-60313428-178,Red,2,Y,The Bow Micro Grab Bag,,,,No Size,,gid://shopify/Product/7986387058778,the-bow-micro-grab-bag-60313428,SINGLETON_PARENT|NONSTANDARD_HANDLE
MIM-T-the-clutch,The Clutch,Bags Leather,the-clutch-60321110-2344,Off White,1,Y,The Clutch,,,,No Size,,gid://shopify/Product/7986423890010,the-clutch-60321110,SINGLETON_PARENT|NONSTANDARD_HANDLE
MIM-T-the-clutch,The Clutch,Bags Leather,the-clutch-60321133-178,Red,2,Y,The Clutch,,,,No Size,,gid://shopify/Product/7986424774746,the-clutch-60321133,SINGLETON_PARENT|NONSTANDARD_HANDLE
MIM-T-the-clutch-bag,The Clutch Bag,Bags Leather,the-clutch-bag-60312132-901,Silver,1,Y,The Clutch Bag,,,249.95,No Size,,gid://shopify/Product/7986383913050,the-clutch-bag-60312132,SINGLETON_PARENT|NONSTANDARD_HANDLE|DUPLICATE_COLOUR|PRICE_VARIANCE
MIM-T-the-clutch-bag,The Clutch Bag,Bags Leather,the-clutch-bag-60312133-263,Biscuit,2,Y,The Clutch Bag,,,129,No Size,,gid://shopify/Product/7986384044122,the-clutch-bag-60312133,SINGLETON_PARENT|NONSTANDARD_HANDLE|DUPLICATE_COLOUR|PRICE_VARIANCE
MIM-T-the-clutch-bag,The Clutch Bag,Bags Leather,the-clutch-bag-60312134-1752,Zebra Print,3,Y,The Clutch Bag,,,,No Size,,gid://shopify/Product/7986384273498,the-clutch-bag-60312134,SINGLETON_PARENT|NONSTANDARD_HANDLE|DUPLICATE_COLOUR|PRICE_VARIANCE
MIM-T-the-clutch-bag,The Clutch Bag,Bags Leather,the-clutch-bag-60312135-1,Black,4,Y,The Clutch Bag,,,249.95,No Size,,gid://shopify/Product/7986384404570,the-clutch-bag-60312135,SINGLETON_PARENT|NONSTANDARD_HANDLE|DUPLICATE_COLOUR|PRICE_VARIANCE
MIM-T-the-clutch-bag,The Clutch Bag,Bags Leather,the-clutch-bag-60312889-3718,Light Gold,5,Y,The Clutch Bag,,,249.95,No Size,,gid://shopify/Product/7986385256538,the-clutch-bag-60312889,SINGLETON_PARENT|NONSTANDARD_HANDLE|DUPLICATE_COLOUR|PRICE_VARIANCE
MIM-T-the-clutch-bag,The Clutch Bag,Bags Leather,the-clutch-bag-60295143-1,Black,6,Y,The Clutch Bag,,,,No Size,,gid://shopify/Product/7986511773786,the-clutch-bag-60295143,SINGLETON_PARENT|NONSTANDARD_HANDLE|DUPLICATE_COLOUR|PRICE_VARIANCE
MIM-T-the-clutch-bag,The Clutch Bag,Bags Leather,the-clutch-bag-60295158-100,White,7,Y,The Clutch Bag,,,,No Size,,gid://shopify/Product/7986511904858,the-clutch-bag-60295158,SINGLETON_PARENT|NONSTANDARD_HANDLE|DUPLICATE_COLOUR|PRICE_VARIANCE
MIM-T-the-clutch-bag,The Clutch Bag,Bags Leather,the-clutch-bag-60295159-3718,Light Gold,8,Y,The Clutch Bag,,,,No Size,,gid://shopify/Product/7986512101466,the-clutch-bag-60295159,SINGLETON_PARENT|NONSTANDARD_HANDLE|DUPLICATE_COLOUR|PRICE_VARIANCE
MIM-T-the-clutch-bag,The Clutch Bag,Bags Leather,the-clutch-bag-60301630-178,Red,9,Y,The Clutch Bag,,,,No Size,,gid://shopify/Product/7986523635802,the-clutch-bag-60301630,SINGLETON_PARENT|NONSTANDARD_HANDLE|DUPLICATE_COLOUR|PRICE_VARIANCE
MIM-T-the-clutch-bag,The Clutch Bag,Bags Leather,the-clutch-bag-60301631-1421,Leopard,10,Y,The Clutch Bag,,,,No Size,,gid://shopify/Product/7986523799642,the-clutch-bag-60301631,SINGLETON_PARENT|NONSTANDARD_HANDLE|DUPLICATE_COLOUR|PRICE_VARIANCE
MIM-T-the-jones-crossbody-bag,The Jones Crossbody Bag,Bags Leather,the-jones-crossbody-bag-60299138-9621,Black Gunmetal,1,Y,The Jones Crossbody Bag,,,,No Size,,gid://shopify/Product/7986339512410,the-jones-crossbody-bag-60299138,SINGLETON_PARENT|NONSTANDARD_HANDLE
MIM-T-the-jones-crossbody-bag,The Jones Crossbody Bag,Bags Leather,the-jones-crossbody-bag-60299139-100,White,2,Y,The Jones Crossbody Bag,,,,No Size,,gid://shopify/Product/7986339643482,the-jones-crossbody-bag-60299139,SINGLETON_PARENT|NONSTANDARD_HANDLE
MIM-T-the-jones-crossbody-bag,The Jones Crossbody Bag,Bags Leather,the-jones-crossbody-bag-60299140-2348,Linen,3,Y,The Jones Crossbody Bag,,,,No Size,,gid://shopify/Product/7986339807322,the-jones-crossbody-bag-60299140,SINGLETON_PARENT|NONSTANDARD_HANDLE
MIM-T-the-jones-mini-crossbody-bag,The Jones Mini Crossbody Bag,Bags Leather,the-jones-mini-crossbody-bag-60299142-100,White,1,Y,The Jones Mini Crossbody Bag,,,,No Size,,gid://shopify/Product/7986339971162,the-jones-mini-crossbody-bag-60299142,SINGLETON_PARENT|NONSTANDARD_HANDLE
MIM-T-the-jones-mini-crossbody-bag,The Jones Mini Crossbody Bag,Bags Leather,the-jones-mini-crossbody-bag-60299143-9621,Black Gunmetal,2,Y,The Jones Mini Crossbody Bag,,,,No Size,,gid://shopify/Product/7986340102234,the-jones-mini-crossbody-bag-60299143,SINGLETON_PARENT|NONSTANDARD_HANDLE
MIM-T-the-jones-mini-crossbody-bag,The Jones Mini Crossbody Bag,Bags Leather,the-jones-mini-crossbody-bag-60299600-2348,Linen,3,Y,The Jones Mini Crossbody Bag,,,,No Size,,gid://shopify/Product/7986343739482,the-jones-mini-crossbody-bag-60299600,SINGLETON_PARENT|NONSTANDARD_HANDLE
MIM-T-the-starwood-clutch-bag,The Starwood Clutch Bag,Bags Leather,the-starwood-clutch-bag-60299793-7567,Tequila Sunrise,1,Y,The Starwood Clutch Bag,,,,No Size,,gid://shopify/Product/7986517639258,the-starwood-clutch-bag-60299793,SINGLETON_PARENT|NONSTANDARD_HANDLE
MIM-T-the-starwood-clutch-bag,The Starwood Clutch Bag,Bags Leather,the-starwood-clutch-bag-60299794-3637,Black Light Gold,2,Y,The Starwood Clutch Bag,,,,No Size,,gid://shopify/Product/7986517835866,the-starwood-clutch-bag-60299794,SINGLETON_PARENT|NONSTANDARD_HANDLE
MIM-T-the-starwood-mini-tote-bag,The Starwood Mini Tote Bag,Bags Leather,the-starwood-mini-tote-bag-60296884-1827,Black Silver,1,Y,The Starwood Mini Tote Bag,,,,No Size,,gid://shopify/Product/7986520162394,the-starwood-mini-tote-bag-60296884,SINGLETON_PARENT|NONSTANDARD_HANDLE
MIM-T-the-starwood-mini-tote-bag,The Starwood Mini Tote Bag,Bags Leather,the-starwood-mini-tote-bag-60296885-3637,Black Light Gold,2,Y,The Starwood Mini Tote Bag,,,,No Size,,gid://shopify/Product/7986520326234,the-starwood-mini-tote-bag-60296885,SINGLETON_PARENT|NONSTANDARD_HANDLE
MIM-T-the-starwood-mini-tote-bag,The Starwood Mini Tote Bag,Bags Leather,the-starwood-mini-tote-bag-60296886-7567,Tequila Sunrise,3,Y,The Starwood Mini Tote Bag,,,,No Size,,gid://shopify/Product/7986514198618,the-starwood-mini-tote-bag-60296886,SINGLETON_PARENT|NONSTANDARD_HANDLE
MIM-T-the-starwood-shoulder-bag,The Starwood Shoulder Bag,Bags Leather,the-starwood-shoulder-bag-60296888-3637,Black Light Gold,1,Y,The Starwood Shoulder Bag,,,,No Size,,gid://shopify/Product/7986514362458,the-starwood-shoulder-bag-60296888,SINGLETON_PARENT|NONSTANDARD_HANDLE
MIM-T-the-starwood-shoulder-bag,The Starwood Shoulder Bag,Bags Leather,the-starwood-shoulder-bag-60296889-7567,Tequila Sunrise,2,Y,The Starwood Shoulder Bag,,,,No Size,,gid://shopify/Product/7986514526298,the-starwood-shoulder-bag-60296889,SINGLETON_PARENT|NONSTANDARD_HANDLE
MIM-T-treasure-saddle-crossbody-bag,Treasure Saddle Crossbody Bag,Bags Leather,treasure-saddle-crossbody-bag-60295719-3637,Black Light Gold,1,Y,Treasure Saddle Crossbody Bag,,,,No Size,,gid://shopify/Product/7986509873242,treasure-saddle-crossbody-bag-60295719,SINGLETON_PARENT|NONSTANDARD_HANDLE
MIM-T-treasure-saddle-crossbody-bag,Treasure Saddle Crossbody Bag,Bags Leather,treasure-saddle-crossbody-bag-60295720-7658,Choc Berry,2,Y,Treasure Saddle Crossbody Bag,,,,No Size,,gid://shopify/Product/7986510037082,treasure-saddle-crossbody-bag-60295720,SINGLETON_PARENT|NONSTANDARD_HANDLE
MIM-T-treasure-saddle-crossbody-bag,Treasure Saddle Crossbody Bag,Bags Leather,treasure-saddle-crossbody-bag-60296090-116,Ivory,3,Y,Treasure Saddle Crossbody Bag,,,,No Size,,gid://shopify/Product/7986510069850,treasure-saddle-crossbody-bag-60296090,SINGLETON_PARENT|NONSTANDARD_HANDLE
MIM-T-unite-cross-body-bag,Unite Cross Body Bag,Bags Leather,unite-cross-body-bag-60265049-9529,Moss Green,1,Y,Unite Cross Body Bag,,,,One Size,,gid://shopify/Product/7986278334554,unite-cross-body-bag-60265049,SINGLETON_PARENT|NONSTANDARD_HANDLE
MIM-T-unite-cross-body-bag,Unite Cross Body Bag,Bags Leather,unite-cross-body-bag-60266835-974,Caramel,2,Y,Unite Cross Body Bag,,,,One Size,,gid://shopify/Product/7986280398938,unite-cross-body-bag-60266835,SINGLETON_PARENT|NONSTANDARD_HANDLE
MIM-T-zeppelin-shoulder-bag,Zeppelin Shoulder Bag,Bags Leather,zeppelin-shoulder-bag-60286131-3637,Black Light Gold,1,Y,Zeppelin Shoulder Bag,,,,No Size,,gid://shopify/Product/7986307989594,zeppelin-shoulder-bag-60286131,SINGLETON_PARENT|NONSTANDARD_HANDLE
MIM-T-zeppelin-shoulder-bag,Zeppelin Shoulder Bag,Bags Leather,zeppelin-shoulder-bag-60286153-84,Pearl,2,Y,Zeppelin Shoulder Bag,,,,No Size,,gid://shopify/Product/7986308841562,zeppelin-shoulder-bag-60286153,SINGLETON_PARENT|NONSTANDARD_HANDLE