style_group_id,parent_title,parent_type,child_handle,colour_name,swatch_order,approved,_child_title,_style_code,_colour_code,_price,_size_scale,_code_spread,_source_parent_id,_source_parent_handle,_flags
MIM-T-a-little-crush-stud-earrings,A Little Crush Stud Earrings,Ear,a-little-crush-stud-earrings-60308270-901,Silver,1,Y,A Little Crush Stud Earrings,,,39,No Size,,gid://shopify/Product/7986364350554,a-little-crush-stud-earrings-60308270,SINGLETON_PARENT|NONSTANDARD_HANDLE
MIM-T-a-little-crush-stud-earrings,A Little Crush Stud Earrings,Ear,a-little-crush-stud-earrings-60308271-908,Gold,2,Y,A Little Crush Stud Earrings,,,39,No Size,,gid://shopify/Product/7986364481626,a-little-crush-stud-earrings-60308271,SINGLETON_PARENT|NONSTANDARD_HANDLE
MIM-T-a-love-story-hoop-earrings,A Love Story Hoop Earrings,Ear,a-love-story-hoop-earrings-60306882-901,Silver,1,Y,A Love Story Hoop Earrings,,,29,No Size,,gid://shopify/Product/7986353471578,a-love-story-hoop-earrings-60306882,SINGLETON_PARENT|NONSTANDARD_HANDLE
MIM-T-a-love-story-hoop-earrings,A Love Story Hoop Earrings,Ear,a-love-story-hoop-earrings-60306881-908,Gold,2,Y,A Love Story Hoop Earrings,,,39,No Size,,gid://shopify/Product/7986353340506,a-love-story-hoop-earrings-60306881,SINGLETON_PARENT|NONSTANDARD_HANDLE
MIM-T-abundance-stone-stud-earrings,Abundance Stone Stud Earrings,Ear,abundance-stone-stud-earrings-60321374-433,Cobalt,1,Y,Abundance Stone Stud Earrings,,,99.95,No Size,,gid://shopify/Product/7986423464026,abundance-stone-stud-earrings-60321374,SINGLETON_PARENT|NONSTANDARD_HANDLE
MIM-T-abundance-stone-stud-earrings,Abundance Stone Stud Earrings,Ear,abundance-stone-stud-earrings-60323027-974,Caramel,2,Y,Abundance Stone Stud Earrings,,,99.95,No Size,,gid://shopify/Product/7986429329498,abundance-stone-stud-earrings-60323027,SINGLETON_PARENT|NONSTANDARD_HANDLE
MIM-T-adorbs-enamel-stud-earrings,Adorbs Enamel Stud Earrings,Ear,adorbs-enamel-stud-earrings-60313798-657,Petal,1,Y,Adorbs Enamel Stud Earrings,,,19,No Size,,gid://shopify/Product/7986391744602,adorbs-enamel-stud-earrings-60313798,SINGLETON_PARENT|NONSTANDARD_HANDLE
MIM-T-adorbs-enamel-stud-earrings,Adorbs Enamel Stud Earrings,Ear,adorbs-enamel-stud-earrings-60313799-1,Black,2,Y,Adorbs Enamel Stud Earrings,,,19,No Size,,gid://shopify/Product/7986391908442,adorbs-enamel-stud-earrings-60313799,SINGLETON_PARENT|NONSTANDARD_HANDLE
MIM-T-adorbs-enamel-stud-earrings,Adorbs Enamel Stud Earrings,Ear,adorbs-enamel-stud-earrings-60314614-126,Vanilla,3,Y,Adorbs Enamel Stud Earrings,,,19,No Size,,gid://shopify/Product/7986401280090,adorbs-enamel-stud-earrings-60314614,SINGLETON_PARENT|NONSTANDARD_HANDLE
MIM-T-adorbs-heart-hoop-earrings,Adorbs Heart Hoop Earrings,Ear,adorbs-heart-hoop-earrings-60313808-1,Black,1,Y,Adorbs Heart Hoop Earrings,,,39,No Size,,gid://shopify/Product/7986389876826,adorbs-heart-hoop-earrings-60313808,SINGLETON_PARENT|NONSTANDARD_HANDLE
MIM-T-adorbs-heart-hoop-earrings,Adorbs Heart Hoop Earrings,Ear,adorbs-heart-hoop-earrings-60313809-657,Petal,2,Y,Adorbs Heart Hoop Earrings,,,49,No Size,,gid://shopify/Product/7986390040666,adorbs-heart-hoop-earrings-60313809,SINGLETON_PARENT|NONSTANDARD_HANDLE
MIM-T-adorbs-heart-stud-earrings,Adorbs Heart Stud Earrings,Ear,adorbs-heart-stud-earrings-60313800-1,Black,1,Y,Adorbs Heart Stud Earrings,,,24,No Size,,gid://shopify/Product/7986392072282,adorbs-heart-stud-earrings-60313800,SINGLETON_PARENT|NONSTANDARD_HANDLE
MIM-T-adorbs-heart-stud-earrings,Adorbs Heart Stud Earrings,Ear,adorbs-heart-stud-earrings-60313801-657,Petal,2,Y,Adorbs Heart Stud Earrings,,,24,No Size,,gid://shopify/Product/7986392137818,adorbs-heart-stud-earrings-60313801,SINGLETON_PARENT|NONSTANDARD_HANDLE
MIM-T-adorbs-hoop-earrings,Adorbs Hoop Earrings,Ear,adorbs-hoop-earrings-60313842-908,Gold,1,Y,Adorbs Hoop Earrings,,,29,No Size,,gid://shopify/Product/7986391122010,adorbs-hoop-earrings-60313842,SINGLETON_PARENT|NONSTANDARD_HANDLE
MIM-T-adorbs-hoop-earrings,Adorbs Hoop Earrings,Ear,adorbs-hoop-earrings-60313843-901,Silver,2,Y,Adorbs Hoop Earrings,,,29,No Size,,gid://shopify/Product/7986391285850,adorbs-hoop-earrings-60313843,SINGLETON_PARENT|NONSTANDARD_HANDLE
MIM-T-adorbs-hoop-earrings,Adorbs Hoop Earrings,Ear,adorbs-hoop-earrings-60313841-9570,Rose Gold,3,Y,Adorbs Hoop Earrings,,,39,No Size,,gid://shopify/Product/7986390958170,adorbs-hoop-earrings-60313841,SINGLETON_PARENT|NONSTANDARD_HANDLE
MIM-T-adorbs-pearl-earrings,Adorbs Pearl Earrings,Ear,adorbs-pearl-earrings-60314074-9570,Rose Gold,1,Y,Adorbs Pearl Earrings,,,39,No Size,,gid://shopify/Product/7986396069978,adorbs-pearl-earrings-60314074,SINGLETON_PARENT|NONSTANDARD_HANDLE
MIM-T-adorbs-pearl-earrings,Adorbs Pearl Earrings,Ear,adorbs-pearl-earrings-60314073-908,Gold,2,Y,Adorbs Pearl Earrings,,,39,No Size,,gid://shopify/Product/7986395906138,adorbs-pearl-earrings-60314073,SINGLETON_PARENT|NONSTANDARD_HANDLE
MIM-T-adore-heart-hoop-earrings,Adore Heart Hoop Earrings,Ear,adore-heart-hoop-earrings-60321442-908,Gold,1,Y,Adore Heart Hoop Earrings,,,69.95,No Size,,gid://shopify/Product/7986427822170,adore-heart-hoop-earrings-60321442,SINGLETON_PARENT|NONSTANDARD_HANDLE
MIM-T-adore-heart-hoop-earrings,Adore Heart Hoop Earrings,Ear,adore-heart-hoop-earrings-60321443-901,Silver,2,Y,Adore Heart Hoop Earrings,,,69.95,No Size,,gid://shopify/Product/7986427986010,adore-heart-hoop-earrings-60321443,SINGLETON_PARENT|NONSTANDARD_HANDLE
MIM-T-adventure-stud-earrings,Adventure Stud Earrings,Ear,adventure-stud-earrings-60294818-901,Silver,1,Y,Adventure Stud Earrings,,,29,No Size,,gid://shopify/Product/7986510299226,adventure-stud-earrings-60294818,SINGLETON_PARENT|NONSTANDARD_HANDLE
MIM-T-adventure-stud-earrings,Adventure Stud Earrings,Ear,adventure-stud-earrings-60294819-908,Gold,2,Y,Adventure Stud Earrings,,,39,No Size,,gid://shopify/Product/7986510430298,adventure-stud-earrings-60294819,SINGLETON_PARENT|NONSTANDARD_HANDLE
MIM-T-affaire-stud-earrings,Affaire Stud Earrings,Ear,affaire-stud-earrings-60294770-9568,Soft Silver,1,Y,Affaire Stud Earrings,,,19,No Size,,gid://shopify/Product/7986506203226,affaire-stud-earrings-60294770,SINGLETON_PARENT|NONSTANDARD_HANDLE
MIM-T-affaire-stud-earrings,Affaire Stud Earrings,Ear,affaire-stud-earrings-60294771-277,Soft Gold,2,Y,Affaire Stud Earrings,,,19,No Size,,gid://shopify/Product/7986506301530,affaire-stud-earrings-60294771,SINGLETON_PARENT|NONSTANDARD_HANDLE
MIM-T-aglow-sterling-silver-single-hoop-earring,Aglow Sterling Silver Single Hoop Earring,Ear,aglow-sterling-silver-single-hoop-earring-60266520-9570,Rose Gold,1,Y,Aglow Sterling Silver Single Hoop Earring,,,15,No Size,,gid://shopify/Product/7986278858842,aglow-sterling-silver-single-hoop-earring-60266520,SINGLETON_PARENT|NONSTANDARD_HANDLE
MIM-T-aglow-sterling-silver-single-hoop-earring,Aglow Sterling Silver Single Hoop Earring,Ear,aglow-sterling-silver-single-hoop-earring-60266521-901,Silver,2,Y,Aglow Sterling Silver Single Hoop Earring,,,15,No Size,,gid://shopify/Product/7986278957146,aglow-sterling-silver-single-hoop-earring-60266521,SINGLETON_PARENT|NONSTANDARD_HANDLE
MIM-T-all-heart-huggie-earrings,All Heart Huggie Earrings,Ear,all-heart-huggie-earrings-60308124-100,White,1,Y,All Heart Huggie Earrings,,,39,No Size,,gid://shopify/Product/7986359468122,all-heart-huggie-earrings-60308124,SINGLETON_PARENT|NONSTANDARD_HANDLE
MIM-T-all-heart-huggie-earrings,All Heart Huggie Earrings,Ear,all-heart-huggie-earrings-60308125-1,Black,2,Y,All Heart Huggie Earrings,,,39,No Size,,gid://shopify/Product/7986359631962,all-heart-huggie-earrings-60308125,SINGLETON_PARENT|NONSTANDARD_HANDLE
MIM-T-alliance-hoop-earrings,Alliance Hoop Earrings,Ear,alliance-hoop-earrings-60302468-901,Silver,1,Y,Alliance Hoop Earrings,,,19,No Size,,gid://shopify/Product/7986521047130,alliance-hoop-earrings-60302468,SINGLETON_PARENT|NONSTANDARD_HANDLE
MIM-T-alliance-hoop-earrings,Alliance Hoop Earrings,Ear,alliance-hoop-earrings-60302699-908,Gold,2,Y,Alliance Hoop Earrings,,,19,No Size,,gid://shopify/Product/7986528780378,alliance-hoop-earrings-60302699,SINGLETON_PARENT|NONSTANDARD_HANDLE
MIM-T-alliance-hoop-earrings,Alliance Hoop Earrings,Ear,alliance-hoop-earrings-60302588-9570,Rose Gold,3,Y,Alliance Hoop Earrings,,,19,No Size,,gid://shopify/Product/7986529960026,alliance-hoop-earrings-60302588,SINGLETON_PARENT|NONSTANDARD_HANDLE
MIM-T-alliance-stud-earrings,Alliance Stud Earrings,Ear,alliance-stud-earrings-60302698-908,Gold,1,Y,Alliance Stud Earrings,,,29,No Size,,gid://shopify/Product/7986528649306,alliance-stud-earrings-60302698,SINGLETON_PARENT|NONSTANDARD_HANDLE
MIM-T-alliance-stud-earrings,Alliance Stud Earrings,Ear,alliance-stud-earrings-60302586-9570,Rose Gold,2,Y,Alliance Stud Earrings,,,29,No Size,,gid://shopify/Product/7986529632346,alliance-stud-earrings-60302586,SINGLETON_PARENT|NONSTANDARD_HANDLE
MIM-T-alliance-stud-earrings,Alliance Stud Earrings,Ear,alliance-stud-earrings-60302587-901,Silver,3,Y,Alliance Stud Earrings,,,29,No Size,,gid://shopify/Product/7986529796186,alliance-stud-earrings-60302587,SINGLETON_PARENT|NONSTANDARD_HANDLE
MIM-T-allurement-earrings,Allurement Earrings,Ear,allurement-earrings-60319391-6012,Bordeaux,1,Y,Allurement Earrings,,,69.95,No Size,,gid://shopify/Product/7986420908122,allurement-earrings-60319391,SINGLETON_PARENT|NONSTANDARD_HANDLE
MIM-T-allurement-earrings,Allurement Earrings,Ear,allurement-earrings-60319402-84,Pearl,2,Y,Allurement Earrings,,,69.95,No Size,,gid://shopify/Product/7986419466330,allurement-earrings-60319402,SINGLETON_PARENT|NONSTANDARD_HANDLE
MIM-T-alluring-drop-earrings,Alluring Drop Earrings,Ear,alluring-drop-earrings-60313879-657,Petal,1,Y,Alluring Drop Earrings,,,49,No Size,,gid://shopify/Product/7986392629338,alluring-drop-earrings-60313879,SINGLETON_PARENT|NONSTANDARD_HANDLE
MIM-T-alluring-drop-earrings,Alluring Drop Earrings,Ear,alluring-drop-earrings-60313880-953,Grass Green,2,Y,Alluring Drop Earrings,,,49,No Size,,gid://shopify/Product/7986392727642,alluring-drop-earrings-60313880,SINGLETON_PARENT|NONSTANDARD_HANDLE
MIM-T-amel-hoop-earrings,Amel Hoop Earrings,Ear,amel-hoop-earrings-60308248-686,Ballet,1,Y,Amel Hoop Earrings,,,29,No Size,,gid://shopify/Product/7986363170906,amel-hoop-earrings-60308248,SINGLETON_PARENT|NONSTANDARD_HANDLE
MIM-T-amel-hoop-earrings,Amel Hoop Earrings,Ear,amel-hoop-earrings-60308249-100,White,2,Y,Amel Hoop Earrings,,,39,No Size,,gid://shopify/Product/7986363269210,amel-hoop-earrings-60308249,SINGLETON_PARENT|NONSTANDARD_HANDLE
MIM-T-amulet-charm-hoop-earrings,Amulet Charm Hoop Earrings,Ear,amulet-charm-hoop-earrings-60321404-908,Gold,1,Y,Amulet Charm Hoop Earrings,,,59.95,No Size,,gid://shopify/Product/7986426511450,amulet-charm-hoop-earrings-60321404,SINGLETON_PARENT|NONSTANDARD_HANDLE
MIM-T-amulet-charm-hoop-earrings,Amulet Charm Hoop Earrings,Ear,amulet-charm-hoop-earrings-60321405-9570,Rose Gold,2,Y,Amulet Charm Hoop Earrings,,,59.95,No Size,,gid://shopify/Product/7986426675290,amulet-charm-hoop-earrings-60321405,SINGLETON_PARENT|NONSTANDARD_HANDLE
MIM-T-amulet-hoop-earrings,Amulet Hoop Earrings,Ear,amulet-hoop-earrings-60321397-901,Silver,1,Y,Amulet Hoop Earrings,,,59.95,No Size,,gid://shopify/Product/7986425823322,amulet-hoop-earrings-60321397,SINGLETON_PARENT|NONSTANDARD_HANDLE
MIM-T-amulet-hoop-earrings,Amulet Hoop Earrings,Ear,amulet-hoop-earrings-60321398-9570,Rose Gold,2,Y,Amulet Hoop Earrings,,,59.95,No Size,,gid://shopify/Product/7986425856090,amulet-hoop-earrings-60321398,SINGLETON_PARENT|NONSTANDARD_HANDLE
MIM-T-an-enchantment-hoop-earrings,An Enchantment Hoop Earrings,Ear,an-enchantment-hoop-earrings-60308075-908,Gold,1,Y,An Enchantment Hoop Earrings,,,29,No Size,,gid://shopify/Product/7986360057946,an-enchantment-hoop-earrings-60308075,SINGLETON_PARENT|NONSTANDARD_HANDLE
MIM-T-an-enchantment-hoop-earrings,An Enchantment Hoop Earrings,Ear,an-enchantment-hoop-earrings-60308076-901,Silver,2,Y,An Enchantment Hoop Earrings,,,29,No Size,,gid://shopify/Product/7986360221786,an-enchantment-hoop-earrings-60308076,SINGLETON_PARENT|NONSTANDARD_HANDLE
MIM-T-an-enchantment-hoop-earrings,An Enchantment Hoop Earrings,Ear,an-enchantment-hoop-earrings-60309536-9570,Rose Gold,3,Y,An Enchantment Hoop Earrings,,,29,No Size,,gid://shopify/Product/7986369855578,an-enchantment-hoop-earrings-60309536,SINGLETON_PARENT|NONSTANDARD_HANDLE
MIM-T-anthem-drop-earrings,Anthem Drop Earrings,Ear,anthem-drop-earrings-60300519-908,Gold,1,Y,Anthem Drop Earrings,,,29,No Size,,gid://shopify/Product/7986515771482,anthem-drop-earrings-60300519,SINGLETON_PARENT|NONSTANDARD_HANDLE|PRICE_VARIANCE
MIM-T-anthem-drop-earrings,Anthem Drop Earrings,Ear,anthem-drop-earrings-60300520-901,Silver,2,Y,Anthem Drop Earrings,,,39,No Size,,gid://shopify/Product/7986516033626,anthem-drop-earrings-60300520,SINGLETON_PARENT|NONSTANDARD_HANDLE|PRICE_VARIANCE
MIM-T-anthem-drop-earrings,Anthem Drop Earrings,Ear,anthem-drop-earrings-60302515-9570,Rose Gold,3,Y,Anthem Drop Earrings,,,49,No Size,,gid://shopify/Product/7986527993946,anthem-drop-earrings-60302515,SINGLETON_PARENT|NONSTANDARD_HANDLE|PRICE_VARIANCE
MIM-T-anthem-stud-earrings,Anthem Stud Earrings,Ear,anthem-stud-earrings-60300521-901,Silver,1,Y,Anthem Stud Earrings,,,29,No Size,,gid://shopify/Product/7986516263002,anthem-stud-earrings-60300521,SINGLETON_PARENT|NONSTANDARD_HANDLE
MIM-T-anthem-stud-earrings,Anthem Stud Earrings,Ear,anthem-stud-earrings-60300522-908,Gold,2,Y,Anthem Stud Earrings,,,29,No Size,,gid://shopify/Product/7986516426842,anthem-stud-earrings-60300522,SINGLETON_PARENT|NONSTANDARD_HANDLE
MIM-T-anthem-stud-earrings,Anthem Stud Earrings,Ear,anthem-stud-earrings-60302514-9570,Rose Gold,3,Y,Anthem Stud Earrings,,,39,No Size,,gid://shopify/Product/7986527830106,anthem-stud-earrings-60302514,SINGLETON_PARENT|NONSTANDARD_HANDLE
MIM-T-aperture-earrings,Aperture Earrings,Ear,aperture-earrings-60296676-901,Silver,1,Y,Aperture Earrings,,,29,No Size,,gid://shopify/Product/7986511839322,aperture-earrings-60296676,SINGLETON_PARENT|NONSTANDARD_HANDLE
MIM-T-aperture-earrings,Aperture Earrings,Ear,aperture-earrings-60296678-908,Gold,2,Y,Aperture Earrings,,,39,No Size,,gid://shopify/Product/7986512199770,aperture-earrings-60296678,SINGLETON_PARENT|NONSTANDARD_HANDLE
MIM-T-aspire-stud-earring,Aspire Stud Earring,Ear,aspire-stud-earring-60263625-9570,Rose Gold,1,Y,Aspire Stud Earring,,,10,No Size,,gid://shopify/Product/7986277843034,aspire-stud-earring-60263625,SINGLETON_PARENT|NONSTANDARD_HANDLE
MIM-T-aspire-stud-earring,Aspire Stud Earring,Ear,aspire-stud-earring-60263626-901,Silver,2,Y,Aspire Stud Earring,,,10,No Size,,gid://shopify/Product/7986278006874,aspire-stud-earring-60263626,SINGLETON_PARENT|NONSTANDARD_HANDLE
MIM-T-at-the-ball-stud-earrings,At the Ball Stud Earrings,Ear,at-the-ball-stud-earrings-60308165-1,Black,1,Y,At the Ball Stud Earrings,,,29,No Size,,gid://shopify/Product/7986363367514,at-the-ball-stud-earrings-60308165,SINGLETON_PARENT|NONSTANDARD_HANDLE
MIM-T-at-the-ball-stud-earrings,At the Ball Stud Earrings,Ear,at-the-ball-stud-earrings-60308167-908,Gold,2,Y,At the Ball Stud Earrings,,,29,No Size,,gid://shopify/Product/7986363531354,at-the-ball-stud-earrings-60308167,SINGLETON_PARENT|NONSTANDARD_HANDLE
MIM-T-aurelune-hoop-earrings,Aurelune Hoop Earrings,Ear,aurelune-hoop-earrings-60321454-908,Gold,1,Y,Aurelune Hoop Earrings,,,79.95,No Size,,gid://shopify/Product/7986426609754,aurelune-hoop-earrings-60321454,SINGLETON_PARENT|NONSTANDARD_HANDLE
MIM-T-aurelune-hoop-earrings,Aurelune Hoop Earrings,Ear,aurelune-hoop-earrings-60321456-9573,Multicolour,2,Y,Aurelune Hoop Earrings,,,79.95,No Size,,gid://shopify/Product/7986426773594,aurelune-hoop-earrings-60321456,SINGLETON_PARENT|NONSTANDARD_HANDLE
MIM-T-baby-bow-stud-earrings,Baby Bow Stud Earrings,Ear,baby-bow-stud-earrings-60313951-908,Gold,1,Y,Baby Bow Stud Earrings,,,39,No Size,,gid://shopify/Product/7986394202202,baby-bow-stud-earrings-60313951,SINGLETON_PARENT|NONSTANDARD_HANDLE
MIM-T-baby-bow-stud-earrings,Baby Bow Stud Earrings,Ear,baby-bow-stud-earrings-60313952-901,Silver,2,Y,Baby Bow Stud Earrings,,,39,No Size,,gid://shopify/Product/7986394398810,baby-bow-stud-earrings-60313952,SINGLETON_PARENT|NONSTANDARD_HANDLE
MIM-T-baby-bow-stud-earrings,Baby Bow Stud Earrings,Ear,baby-bow-stud-earrings-60313953-9570,Rose Gold,3,Y,Baby Bow Stud Earrings,,,39,No Size,,gid://shopify/Product/7986394497114,baby-bow-stud-earrings-60313953,SINGLETON_PARENT|NONSTANDARD_HANDLE
MIM-T-barbarella-fringe-earrings,Barbarella Fringe Earrings,Ear,barbarella-fringe-earrings-60294710-7732,Galactic Purple,1,Y,Barbarella Fringe Earrings,,,59,No Size,,gid://shopify/Product/7986500730970,barbarella-fringe-earrings-60294710,SINGLETON_PARENT|NONSTANDARD_HANDLE
MIM-T-barbarella-fringe-earrings,Barbarella Fringe Earrings,Ear,barbarella-fringe-earrings-60294775-908,Gold,2,Y,Barbarella Fringe Earrings,,,59,No Size,,gid://shopify/Product/7986506727514,barbarella-fringe-earrings-60294775,SINGLETON_PARENT|NONSTANDARD_HANDLE
MIM-T-barbarella-fringe-earrings,Barbarella Fringe Earrings,Ear,barbarella-fringe-earrings-60294782-7731,Coral Dusk,3,Y,Barbarella Fringe Earrings,,,49,No Size,,gid://shopify/Product/7986508005466,barbarella-fringe-earrings-60294782,SINGLETON_PARENT|NONSTANDARD_HANDLE
MIM-T-barbarella-stud-earrings,Barbarella Stud Earrings,Ear,barbarella-stud-earrings-60297369-901,Silver,1,Y,Barbarella Stud Earrings,,,39,One Size,,gid://shopify/Product/7986330468442,barbarella-stud-earrings-60297369,SINGLETON_PARENT|NONSTANDARD_HANDLE|SIZE_SCALE_DIFF
MIM-T-barbarella-stud-earrings,Barbarella Stud Earrings,Ear,barbarella-stud-earrings-60294714-7732,Galactic Purple,2,Y,Barbarella Stud Earrings,,,35,No Size,,gid://shopify/Product/7986501156954,barbarella-stud-earrings-60294714,SINGLETON_PARENT|NONSTANDARD_HANDLE|SIZE_SCALE_DIFF
MIM-T-barbarella-stud-earrings,Barbarella Stud Earrings,Ear,barbarella-stud-earrings-60294772-908,Gold,3,Y,Barbarella Stud Earrings,,,49,No Size,,gid://shopify/Product/7986506432602,barbarella-stud-earrings-60294772,SINGLETON_PARENT|NONSTANDARD_HANDLE|SIZE_SCALE_DIFF
MIM-T-barbarella-stud-earrings,Barbarella Stud Earrings,Ear,barbarella-stud-earrings-60294779-7731,Coral Dusk,4,Y,Barbarella Stud Earrings,,,49,No Size,,gid://shopify/Product/7986507710554,barbarella-stud-earrings-60294779,SINGLETON_PARENT|NONSTANDARD_HANDLE|SIZE_SCALE_DIFF
MIM-T-barbarella-stud-earrings,Barbarella Stud Earrings,Ear,barbarella-stud-earrings-60296694-1,Black,5,Y,Barbarella Stud Earrings,,,39,One Size,,gid://shopify/Product/7986514460762,barbarella-stud-earrings-60296694,SINGLETON_PARENT|NONSTANDARD_HANDLE|SIZE_SCALE_DIFF
MIM-T-bassline-clip-on-earrings,Bassline Clip on Earrings,Ear,bassline-clip-on-earrings-60298542-908,Gold,1,Y,Bassline Clip on Earrings,,,19,No Size,,gid://shopify/Product/7986336530522,bassline-clip-on-earrings-60298542,SINGLETON_PARENT|NONSTANDARD_HANDLE
MIM-T-bassline-clip-on-earrings,Bassline Clip on Earrings,Ear,bassline-clip-on-earrings-60300513-901,Silver,2,Y,Bassline Clip on Earrings,,,19,No Size,,gid://shopify/Product/7986514559066,bassline-clip-on-earrings-60300513,SINGLETON_PARENT|NONSTANDARD_HANDLE
MIM-T-bassline-hoop-earrings,Bassline Hoop Earrings,Ear,bassline-hoop-earrings-60298527-908,Gold,1,Y,Bassline Hoop Earrings,,,29,One Size,,gid://shopify/Product/7986335973466,bassline-hoop-earrings-60298527,SINGLETON_PARENT|NONSTANDARD_HANDLE
MIM-T-bassline-hoop-earrings,Bassline Hoop Earrings,Ear,bassline-hoop-earrings-60298528-901,Silver,2,Y,Bassline Hoop Earrings,,,29,One Size,,gid://shopify/Product/7986336170074,bassline-hoop-earrings-60298528,SINGLETON_PARENT|NONSTANDARD_HANDLE
MIM-T-bassline-large-hoop-earrings,Bassline Large Hoop Earrings,Ear,bassline-large-hoop-earrings-60298541-901,Silver,1,Y,Bassline Large Hoop Earrings,,,49,No Size,,gid://shopify/Product/7986336333914,bassline-large-hoop-earrings-60298541,SINGLETON_PARENT|NONSTANDARD_HANDLE
MIM-T-bassline-large-hoop-earrings,Bassline Large Hoop Earrings,Ear,bassline-large-hoop-earrings-60295239-908,Gold,2,Y,Bassline Large Hoop Earrings,,,39,No Size,,gid://shopify/Product/7986513182810,bassline-large-hoop-earrings-60295239,SINGLETON_PARENT|NONSTANDARD_HANDLE
MIM-T-bejewel-drop-earrings,Bejewel Drop Earrings,Ear,bejewel-drop-earrings-60316411-9787,TOFFEE,1,Y,Bejewel Drop Earrings,,,59,No Size,,gid://shopify/Product/7986406096986,bejewel-drop-earrings-60316411,SINGLETON_PARENT|NONSTANDARD_HANDLE
MIM-T-bejewel-drop-earrings,Bejewel Drop Earrings,Ear,bejewel-drop-earrings-60316400-84,Pearl,2,Y,Bejewel Drop Earrings,,,59,No Size,,gid://shopify/Product/7986404655194,bejewel-drop-earrings-60316400,SINGLETON_PARENT|NONSTANDARD_HANDLE
MIM-T-bejewel-mini-hoop-earrings,Bejewel Mini Hoop Earrings,Ear,bejewel-mini-hoop-earrings-60316414-9787,TOFFEE,1,Y,Bejewel Mini Hoop Earrings,,,59.95,No Size,,gid://shopify/Product/7986406228058,bejewel-mini-hoop-earrings-60316414,SINGLETON_PARENT|NONSTANDARD_HANDLE
MIM-T-bejewel-mini-hoop-earrings,Bejewel Mini Hoop Earrings,Ear,bejewel-mini-hoop-earrings-60316419-657,Petal,2,Y,Bejewel Mini Hoop Earrings,,,59.95,No Size,,gid://shopify/Product/7986406785114,bejewel-mini-hoop-earrings-60316419,SINGLETON_PARENT|NONSTANDARD_HANDLE
MIM-T-believe-drop-earrings,Believe Drop Earrings,Ear,believe-drop-earrings-60302539-901,Silver,1,Y,Believe Drop Earrings,,,39,No Size,,gid://shopify/Product/7986530975834,believe-drop-earrings-60302539,SINGLETON_PARENT|NONSTANDARD_HANDLE
MIM-T-believe-drop-earrings,Believe Drop Earrings,Ear,believe-drop-earrings-60302540-908,Gold,2,Y,Believe Drop Earrings,,,29,No Size,,gid://shopify/Product/7986531172442,believe-drop-earrings-60302540,SINGLETON_PARENT|NONSTANDARD_HANDLE
MIM-T-boundary-stud-earring,Boundary Stud Earring,Ear,boundary-stud-earring-60256333-901,Silver,1,Y,Boundary Stud Earring,,,10,No Size,,gid://shopify/Product/7986269847642,boundary-stud-earring-60256333,SINGLETON_PARENT|NONSTANDARD_HANDLE
MIM-T-boundary-stud-earring,Boundary Stud Earring,Ear,boundary-stud-earring-60256334-908,Gold,2,Y,Boundary Stud Earring,,,10,No Size,,gid://shopify/Product/7986269945946,boundary-stud-earring-60256334,SINGLETON_PARENT|NONSTANDARD_HANDLE
MIM-T-bow-stud-earrings-set,Bow Stud Earrings Set,Ear,bow-stud-earrings-set-60314085-901,Silver,1,Y,Bow Stud Earrings Set,,,49,No Size,,gid://shopify/Product/7986397741146,bow-stud-earrings-set-60314085,SINGLETON_PARENT|NONSTANDARD_HANDLE
MIM-T-bow-stud-earrings-set,Bow Stud Earrings Set,Ear,bow-stud-earrings-set-60314087-908,Gold,2,Y,Bow Stud Earrings Set,,,49,No Size,,gid://shopify/Product/7986397904986,bow-stud-earrings-set-60314087,SINGLETON_PARENT|NONSTANDARD_HANDLE
MIM-T-bow-stud-earrings-set,Bow Stud Earrings Set,Ear,bow-stud-earrings-set-60314088-9570,Rose Gold,3,Y,Bow Stud Earrings Set,,,49,No Size,,gid://shopify/Product/7986398036058,bow-stud-earrings-set-60314088,SINGLETON_PARENT|NONSTANDARD_HANDLE
MIM-T-bubble-and-fizz-stud-earrings,Bubble & Fizz Stud Earrings,Ear,bubble-fizz-stud-earrings-60306918-908,Gold,1,Y,Bubble & Fizz Stud Earrings,,,29,No Size,,gid://shopify/Product/7986353111130,bubble-and-fizz-stud-earrings-60306918,SINGLETON_PARENT|NONSTANDARD_HANDLE
MIM-T-bubble-and-fizz-stud-earrings,Bubble & Fizz Stud Earrings,Ear,bubble-fizz-stud-earrings-60306920-901,Silver,2,Y,Bubble & Fizz Stud Earrings,,,29,No Size,,gid://shopify/Product/7986353274970,bubble-and-fizz-stud-earrings-60306920,SINGLETON_PARENT|NONSTANDARD_HANDLE
MIM-T-bubble-and-fizz-stud-earrings,Bubble & Fizz Stud Earrings,Ear,bubble-fizz-stud-earrings-60306921-9570,Rose Gold,3,Y,Bubble & Fizz Stud Earrings,,,29,No Size,,gid://shopify/Product/7986353406042,bubble-and-fizz-stud-earrings-60306921,SINGLETON_PARENT|NONSTANDARD_HANDLE
MIM-T-bumper-pear-earrings,Bumper Pear Earrings,Ear,bumper-pear-earrings-60314079-657,Petal,1,Y,Bumper Pear Earrings,,,49,No Size,,gid://shopify/Product/7986396889178,bumper-pear-earrings-60314079,SINGLETON_PARENT|NONSTANDARD_HANDLE
MIM-T-bumper-pear-earrings,Bumper Pear Earrings,Ear,bumper-pear-earrings-60314080-974,Caramel,2,Y,Bumper Pear Earrings,,,49,No Size,,gid://shopify/Product/7986397053018,bumper-pear-earrings-60314080,SINGLETON_PARENT|NONSTANDARD_HANDLE
MIM-T-bundle-stud-earrings,Bundle Stud Earrings,Ear,bundle-stud-earrings-60289314-84,Pearl,1,Y,Bundle Stud Earrings,,,79.95,No Size,,gid://shopify/Product/7986316935258,bundle-stud-earrings-60289314,SINGLETON_PARENT|NONSTANDARD_HANDLE|PRICE_VARIANCE
MIM-T-bundle-stud-earrings,Bundle Stud Earrings,Ear,bundle-stud-earrings-60306570-686,Ballet,2,Y,Bundle Stud Earrings,,,39,No Size,,gid://shopify/Product/7986348556378,bundle-stud-earrings-60306570,SINGLETON_PARENT|NONSTANDARD_HANDLE|PRICE_VARIANCE
MIM-T-bundle-stud-earrings,Bundle Stud Earrings,Ear,bundle-stud-earrings-60306571-955,Eucalyptus,3,Y,Bundle Stud Earrings,,,49,No Size,,gid://shopify/Product/7986348752986,bundle-stud-earrings-60306571,SINGLETON_PARENT|NONSTANDARD_HANDLE|PRICE_VARIANCE
MIM-T-butterfly-enamel-earrings,Butterfly Enamel Earrings,Ear,butterfly-enamel-earrings-60314070-657,Petal,1,Y,Butterfly Enamel Earrings,,,29,No Size,,gid://shopify/Product/7986398822490,butterfly-enamel-earrings-60314070,SINGLETON_PARENT|NONSTANDARD_HANDLE
MIM-T-butterfly-enamel-earrings,Butterfly Enamel Earrings,Ear,butterfly-enamel-earrings-60314071-332,Willow,2,Y,Butterfly Enamel Earrings,,,29,No Size,,gid://shopify/Product/7986395709530,butterfly-enamel-earrings-60314071,SINGLETON_PARENT|NONSTANDARD_HANDLE
MIM-T-chain-of-hearts-hoop-earrings,Chain of Hearts Hoop Earrings,Ear,chain-of-hearts-hoop-earrings-60302537-908,Gold,1,Y,Chain of Hearts Hoop Earrings,,,29,No Size,,gid://shopify/Product/7986530582618,chain-of-hearts-hoop-earrings-60302537,SINGLETON_PARENT|NONSTANDARD_HANDLE
MIM-T-chain-of-hearts-hoop-earrings,Chain of Hearts Hoop Earrings,Ear,chain-of-hearts-hoop-earrings-60302538-9570,Rose Gold,2,Y,Chain of Hearts Hoop Earrings,,,29,No Size,,gid://shopify/Product/7986530779226,chain-of-hearts-hoop-earrings-60302538,SINGLETON_PARENT|NONSTANDARD_HANDLE
MIM-T-chain-of-hearts-hoop-earrings,Chain of Hearts Hoop Earrings,Ear,chain-of-hearts-hoop-earrings-60302543-901,Silver,3,Y,Chain of Hearts Hoop Earrings,,,29,No Size,,gid://shopify/Product/7986531696730,chain-of-hearts-hoop-earrings-60302543,SINGLETON_PARENT|NONSTANDARD_HANDLE
MIM-T-charmed-hoop-earrings,Charmed Hoop Earrings,Ear,charmed-hoop-earrings-60308176-9570,Rose Gold,1,Y,Charmed Hoop Earrings,,,39,No Size,,gid://shopify/Product/7986364842074,charmed-hoop-earrings-60308176,SINGLETON_PARENT|NONSTANDARD_HANDLE
MIM-T-charmed-hoop-earrings,Charmed Hoop Earrings,Ear,charmed-hoop-earrings-60309538-901,Silver,2,Y,Charmed Hoop Earrings,,,39,No Size,,gid://shopify/Product/7986370248794,charmed-hoop-earrings-60309538,SINGLETON_PARENT|NONSTANDARD_HANDLE
MIM-T-charmed-stud-earrings,Charmed Stud Earrings,Ear,charmed-stud-earrings-60309482-901,Silver,1,Y,Charmed Stud Earrings,,,29,No Size,,gid://shopify/Product/7986368807002,charmed-stud-earrings-60309482,SINGLETON_PARENT|NONSTANDARD_HANDLE
MIM-T-charmed-stud-earrings,Charmed Stud Earrings,Ear,charmed-stud-earrings-60319389-6012,Bordeaux,2,Y,Charmed Stud Earrings,,,24,No Size,,gid://shopify/Product/7986420613210,charmed-stud-earrings-60319389,SINGLETON_PARENT|NONSTANDARD_HANDLE
MIM-T-cherry-on-stud-earrings,Cherry on Stud Earrings,Ear,cherry-on-stud-earrings-60316430-6121,Lipstick Red,1,Y,Cherry on Stud Earrings,,,39,No Size,,gid://shopify/Product/7986407473242,cherry-on-stud-earrings-60316430,SINGLETON_PARENT|NONSTANDARD_HANDLE
MIM-T-cherry-on-stud-earrings,Cherry on Stud Earrings,Ear,cherry-on-stud-earrings-60316396-908,Gold,2,Y,Cherry on Stud Earrings,,,29,No Size,,gid://shopify/Product/7986404163674,cherry-on-stud-earrings-60316396,SINGLETON_PARENT|NONSTANDARD_HANDLE
MIM-T-cipher-hook-earrings,Cipher Hook Earrings,Ear,cipher-hook-earrings-60289401-9570,Rose Gold,1,Y,Cipher Hook Earrings,,,49,No Size,,gid://shopify/Product/7986316443738,cipher-hook-earrings-60289401,SINGLETON_PARENT|NONSTANDARD_HANDLE|PRICE_VARIANCE
MIM-T-cipher-hook-earrings,Cipher Hook Earrings,Ear,cipher-hook-earrings-60289402-901,Silver,2,Y,Cipher Hook Earrings,,,29,No Size,,gid://shopify/Product/7986316607578,cipher-hook-earrings-60289402,SINGLETON_PARENT|NONSTANDARD_HANDLE|PRICE_VARIANCE
MIM-T-circulate-drop-earrings,Circulate Drop Earrings,Ear,circulate-drop-earrings-60294701-908,Gold,1,Y,Circulate Drop Earrings,,,49,No Size,,gid://shopify/Product/7986500010074,circulate-drop-earrings-60294701,SINGLETON_PARENT|NONSTANDARD_HANDLE
MIM-T-circulate-drop-earrings,Circulate Drop Earrings,Ear,circulate-drop-earrings-60294715-9570,Rose Gold,2,Y,Circulate Drop Earrings,,,49,No Size,,gid://shopify/Product/7986501320794,circulate-drop-earrings-60294715,SINGLETON_PARENT|NONSTANDARD_HANDLE
MIM-T-circulate-drop-earrings,Circulate Drop Earrings,Ear,circulate-drop-earrings-60295236-901,Silver,3,Y,Circulate Drop Earrings,,,49,No Size,,gid://shopify/Product/7986512822362,circulate-drop-earrings-60295236,SINGLETON_PARENT|NONSTANDARD_HANDLE
MIM-T-circulate-drop-stud-earrings,Circulate Drop Stud Earrings,Ear,circulate-drop-stud-earrings-60306597-908,Gold,1,Y,Circulate Drop Stud Earrings,,,29,No Size,,gid://shopify/Product/7986353209434,circulate-drop-stud-earrings-60306597,SINGLETON_PARENT|NONSTANDARD_HANDLE
MIM-T-circulate-drop-stud-earrings,Circulate Drop Stud Earrings,Ear,circulate-drop-stud-earrings-60306598-901,Silver,2,Y,Circulate Drop Stud Earrings,,,29,No Size,,gid://shopify/Product/7986353373274,circulate-drop-stud-earrings-60306598,SINGLETON_PARENT|NONSTANDARD_HANDLE
MIM-T-circulate-drop-stud-earrings,Circulate Drop Stud Earrings,Ear,circulate-drop-stud-earrings-60306599-9570,Rose Gold,3,Y,Circulate Drop Stud Earrings,,,29,No Size,,gid://shopify/Product/7986353602650,circulate-drop-stud-earrings-60306599,SINGLETON_PARENT|NONSTANDARD_HANDLE
MIM-T-circulate-hoop-earrings,Circulate Hoop Earrings,Ear,circulate-hoop-earrings-60294716-9570,Rose Gold,1,Y,Circulate Hoop Earrings,,,39,No Size,,gid://shopify/Product/7986501517402,circulate-hoop-earrings-60294716,SINGLETON_PARENT|NONSTANDARD_HANDLE
MIM-T-circulate-hoop-earrings,Circulate Hoop Earrings,Ear,circulate-hoop-earrings-60295237-901,Silver,2,Y,Circulate Hoop Earrings,,,39,No Size,,gid://shopify/Product/7986513051738,circulate-hoop-earrings-60295237,SINGLETON_PARENT|NONSTANDARD_HANDLE
MIM-T-circulate-large-hoop-earrings,Circulate Large Hoop Earrings,Ear,circulate-large-hoop-earrings-60306567-9570,Rose Gold,1,Y,Circulate Large Hoop Earrings,,,49,No Size,,gid://shopify/Product/7986351374426,circulate-large-hoop-earrings-60306567,SINGLETON_PARENT|NONSTANDARD_HANDLE
MIM-T-circulate-large-hoop-earrings,Circulate Large Hoop Earrings,Ear,circulate-large-hoop-earrings-60306568-908,Gold,2,Y,Circulate Large Hoop Earrings,,,49,No Size,,gid://shopify/Product/7986351472730,circulate-large-hoop-earrings-60306568,SINGLETON_PARENT|NONSTANDARD_HANDLE
MIM-T-circulate-large-hoop-earrings,Circulate Large Hoop Earrings,Ear,circulate-large-hoop-earrings-60306569-901,Silver,3,Y,Circulate Large Hoop Earrings,,,49,No Size,,gid://shopify/Product/7986348425306,circulate-large-hoop-earrings-60306569,SINGLETON_PARENT|NONSTANDARD_HANDLE
MIM-T-circulate-stud-earrings,Circulate Stud Earrings,Ear,circulate-stud-earrings-60302745-100,White,1,Y,Circulate Stud Earrings,,,29,No Size,,gid://shopify/Product/7986529075290,circulate-stud-earrings-60302745,SINGLETON_PARENT|NONSTANDARD_HANDLE
MIM-T-circulate-stud-earrings,Circulate Stud Earrings,Ear,circulate-stud-earrings-60302746-6522,Pink Sorbet,2,Y,Circulate Stud Earrings,,,29,No Size,,gid://shopify/Product/7986529239130,circulate-stud-earrings-60302746,SINGLETON_PARENT|NONSTANDARD_HANDLE
MIM-T-city-scape-drop-earrings,City Scape Drop Earrings,Ear,city-scape-drop-earrings-60296699-908,Gold,1,Y,City Scape Drop Earrings,,,49,One Size,,gid://shopify/Product/7986515247194,city-scape-drop-earrings-60296699,SINGLETON_PARENT|NONSTANDARD_HANDLE
MIM-T-city-scape-drop-earrings,City Scape Drop Earrings,Ear,city-scape-drop-earrings-60296700-7812,Electric Pink,2,Y,City Scape Drop Earrings,,,49,One Size,,gid://shopify/Product/7986515411034,city-scape-drop-earrings-60296700,SINGLETON_PARENT|NONSTANDARD_HANDLE
MIM-T-classic-heart-stud-earrings,Classic Heart Stud Earrings,Ear,classic-heart-stud-earrings-60313851-9570,Rose Gold,1,Y,Classic Heart Stud Earrings,,,19,No Size,,gid://shopify/Product/7986392367194,classic-heart-stud-earrings-60313851,SINGLETON_PARENT|NONSTANDARD_HANDLE
MIM-T-classic-heart-stud-earrings,Classic Heart Stud Earrings,Ear,classic-heart-stud-earrings-60313852-908,Gold,2,Y,Classic Heart Stud Earrings,,,19,No Size,,gid://shopify/Product/7986392531034,classic-heart-stud-earrings-60313852,SINGLETON_PARENT|NONSTANDARD_HANDLE
MIM-T-classic-heart-stud-earrings,Classic Heart Stud Earrings,Ear,classic-heart-stud-earrings-60313853-901,Silver,3,Y,Classic Heart Stud Earrings,,,19,No Size,,gid://shopify/Product/7986392694874,classic-heart-stud-earrings-60313853,SINGLETON_PARENT|NONSTANDARD_HANDLE
MIM-T-classique-pearl-drop-earrings,Classique Pearl Drop Earrings,Ear,classique-pearl-drop-earrings-60316475-901,Silver,1,Y,Classique Pearl Drop Earrings,,,39,No Size,,gid://shopify/Product/7986405605466,classique-pearl-drop-earrings-60316475,SINGLETON_PARENT|NONSTANDARD_HANDLE|PRICE_VARIANCE
MIM-T-classique-pearl-drop-earrings,Classique Pearl Drop Earrings,Ear,classique-pearl-drop-earrings-60316464-908,Gold,2,Y,Classique Pearl Drop Earrings,,,79.95,No Size,,gid://shopify/Product/7986407374938,classique-pearl-drop-earrings-60316464,SINGLETON_PARENT|NONSTANDARD_HANDLE|PRICE_VARIANCE
MIM-T-combat-stud-earrings,Combat Stud Earrings,Ear,combat-stud-earrings-60295881-901,Silver,1,Y,Combat Stud Earrings,,,19,No Size,,gid://shopify/Product/7986508038234,combat-stud-earrings-60295881,SINGLETON_PARENT|NONSTANDARD_HANDLE
MIM-T-combat-stud-earrings,Combat Stud Earrings,Ear,combat-stud-earrings-60295634-908,Gold,2,Y,Combat Stud Earrings,,,19,No Size,,gid://shopify/Product/7986510266458,combat-stud-earrings-60295634,SINGLETON_PARENT|NONSTANDARD_HANDLE
MIM-T-cool-cat-hoop-earrings,Cool Cat Hoop Earrings,Ear,cool-cat-hoop-earrings-60298280-908,Gold,1,Y,Cool Cat Hoop Earrings,,,19,No Size,,gid://shopify/Product/7986331943002,cool-cat-hoop-earrings-60298280,SINGLETON_PARENT|NONSTANDARD_HANDLE|PRICE_VARIANCE
MIM-T-cool-cat-hoop-earrings,Cool Cat Hoop Earrings,Ear,cool-cat-hoop-earrings-60299313-901,Silver,2,Y,Cool Cat Hoop Earrings,,,39,No Size,,gid://shopify/Product/7986340757594,cool-cat-hoop-earrings-60299313,SINGLETON_PARENT|NONSTANDARD_HANDLE|PRICE_VARIANCE
MIM-T-cosmos-stud-earrings,Cosmos Stud Earrings,Ear,cosmos-stud-earrings-60294717-9570,Rose Gold,1,Y,Cosmos Stud Earrings,,,29,No Size,,gid://shopify/Product/7986501648474,cosmos-stud-earrings-60294717,SINGLETON_PARENT|NONSTANDARD_HANDLE
MIM-T-cosmos-stud-earrings,Cosmos Stud Earrings,Ear,cosmos-stud-earrings-60294688-277,Soft Gold,2,Y,Cosmos Stud Earrings,,,29,No Size,,gid://shopify/Product/7986506563674,cosmos-stud-earrings-60294688,SINGLETON_PARENT|NONSTANDARD_HANDLE
MIM-T-croissant-hoop-earrings,Croissant Hoop Earrings,Ear,croissant-hoop-earrings-60302735-908,Gold,1,Y,Croissant Hoop Earrings,,,39,No Size,,gid://shopify/Product/7986533990490,croissant-hoop-earrings-60302735,SINGLETON_PARENT|NONSTANDARD_HANDLE
MIM-T-croissant-hoop-earrings,Croissant Hoop Earrings,Ear,croissant-hoop-earrings-60302736-901,Silver,2,Y,Croissant Hoop Earrings,,,39,No Size,,gid://shopify/Product/7986527797338,croissant-hoop-earrings-60302736,SINGLETON_PARENT|NONSTANDARD_HANDLE
MIM-T-crystalline-mini-fringe-stud-earrings,Crystalline Mini Fringe Stud Earrings,Ear,crystalline-mini-fringe-stud-earrings-60302585-7549,Disco Pink,1,Y,Crystalline Mini Fringe Stud Earrings,,,39,No Size,,gid://shopify/Product/7986529468506,crystalline-mini-fringe-stud-earrings-60302585,SINGLETON_PARENT|NONSTANDARD_HANDLE
MIM-T-crystalline-mini-fringe-stud-earrings,Crystalline Mini Fringe Stud Earrings,Ear,crystalline-mini-fringe-stud-earrings-60303900-901,Silver,2,Y,Crystalline Mini Fringe Stud Earrings,,,29,No Size,,gid://shopify/Product/7986531074138,crystalline-mini-fringe-stud-earrings-60303900,SINGLETON_PARENT|NONSTANDARD_HANDLE
MIM-T-crystalline-stud-earrings,Crystalline Stud Earrings,Ear,crystalline-stud-earrings-60316579-908,Gold,1,Y,Crystalline Stud Earrings,,,39,No Size,,gid://shopify/Product/7986406293594,crystalline-stud-earrings-60316579,SINGLETON_PARENT|NONSTANDARD_HANDLE|PRICE_VARIANCE
MIM-T-crystalline-stud-earrings,Crystalline Stud Earrings,Ear,crystalline-stud-earrings-60319326-84,Pearl,2,Y,Crystalline Stud Earrings,,,69.95,No Size,,gid://shopify/Product/7986418843738,crystalline-stud-earrings-60319326,SINGLETON_PARENT|NONSTANDARD_HANDLE|PRICE_VARIANCE
MIM-T-crystallize-earrings,Crystallize Earrings,Ear,crystallize-earrings-60323053-901,Silver,1,Y,Crystallize Earrings,,,59.95,No Size,,gid://shopify/Product/7986430509146,crystallize-earrings-60323053,SINGLETON_PARENT|NONSTANDARD_HANDLE
MIM-T-crystallize-earrings,Crystallize Earrings,Ear,crystallize-earrings-60323054-3156,Thyme,2,Y,Crystallize Earrings,,,59.95,No Size,,gid://shopify/Product/7986430705754,crystallize-earrings-60323054,SINGLETON_PARENT|NONSTANDARD_HANDLE
MIM-T-cubic-zirconia-stud-earrings-set,Cubic Zirconia Stud Earrings Set,Ear,cubic-zirconia-stud-earrings-set-60314626-908,Gold,1,Y,Cubic Zirconia Stud Earrings Set,,,59,No Size,,gid://shopify/Product/7986399248474,cubic-zirconia-stud-earrings-set-60314626,SINGLETON_PARENT|NONSTANDARD_HANDLE
MIM-T-cubic-zirconia-stud-earrings-set,Cubic Zirconia Stud Earrings Set,Ear,cubic-zirconia-stud-earrings-set-60314627-901,Silver,2,Y,Cubic Zirconia Stud Earrings Set,,,79,No Size,,gid://shopify/Product/7986399412314,cubic-zirconia-stud-earrings-set-60314627,SINGLETON_PARENT|NONSTANDARD_HANDLE
MIM-T-cubic-zirconia-stud-earrings-set,Cubic Zirconia Stud Earrings Set,Ear,cubic-zirconia-stud-earrings-set-60314628-9570,Rose Gold,3,Y,Cubic Zirconia Stud Earrings Set,,,59,No Size,,gid://shopify/Product/7986399543386,cubic-zirconia-stud-earrings-set-60314628,SINGLETON_PARENT|NONSTANDARD_HANDLE
MIM-T-cue-the-lights-earrings,Cue the Lights Earrings,Ear,cue-the-lights-earrings-60306819-686,Ballet,1,Y,Cue the Lights Earrings,,,39,No Size,,gid://shopify/Product/7986353143898,cue-the-lights-earrings-60306819,SINGLETON_PARENT|NONSTANDARD_HANDLE
MIM-T-cue-the-lights-earrings,Cue the Lights Earrings,Ear,cue-the-lights-earrings-60306821-901,Silver,2,Y,Cue the Lights Earrings,,,39,No Size,,gid://shopify/Product/7986353307738,cue-the-lights-earrings-60306821,SINGLETON_PARENT|NONSTANDARD_HANDLE
MIM-T-cue-the-lights-earrings,Cue the Lights Earrings,Ear,cue-the-lights-earrings-60308736-955,Eucalyptus,3,Y,Cue the Lights Earrings,,,39,No Size,,gid://shopify/Product/7986367332442,cue-the-lights-earrings-60308736,SINGLETON_PARENT|NONSTANDARD_HANDLE
MIM-T-cupid-duo-earrings-set,Cupid Duo Earrings Set,Ear,cupid-duo-earrings-set-60314075-908,Gold,1,Y,Cupid Duo Earrings Set,,,49,No Size,,gid://shopify/Product/7986396233818,cupid-duo-earrings-set-60314075,SINGLETON_PARENT|NONSTANDARD_HANDLE
MIM-T-cupid-duo-earrings-set,Cupid Duo Earrings Set,Ear,cupid-duo-earrings-set-60314076-901,Silver,2,Y,Cupid Duo Earrings Set,,,49,No Size,,gid://shopify/Product/7986396397658,cupid-duo-earrings-set-60314076,SINGLETON_PARENT|NONSTANDARD_HANDLE
MIM-T-cupid-duo-earrings-set,Cupid Duo Earrings Set,Ear,cupid-duo-earrings-set-60314077-9570,Rose Gold,3,Y,Cupid Duo Earrings Set,,,49,No Size,,gid://shopify/Product/7986396528730,cupid-duo-earrings-set-60314077,SINGLETON_PARENT|NONSTANDARD_HANDLE
MIM-T-dancefloor-stud-earrings,Dancefloor Stud Earrings,Ear,dancefloor-stud-earrings-60301754-901,Silver,1,Y,Dancefloor Stud Earrings,,,19,No Size,,gid://shopify/Product/7986526060634,dancefloor-stud-earrings-60301754,SINGLETON_PARENT|NONSTANDARD_HANDLE
MIM-T-dancefloor-stud-earrings,Dancefloor Stud Earrings,Ear,dancefloor-stud-earrings-60301755-908,Gold,2,Y,Dancefloor Stud Earrings,,,19,No Size,,gid://shopify/Product/7986526224474,dancefloor-stud-earrings-60301755,SINGLETON_PARENT|NONSTANDARD_HANDLE
MIM-T-daydream-huggie-hoop-earrings,Daydream Huggie Hoop Earrings,Ear,daydream-huggie-hoop-earrings-60291747-908,Gold,1,Y,Daydream Huggie Hoop Earrings,,,69.95,No Size,,gid://shopify/Product/7986324176986,daydream-huggie-hoop-earrings-60291747,SINGLETON_PARENT|NONSTANDARD_HANDLE
MIM-T-daydream-huggie-hoop-earrings,Daydream Huggie Hoop Earrings,Ear,daydream-huggie-hoop-earrings-60291748-9570,Rose Gold,2,Y,Daydream Huggie Hoop Earrings,,,49,No Size,,gid://shopify/Product/7986324340826,daydream-huggie-hoop-earrings-60291748,SINGLETON_PARENT|NONSTANDARD_HANDLE
MIM-T-daydream-huggie-hoop-earrings,Daydream Huggie Hoop Earrings,Ear,daydream-huggie-hoop-earrings-60291749-901,Silver,3,Y,Daydream Huggie Hoop Earrings,,,69.95,No Size,,gid://shopify/Product/7986324504666,daydream-huggie-hoop-earrings-60291749,SINGLETON_PARENT|NONSTANDARD_HANDLE
MIM-T-daydream-pop-stud-earrings,Daydream Pop Stud Earrings,Ear,daydream-pop-stud-earrings-60285264-827,Watermelon,1,Y,Daydream Pop Stud Earrings,,,35,No Size,,gid://shopify/Product/7986305302618,daydream-pop-stud-earrings-60285264,SINGLETON_PARENT|NONSTANDARD_HANDLE|PRICE_VARIANCE
MIM-T-daydream-pop-stud-earrings,Daydream Pop Stud Earrings,Ear,daydream-pop-stud-earrings-60285265-7970,Hot Pop Green,2,Y,Daydream Pop Stud Earrings,,,35,No Size,,gid://shopify/Product/7986305466458,daydream-pop-stud-earrings-60285265,SINGLETON_PARENT|NONSTANDARD_HANDLE|PRICE_VARIANCE
MIM-T-daydream-pop-stud-earrings,Daydream Pop Stud Earrings,Ear,daydream-pop-stud-earrings-60285266-6662,Powder Puff,3,Y,Daydream Pop Stud Earrings,,,19,No Size,,gid://shopify/Product/7986305630298,daydream-pop-stud-earrings-60285266,SINGLETON_PARENT|NONSTANDARD_HANDLE|PRICE_VARIANCE
MIM-T-daydream-pop-stud-earrings,Daydream Pop Stud Earrings,Ear,daydream-pop-stud-earrings-60316429-666,Rose,4,Y,Daydream Pop Stud Earrings,,,24,No Size,,gid://shopify/Product/7986407243866,daydream-pop-stud-earrings-60316429,SINGLETON_PARENT|NONSTANDARD_HANDLE|PRICE_VARIANCE
MIM-T-de-fleurs-stud-earrings,De Fleurs Stud Earrings,Ear,de-fleurs-stud-earrings-60319388-6012,Bordeaux,1,Y,De Fleurs Stud Earrings,,,79.95,No Size,,gid://shopify/Product/7986420416602,de-fleurs-stud-earrings-60319388,SINGLETON_PARENT|NONSTANDARD_HANDLE
MIM-T-de-fleurs-stud-earrings,De Fleurs Stud Earrings,Ear,de-fleurs-stud-earrings-60319403-84,Pearl,2,Y,De Fleurs Stud Earrings,,,79.95,No Size,,gid://shopify/Product/7986419630170,de-fleurs-stud-earrings-60319403,SINGLETON_PARENT|NONSTANDARD_HANDLE
MIM-T-delight-ear-set,Delight Ear Set,Ear,delight-ear-set-60319346-908,Gold,1,Y,Delight Ear Set,,,49,No Size,,gid://shopify/Product/7986417696858,delight-ear-set-60319346,SINGLETON_PARENT|NONSTANDARD_HANDLE
MIM-T-delight-ear-set,Delight Ear Set,Ear,delight-ear-set-60319347-9570,Rose Gold,2,Y,Delight Ear Set,,,49,No Size,,gid://shopify/Product/7986417893466,delight-ear-set-60319347,SINGLETON_PARENT|NONSTANDARD_HANDLE
MIM-T-delight-ear-set,Delight Ear Set,Ear,delight-ear-set-60319348-901,Silver,3,Y,Delight Ear Set,,,49,No Size,,gid://shopify/Product/7986418057306,delight-ear-set-60319348,SINGLETON_PARENT|NONSTANDARD_HANDLE
MIM-T-delightful-stud-earrings,Delightful Stud Earrings,Ear,delightful-stud-earrings-60307896-908,Gold,1,Y,Delightful Stud Earrings,,,29,No Size,,gid://shopify/Product/7986356944986,delightful-stud-earrings-60307896,SINGLETON_PARENT|NONSTANDARD_HANDLE
MIM-T-delightful-stud-earrings,Delightful Stud Earrings,Ear,delightful-stud-earrings-60307898-9570,Rose Gold,2,Y,Delightful Stud Earrings,,,29,No Size,,gid://shopify/Product/7986357108826,delightful-stud-earrings-60307898,SINGLETON_PARENT|NONSTANDARD_HANDLE
MIM-T-demi-pointe-heart-hoop-earrings,Demi Pointe Heart Hoop Earrings,Ear,demi-pointe-heart-hoop-earrings-60306620-908,Gold,1,Y,Demi Pointe Heart Hoop Earrings,,,39,No Size,,gid://shopify/Product/7986355044442,demi-pointe-heart-hoop-earrings-60306620,SINGLETON_PARENT|NONSTANDARD_HANDLE
MIM-T-demi-pointe-heart-hoop-earrings,Demi Pointe Heart Hoop Earrings,Ear,demi-pointe-heart-hoop-earrings-60306621-901,Silver,2,Y,Demi Pointe Heart Hoop Earrings,,,39,No Size,,gid://shopify/Product/7986351800410,demi-pointe-heart-hoop-earrings-60306621,SINGLETON_PARENT|NONSTANDARD_HANDLE
MIM-T-descent-chain-earrings,Descent Chain Earrings,Ear,descent-chain-earrings-60296651-908,Gold,1,Y,Descent Chain Earrings,,,35,No Size,,gid://shopify/Product/7986508562522,descent-chain-earrings-60296651,SINGLETON_PARENT|NONSTANDARD_HANDLE|PRICE_VARIANCE
MIM-T-descent-chain-earrings,Descent Chain Earrings,Ear,descent-chain-earrings-60296751-901,Silver,2,Y,Descent Chain Earrings,,,19,No Size,,gid://shopify/Product/7986519900250,descent-chain-earrings-60296751,SINGLETON_PARENT|NONSTANDARD_HANDLE|PRICE_VARIANCE
MIM-T-descent-hoop-earrings,Descent Hoop Earrings,Ear,descent-hoop-earrings-60297064-9570,Rose Gold,1,Y,Descent Hoop Earrings,,,49,No Size,,gid://shopify/Product/7986326306906,descent-hoop-earrings-60297064,SINGLETON_PARENT|NONSTANDARD_HANDLE
MIM-T-descent-hoop-earrings,Descent Hoop Earrings,Ear,descent-hoop-earrings-60296644-908,Gold,2,Y,Descent Hoop Earrings,,,39,No Size,,gid://shopify/Product/7986507677786,descent-hoop-earrings-60296644,SINGLETON_PARENT|NONSTANDARD_HANDLE
MIM-T-descent-hoop-earrings,Descent Hoop Earrings,Ear,descent-hoop-earrings-60296645-901,Silver,3,Y,Descent Hoop Earrings,,,49,No Size,,gid://shopify/Product/7986507808858,descent-hoop-earrings-60296645,SINGLETON_PARENT|NONSTANDARD_HANDLE
MIM-T-descent-huggie-hoop-earrings,Descent Huggie Hoop Earrings,Ear,descent-huggie-hoop-earrings-60297063-9570,Rose Gold,1,Y,Descent Huggie Hoop Earrings,,,39,One Size,,gid://shopify/Product/7986326143066,descent-huggie-hoop-earrings-60297063,SINGLETON_PARENT|NONSTANDARD_HANDLE
MIM-T-descent-huggie-hoop-earrings,Descent Huggie Hoop Earrings,Ear,descent-huggie-hoop-earrings-60296794-908,Gold,2,Y,Descent Huggie Hoop Earrings,,,39,One Size,,gid://shopify/Product/7986515902554,descent-huggie-hoop-earrings-60296794,SINGLETON_PARENT|NONSTANDARD_HANDLE
MIM-T-dia-mim-1-carat-stud-earrings,Dia-Mim 1 Carat Stud Earrings,Ear,dia-mim-1-carat-stud-earrings-60279268-901,Silver,1,Y,Dia-Mim 1 Carat Stud Earrings,,,129,No Size,,gid://shopify/Product/7986295373914,dia-mim-1-carat-stud-earrings-60279268,SINGLETON_PARENT|NONSTANDARD_HANDLE
MIM-T-dia-mim-1-carat-stud-earrings,Dia-Mim 1 Carat Stud Earrings,Ear,dia-mim-1-carat-stud-earrings-60282407-908,Gold,2,Y,Dia-Mim 1 Carat Stud Earrings,,,139,No Size,,gid://shopify/Product/7986300321882,dia-mim-1-carat-stud-earrings-60282407,SINGLETON_PARENT|NONSTANDARD_HANDLE
MIM-T-disco-pave-large-stud-earrings,Disco Pave Large Stud Earrings,Ear,disco-pave-large-stud-earrings-60302535-7549,Disco Pink,1,Y,Disco Pave Large Stud Earrings,,,39,No Size,,gid://shopify/Product/7986530222170,disco-pave-large-stud-earrings-60302535,SINGLETON_PARENT|NONSTANDARD_HANDLE
MIM-T-disco-pave-large-stud-earrings,Disco Pave Large Stud Earrings,Ear,disco-pave-large-stud-earrings-60302536-908,Gold,2,Y,Disco Pave Large Stud Earrings,,,39,No Size,,gid://shopify/Product/7986530386010,disco-pave-large-stud-earrings-60302536,SINGLETON_PARENT|NONSTANDARD_HANDLE
MIM-T-disco-pave-stud-earrings,Disco Pave Stud Earrings,Ear,disco-pave-stud-earrings-60302532-908,Gold,1,Y,Disco Pave Stud Earrings,,,19,No Size,,gid://shopify/Product/7986529697882,disco-pave-stud-earrings-60302532,SINGLETON_PARENT|NONSTANDARD_HANDLE
MIM-T-disco-pave-stud-earrings,Disco Pave Stud Earrings,Ear,disco-pave-stud-earrings-60302533-7531,Poolside,2,Y,Disco Pave Stud Earrings,,,19,No Size,,gid://shopify/Product/7986529861722,disco-pave-stud-earrings-60302533,SINGLETON_PARENT|NONSTANDARD_HANDLE
MIM-T-disco-pave-stud-earrings,Disco Pave Stud Earrings,Ear,disco-pave-stud-earrings-60302534-7549,Disco Pink,3,Y,Disco Pave Stud Earrings,,,19,No Size,,gid://shopify/Product/7986530025562,disco-pave-stud-earrings-60302534,SINGLETON_PARENT|NONSTANDARD_HANDLE
MIM-T-discotheque-earrings-trio-set,Discotheque Earrings Trio Set,Ear,discotheque-earrings-trio-set-60302689-9570,Rose Gold,1,Y,Discotheque Earrings Trio Set,,,19,No Size,,gid://shopify/Product/7986534252634,discotheque-earrings-trio-set-60302689,SINGLETON_PARENT|NONSTANDARD_HANDLE
MIM-T-discotheque-earrings-trio-set,Discotheque Earrings Trio Set,Ear,discotheque-earrings-trio-set-60302690-908,Gold,2,Y,Discotheque Earrings Trio Set,,,19,No Size,,gid://shopify/Product/7986534350938,discotheque-earrings-trio-set-60302690,SINGLETON_PARENT|NONSTANDARD_HANDLE
MIM-T-discotheque-earrings-trio-set,Discotheque Earrings Trio Set,Ear,discotheque-earrings-trio-set-60302691-901,Silver,3,Y,Discotheque Earrings Trio Set,,,19,No Size,,gid://shopify/Product/7986534449242,discotheque-earrings-trio-set-60302691,SINGLETON_PARENT|NONSTANDARD_HANDLE
MIM-T-dreamer-stud-earrings,Dreamer Stud Earrings,Ear,dreamer-stud-earrings-60282106-8815,Comet Pink,1,Y,Dreamer Stud Earrings,,,,No Size,,gid://shopify/Product/7986300747866,dreamer-stud-earrings-60282106,SINGLETON_PARENT|NONSTANDARD_HANDLE
MIM-T-dreamer-stud-earrings,Dreamer Stud Earrings,Ear,dreamer-stud-earrings-60289344-4347,Chalk Blue,2,Y,Dreamer Stud Earrings,,,29,No Size,,gid://shopify/Product/7986317754458,dreamer-stud-earrings-60289344,SINGLETON_PARENT|NONSTANDARD_HANDLE
MIM-T-dreams-hoop-earrings,Dreams Hoop Earrings,Ear,dreams-hoop-earrings-60298354-908,Gold,1,Y,Dreams Hoop Earrings,,,49,No Size,,gid://shopify/Product/7986331746394,dreams-hoop-earrings-60298354,SINGLETON_PARENT|NONSTANDARD_HANDLE
MIM-T-dreams-hoop-earrings,Dreams Hoop Earrings,Ear,dreams-hoop-earrings-60298355-4059,Turquoise,2,Y,Dreams Hoop Earrings,,,49,No Size,,gid://shopify/Product/7986331910234,dreams-hoop-earrings-60298355,SINGLETON_PARENT|NONSTANDARD_HANDLE
MIM-T-dreams-stud-earrings,Dreams Stud Earrings,Ear,dreams-stud-earrings-60298356-4059,Turquoise,1,Y,Dreams Stud Earrings,,,39,No Size,,gid://shopify/Product/7986332074074,dreams-stud-earrings-60298356,SINGLETON_PARENT|NONSTANDARD_HANDLE
MIM-T-dreams-stud-earrings,Dreams Stud Earrings,Ear,dreams-stud-earrings-60298358-908,Gold,2,Y,Dreams Stud Earrings,,,39,No Size,,gid://shopify/Product/7986332237914,dreams-stud-earrings-60298358,SINGLETON_PARENT|NONSTANDARD_HANDLE
MIM-T-dreamy-stud-earrings,Dreamy Stud Earrings,Ear,dreamy-stud-earrings-60291740-7783,Spiced Apple,1,Y,Dreamy Stud Earrings,,,29,No Size,,gid://shopify/Product/7986323685466,dreamy-stud-earrings-60291740,SINGLETON_PARENT|NONSTANDARD_HANDLE
MIM-T-dreamy-stud-earrings,Dreamy Stud Earrings,Ear,dreamy-stud-earrings-60314742-639,Flamingo,2,Y,Dreamy Stud Earrings,,,29,No Size,,gid://shopify/Product/7986402132058,dreamy-stud-earrings-60314742,SINGLETON_PARENT|NONSTANDARD_HANDLE
MIM-T-dreamy-stud-earrings,Dreamy Stud Earrings,Ear,dreamy-stud-earrings-60295241-277,Soft Gold,3,Y,Dreamy Stud Earrings,,,29,No Size,,gid://shopify/Product/7986507350106,dreamy-stud-earrings-60295241,SINGLETON_PARENT|NONSTANDARD_HANDLE
MIM-T-dreamy-stud-earrings,Dreamy Stud Earrings,Ear,dreamy-stud-earrings-60295242-901,Silver,4,Y,Dreamy Stud Earrings,,,29,No Size,,gid://shopify/Product/7986507546714,dreamy-stud-earrings-60295242,SINGLETON_PARENT|NONSTANDARD_HANDLE
MIM-T-dreamy-stud-earrings,Dreamy Stud Earrings,Ear,dreamy-stud-earrings-60302472-569,Lilac,5,Y,Dreamy Stud Earrings,,,29,No Size,,gid://shopify/Product/7986521571418,dreamy-stud-earrings-60302472,SINGLETON_PARENT|NONSTANDARD_HANDLE
MIM-T-dreamy-stud-earrings,Dreamy Stud Earrings,Ear,dreamy-stud-earrings-60302473-7531,Poolside,6,Y,Dreamy Stud Earrings,,,29,No Size,,gid://shopify/Product/7986521768026,dreamy-stud-earrings-60302473,SINGLETON_PARENT|NONSTANDARD_HANDLE
MIM-T-dylan-heart-stud-earrings,Dylan Heart Stud Earrings,Ear,dylan-heart-stud-earrings-60319344-1,Black,1,Y,Dylan Heart Stud Earrings,,,59.95,No Size,,gid://shopify/Product/7986417336410,dylan-heart-stud-earrings-60319344,SINGLETON_PARENT|NONSTANDARD_HANDLE
MIM-T-dylan-heart-stud-earrings,Dylan Heart Stud Earrings,Ear,dylan-heart-stud-earrings-60319345-666,Rose,2,Y,Dylan Heart Stud Earrings,,,59.95,No Size,,gid://shopify/Product/7986417500250,dylan-heart-stud-earrings-60319345,SINGLETON_PARENT|NONSTANDARD_HANDLE
MIM-T-effervesce-earrings-set,Effervesce Earrings Set,Ear,effervesce-earrings-set-60302764-908,Gold,1,Y,Effervesce Earrings Set,,,49,No Size,,gid://shopify/Product/7986531991642,effervesce-earrings-set-60302764,SINGLETON_PARENT|NONSTANDARD_HANDLE
MIM-T-effervesce-earrings-set,Effervesce Earrings Set,Ear,effervesce-earrings-set-60302765-901,Silver,2,Y,Effervesce Earrings Set,,,49,No Size,,gid://shopify/Product/7986532155482,effervesce-earrings-set-60302765,SINGLETON_PARENT|NONSTANDARD_HANDLE
MIM-T-en-pointe-earrings-set,En Pointe Earrings Set,Ear,en-pointe-earrings-set-60306616-908,Gold,1,Y,En Pointe Earrings Set,,,49,No Size,,gid://shopify/Product/7986354487386,en-pointe-earrings-set-60306616,SINGLETON_PARENT|NONSTANDARD_HANDLE
MIM-T-en-pointe-earrings-set,En Pointe Earrings Set,Ear,en-pointe-earrings-set-60306617-901,Silver,2,Y,En Pointe Earrings Set,,,49,No Size,,gid://shopify/Product/7986354683994,en-pointe-earrings-set-60306617,SINGLETON_PARENT|NONSTANDARD_HANDLE
MIM-T-en-pointe-earrings-set,En Pointe Earrings Set,Ear,en-pointe-earrings-set-60306618-9570,Rose Gold,3,Y,En Pointe Earrings Set,,,49,No Size,,gid://shopify/Product/7986354847834,en-pointe-earrings-set-60306618,SINGLETON_PARENT|NONSTANDARD_HANDLE
MIM-T-en-pointe-hoop-earrings,En Pointe Hoop Earrings,Ear,en-pointe-hoop-earrings-60308122-611,Claret,1,Y,En Pointe Hoop Earrings,,,39,No Size,,gid://shopify/Product/7986359173210,en-pointe-hoop-earrings-60308122,SINGLETON_PARENT|NONSTANDARD_HANDLE
MIM-T-en-pointe-hoop-earrings,En Pointe Hoop Earrings,Ear,en-pointe-hoop-earrings-60308123-1,Black,2,Y,En Pointe Hoop Earrings,,,39,No Size,,gid://shopify/Product/7986359304282,en-pointe-hoop-earrings-60308123,SINGLETON_PARENT|NONSTANDARD_HANDLE
MIM-T-en-pointe-hoop-earrings,En Pointe Hoop Earrings,Ear,en-pointe-hoop-earrings-60316603-101,Buttermilk,3,Y,En Pointe Hoop Earrings,,,39,No Size,,gid://shopify/Product/7986407604314,en-pointe-hoop-earrings-60316603,SINGLETON_PARENT|NONSTANDARD_HANDLE
MIM-T-en-pointe-hoop-earrings,En Pointe Hoop Earrings,Ear,en-pointe-hoop-earrings-60317436-84,Pearl,4,Y,En Pointe Hoop Earrings,,,39,No Size,,gid://shopify/Product/7986411929690,en-pointe-hoop-earrings-60317436,SINGLETON_PARENT|NONSTANDARD_HANDLE
MIM-T-en-pointe-mini-stud-earrings,En Pointe Mini Stud Earrings,Ear,en-pointe-mini-stud-earrings-60307759-174,Pink,1,Y,En Pointe Mini Stud Earrings,,,29,No Size,,gid://shopify/Product/7986355535962,en-pointe-mini-stud-earrings-60307759,SINGLETON_PARENT|NONSTANDARD_HANDLE
MIM-T-en-pointe-mini-stud-earrings,En Pointe Mini Stud Earrings,Ear,en-pointe-mini-stud-earrings-60307760-1,Black,2,Y,En Pointe Mini Stud Earrings,,,29,No Size,,gid://shopify/Product/7986355667034,en-pointe-mini-stud-earrings-60307760,SINGLETON_PARENT|NONSTANDARD_HANDLE
MIM-T-en-pointe-mini-stud-earrings,En Pointe Mini Stud Earrings,Ear,en-pointe-mini-stud-earrings-60308735-611,Claret,3,Y,En Pointe Mini Stud Earrings,,,29,No Size,,gid://shopify/Product/7986367168602,en-pointe-mini-stud-earrings-60308735,SINGLETON_PARENT|NONSTANDARD_HANDLE
MIM-T-en-pointe-pearl-hoop-earrings,En Pointe Pearl Hoop Earrings,Ear,en-pointe-pearl-hoop-earrings-60306622-901,Silver,1,Y,En Pointe Pearl Hoop Earrings,,,39,No Size,,gid://shopify/Product/7986352062554,en-pointe-pearl-hoop-earrings-60306622,SINGLETON_PARENT|NONSTANDARD_HANDLE
MIM-T-en-pointe-pearl-hoop-earrings,En Pointe Pearl Hoop Earrings,Ear,en-pointe-pearl-hoop-earrings-60306623-908,Gold,2,Y,En Pointe Pearl Hoop Earrings,,,39,No Size,,gid://shopify/Product/7986352226394,en-pointe-pearl-hoop-earrings-60306623,SINGLETON_PARENT|NONSTANDARD_HANDLE
MIM-T-enamour-huggie-earrings,Enamour Huggie Earrings,Ear,enamour-huggie-earrings-60319407-126,Vanilla,1,Y,Enamour Huggie Earrings,,,59.95,No Size,,gid://shopify/Product/7986420187226,enamour-huggie-earrings-60319407,SINGLETON_PARENT|NONSTANDARD_HANDLE
MIM-T-enamour-huggie-earrings,Enamour Huggie Earrings,Ear,enamour-huggie-earrings-60319390-6012,Bordeaux,2,Y,Enamour Huggie Earrings,,,59.95,No Size,,gid://shopify/Product/7986420777050,enamour-huggie-earrings-60319390,SINGLETON_PARENT|NONSTANDARD_HANDLE
MIM-T-enamour-huggie-earrings,Enamour Huggie Earrings,Ear,enamour-huggie-earrings-60319384-1,Black,3,Y,Enamour Huggie Earrings,,,59.95,No Size,,gid://shopify/Product/7986419794010,enamour-huggie-earrings-60319384,SINGLETON_PARENT|NONSTANDARD_HANDLE
MIM-T-enamour-huggie-earrings,Enamour Huggie Earrings,Ear,enamour-huggie-earrings-60323936-458,Cornflower Blue,4,Y,Enamour Huggie Earrings,,,59.95,No Size,,gid://shopify/Product/7986536513626,enamour-huggie-earrings-60323936,SINGLETON_PARENT|NONSTANDARD_HANDLE
MIM-T-enamour-huggie-earrings,Enamour Huggie Earrings,Ear,enamour-huggie-earrings-60323938-620,Chilli Red,5,Y,Enamour Huggie Earrings,,,59.95,No Size,,gid://shopify/Product/7986536677466,enamour-huggie-earrings-60323938,SINGLETON_PARENT|NONSTANDARD_HANDLE
MIM-T-enamour-stud-ear,Enamour Stud Ear,Ear,enamour-stud-ear-60326506-993,Fuchsia,1,Y,Enamour Stud Ear,,,49.95,No Size,,gid://shopify/Product/8023578378330,enamour-stud-ear-60326506,SINGLETON_PARENT|NONSTANDARD_HANDLE
MIM-T-enamour-stud-ear,Enamour Stud Ear,Ear,enamour-stud-ear-60326507-126,Vanilla,2,Y,Enamour Stud Ear,,,49.95,No Size,,gid://shopify/Product/8023578542170,enamour-stud-ear-60326507,SINGLETON_PARENT|NONSTANDARD_HANDLE
MIM-T-enamour-stud-ear,Enamour Stud Ear,Ear,enamour-stud-ear-60326508-448,Navy,3,Y,Enamour Stud Ear,,,49.95,No Size,,gid://shopify/Product/8023578771546,enamour-stud-ear-60326508,SINGLETON_PARENT|NONSTANDARD_HANDLE
MIM-T-encanto-bow-stud-earrings,Encanto Bow Stud Earrings,Ear,encanto-bow-stud-earrings-60314068-9570,Rose Gold,1,Y,Encanto Bow Stud Earrings,,,29,No Size,,gid://shopify/Product/7986398560346,encanto-bow-stud-earrings-60314068,SINGLETON_PARENT|NONSTANDARD_HANDLE
MIM-T-encanto-bow-stud-earrings,Encanto Bow Stud Earrings,Ear,encanto-bow-stud-earrings-60314069-908,Gold,2,Y,Encanto Bow Stud Earrings,,,29,No Size,,gid://shopify/Product/7986398756954,encanto-bow-stud-earrings-60314069,SINGLETON_PARENT|NONSTANDARD_HANDLE
MIM-T-encanto-charm-hoop-earrings,Encanto Charm Hoop Earrings,Ear,encanto-charm-hoop-earrings-60313802-9570,Rose Gold,1,Y,Encanto Charm Hoop Earrings,,,39,No Size,,gid://shopify/Product/7986388926554,encanto-charm-hoop-earrings-60313802,SINGLETON_PARENT|NONSTANDARD_HANDLE
MIM-T-encanto-charm-hoop-earrings,Encanto Charm Hoop Earrings,Ear,encanto-charm-hoop-earrings-60313803-908,Gold,2,Y,Encanto Charm Hoop Earrings,,,39,No Size,,gid://shopify/Product/7986389024858,encanto-charm-hoop-earrings-60313803,SINGLETON_PARENT|NONSTANDARD_HANDLE
MIM-T-encanto-charm-hoop-earrings,Encanto Charm Hoop Earrings,Ear,encanto-charm-hoop-earrings-60313804-901,Silver,3,Y,Encanto Charm Hoop Earrings,,,39,No Size,,gid://shopify/Product/7986389188698,encanto-charm-hoop-earrings-60313804,SINGLETON_PARENT|NONSTANDARD_HANDLE
MIM-T-encanto-drop-earrings,Encanto Drop Earrings,Ear,encanto-drop-earrings-60316471-9570,Rose Gold,1,Y,Encanto Drop Earrings,,,69.95,No Size,,gid://shopify/Product/7986408554586,encanto-drop-earrings-60316471,SINGLETON_PARENT|NONSTANDARD_HANDLE
MIM-T-encanto-drop-earrings,Encanto Drop Earrings,Ear,encanto-drop-earrings-60316474-901,Silver,2,Y,Encanto Drop Earrings,,,69.95,No Size,,gid://shopify/Product/7986408783962,encanto-drop-earrings-60316474,SINGLETON_PARENT|NONSTANDARD_HANDLE
MIM-T-encanto-drop-earrings,Encanto Drop Earrings,Ear,encanto-drop-earrings-60316462-908,Gold,3,Y,Encanto Drop Earrings,,,69.95,No Size,,gid://shopify/Product/7986407047258,encanto-drop-earrings-60316462,SINGLETON_PARENT|NONSTANDARD_HANDLE
MIM-T-encanto-earrings-and-necklace-set,Encanto Earrings and Necklace Set,Ear,encanto-earrings-and-necklace-set-60313828-901,Silver,1,Y,Encanto Earrings and Necklace Set,,,29,No Size,,gid://shopify/Product/7986389712986,encanto-earrings-and-necklace-set-60313828,SINGLETON_PARENT|NONSTANDARD_HANDLE|PRICE_VARIANCE
MIM-T-encanto-earrings-and-necklace-set,Encanto Earrings and Necklace Set,Ear,encanto-earrings-and-necklace-set-60313811-9570,Rose Gold,2,Y,Encanto Earrings and Necklace Set,,,69,No Size,,gid://shopify/Product/7986390368346,encanto-earrings-and-necklace-set-60313811,SINGLETON_PARENT|NONSTANDARD_HANDLE|PRICE_VARIANCE
MIM-T-encanto-earrings-and-necklace-set,Encanto Earrings and Necklace Set,Ear,encanto-earrings-and-necklace-set-60313812-908,Gold,3,Y,Encanto Earrings and Necklace Set,,,69,No Size,,gid://shopify/Product/7986390532186,encanto-earrings-and-necklace-set-60313812,SINGLETON_PARENT|NONSTANDARD_HANDLE|PRICE_VARIANCE
MIM-T-encanto-heart-hoop-earrings,Encanto Heart Hoop Earrings,Ear,encanto-heart-hoop-earrings-60313805-9570,Rose Gold,1,Y,Encanto Heart Hoop Earrings,,,69.95,No Size,,gid://shopify/Product/7986389352538,encanto-heart-hoop-earrings-60313805,SINGLETON_PARENT|NONSTANDARD_HANDLE
MIM-T-encanto-heart-hoop-earrings,Encanto Heart Hoop Earrings,Ear,encanto-heart-hoop-earrings-60313806-908,Gold,2,Y,Encanto Heart Hoop Earrings,,,69.95,No Size,,gid://shopify/Product/7986389516378,encanto-heart-hoop-earrings-60313806,SINGLETON_PARENT|NONSTANDARD_HANDLE
MIM-T-encanto-heart-hoop-earrings,Encanto Heart Hoop Earrings,Ear,encanto-heart-hoop-earrings-60313807-901,Silver,3,Y,Encanto Heart Hoop Earrings,,,69.95,No Size,,gid://shopify/Product/7986389680218,encanto-heart-hoop-earrings-60313807,SINGLETON_PARENT|NONSTANDARD_HANDLE
MIM-T-encanto-pearl-stud-earrings,Encanto Pearl Stud Earrings,Ear,encanto-pearl-stud-earrings-60313835-9570,Rose Gold,1,Y,Encanto Pearl Stud Earrings,,,19,No Size,,gid://shopify/Product/7986390499418,encanto-pearl-stud-earrings-60313835,SINGLETON_PARENT|NONSTANDARD_HANDLE
MIM-T-encanto-pearl-stud-earrings,Encanto Pearl Stud Earrings,Ear,encanto-pearl-stud-earrings-60313836-908,Gold,2,Y,Encanto Pearl Stud Earrings,,,19,No Size,,gid://shopify/Product/7986390630490,encanto-pearl-stud-earrings-60313836,SINGLETON_PARENT|NONSTANDARD_HANDLE
MIM-T-encanto-pearl-stud-earrings,Encanto Pearl Stud Earrings,Ear,encanto-pearl-stud-earrings-60313837-901,Silver,3,Y,Encanto Pearl Stud Earrings,,,19,No Size,,gid://shopify/Product/7986390827098,encanto-pearl-stud-earrings-60313837,SINGLETON_PARENT|NONSTANDARD_HANDLE
MIM-T-enchant-pearl-hoop-earrings,Enchant Pearl Hoop Earrings,Ear,enchant-pearl-hoop-earrings-60278806-9570,Rose Gold,1,Y,Enchant Pearl Hoop Earrings,,,,No Size,,gid://shopify/Product/7986294718554,enchant-pearl-hoop-earrings-60278806,SINGLETON_PARENT|NONSTANDARD_HANDLE
MIM-T-enchant-pearl-hoop-earrings,Enchant Pearl Hoop Earrings,Ear,enchant-pearl-hoop-earrings-60278807-901,Silver,2,Y,Enchant Pearl Hoop Earrings,,,39,No Size,,gid://shopify/Product/7986294915162,enchant-pearl-hoop-earrings-60278807,SINGLETON_PARENT|NONSTANDARD_HANDLE
MIM-T-enchantment-crystal-drop-stud-earrings,Enchantment Crystal Drop Stud Earrings,Ear,enchantment-crystal-drop-stud-earrings-60302581-908,Gold,1,Y,Enchantment Crystal Drop Stud Earrings,,,29,No Size,,gid://shopify/Product/7986528747610,enchantment-crystal-drop-stud-earrings-60302581,SINGLETON_PARENT|NONSTANDARD_HANDLE
MIM-T-enchantment-crystal-drop-stud-earrings,Enchantment Crystal Drop Stud Earrings,Ear,enchantment-crystal-drop-stud-earrings-60302582-9570,Rose Gold,2,Y,Enchantment Crystal Drop Stud Earrings,,,29,No Size,,gid://shopify/Product/7986528944218,enchantment-crystal-drop-stud-earrings-60302582,SINGLETON_PARENT|NONSTANDARD_HANDLE
MIM-T-enchantment-crystal-drop-stud-earrings,Enchantment Crystal Drop Stud Earrings,Ear,enchantment-crystal-drop-stud-earrings-60302583-901,Silver,3,Y,Enchantment Crystal Drop Stud Earrings,,,29,No Size,,gid://shopify/Product/7986529140826,enchantment-crystal-drop-stud-earrings-60302583,SINGLETON_PARENT|NONSTANDARD_HANDLE
MIM-T-endlessly-stud-earring-and-necklace-set,Endlessly Stud Earring and Necklace Set,Ear,endlessly-stud-earring-and-necklace-set-60302677-908,Gold,1,Y,Endlessly Stud Earring and Necklace Set,,,69,No Size,,gid://shopify/Product/7986532581466,endlessly-stud-earring-and-necklace-set-60302677,SINGLETON_PARENT|NONSTANDARD_HANDLE
MIM-T-endlessly-stud-earring-and-necklace-set,Endlessly Stud Earring and Necklace Set,Ear,endlessly-stud-earring-and-necklace-set-60302678-9570,Rose Gold,2,Y,Endlessly Stud Earring and Necklace Set,,,69,No Size,,gid://shopify/Product/7986532745306,endlessly-stud-earring-and-necklace-set-60302678,SINGLETON_PARENT|NONSTANDARD_HANDLE
MIM-T-enliven-charm-hoop-earrings,Enliven Charm Hoop Earrings,Ear,enliven-charm-hoop-earrings-60306557-908,Gold,1,Y,Enliven Charm Hoop Earrings,,,39,No Size,,gid://shopify/Product/7986349834330,enliven-charm-hoop-earrings-60306557,SINGLETON_PARENT|NONSTANDARD_HANDLE
MIM-T-enliven-charm-hoop-earrings,Enliven Charm Hoop Earrings,Ear,enliven-charm-hoop-earrings-60306558-901,Silver,2,Y,Enliven Charm Hoop Earrings,,,39,No Size,,gid://shopify/Product/7986349998170,enliven-charm-hoop-earrings-60306558,SINGLETON_PARENT|NONSTANDARD_HANDLE
MIM-T-enliven-charm-hoop-earrings,Enliven Charm Hoop Earrings,Ear,enliven-charm-hoop-earrings-60306560-9570,Rose Gold,3,Y,Enliven Charm Hoop Earrings,,,39,No Size,,gid://shopify/Product/7986350194778,enliven-charm-hoop-earrings-60306560,SINGLETON_PARENT|NONSTANDARD_HANDLE
MIM-T-enliven-large-hoop-earrings,Enliven Large Hoop Earrings,Ear,enliven-large-hoop-earrings-60306561-9570,Rose Gold,1,Y,Enliven Large Hoop Earrings,,,39,No Size,,gid://shopify/Product/7986350325850,enliven-large-hoop-earrings-60306561,SINGLETON_PARENT|NONSTANDARD_HANDLE
MIM-T-enliven-large-hoop-earrings,Enliven Large Hoop Earrings,Ear,enliven-large-hoop-earrings-60306562-908,Gold,2,Y,Enliven Large Hoop Earrings,,,39,No Size,,gid://shopify/Product/7986350489690,enliven-large-hoop-earrings-60306562,SINGLETON_PARENT|NONSTANDARD_HANDLE
MIM-T-enliven-large-hoop-earrings,Enliven Large Hoop Earrings,Ear,enliven-large-hoop-earrings-60306563-901,Silver,3,Y,Enliven Large Hoop Earrings,,,39,No Size,,gid://shopify/Product/7986350653530,enliven-large-hoop-earrings-60306563,SINGLETON_PARENT|NONSTANDARD_HANDLE
MIM-T-enliven-pearl-drop-earrings,Enliven Pearl Drop Earrings,Ear,enliven-pearl-drop-earrings-60306554-908,Gold,1,Y,Enliven Pearl Drop Earrings,,,39,No Size,,gid://shopify/Product/7986349375578,enliven-pearl-drop-earrings-60306554,SINGLETON_PARENT|NONSTANDARD_HANDLE
MIM-T-enliven-pearl-drop-earrings,Enliven Pearl Drop Earrings,Ear,enliven-pearl-drop-earrings-60306555-901,Silver,2,Y,Enliven Pearl Drop Earrings,,,39,No Size,,gid://shopify/Product/7986349572186,enliven-pearl-drop-earrings-60306555,SINGLETON_PARENT|NONSTANDARD_HANDLE
MIM-T-enliven-pearl-drop-earrings,Enliven Pearl Drop Earrings,Ear,enliven-pearl-drop-earrings-60306556-9570,Rose Gold,3,Y,Enliven Pearl Drop Earrings,,,39,No Size,,gid://shopify/Product/7986349736026,enliven-pearl-drop-earrings-60306556,SINGLETON_PARENT|NONSTANDARD_HANDLE
MIM-T-enliven-stud-earrings,Enliven Stud Earrings,Ear,enliven-stud-earrings-60293886-901,Silver,1,Y,Enliven Stud Earrings,,,29,No Size,,gid://shopify/Product/7986506924122,enliven-stud-earrings-60293886,SINGLETON_PARENT|NONSTANDARD_HANDLE
MIM-T-enliven-stud-earrings,Enliven Stud Earrings,Ear,enliven-stud-earrings-60293887-9570,Rose Gold,2,Y,Enliven Stud Earrings,,,29,No Size,,gid://shopify/Product/7986506989658,enliven-stud-earrings-60293887,SINGLETON_PARENT|NONSTANDARD_HANDLE
MIM-T-enliven-stud-earrings,Enliven Stud Earrings,Ear,enliven-stud-earrings-60293888-908,Gold,3,Y,Enliven Stud Earrings,,,29,No Size,,gid://shopify/Product/7986507055194,enliven-stud-earrings-60293888,SINGLETON_PARENT|NONSTANDARD_HANDLE
MIM-T-enliven-thread-earrings,Enliven Thread Earrings,Ear,enliven-thread-earrings-60306564-901,Silver,1,Y,Enliven Thread Earrings,,,59.95,No Size,,gid://shopify/Product/7986350817370,enliven-thread-earrings-60306564,SINGLETON_PARENT|NONSTANDARD_HANDLE
MIM-T-enliven-thread-earrings,Enliven Thread Earrings,Ear,enliven-thread-earrings-60306565-908,Gold,2,Y,Enliven Thread Earrings,,,59.95,No Size,,gid://shopify/Product/7986351013978,enliven-thread-earrings-60306565,SINGLETON_PARENT|NONSTANDARD_HANDLE
MIM-T-enliven-thread-earrings,Enliven Thread Earrings,Ear,enliven-thread-earrings-60306566-9570,Rose Gold,3,Y,Enliven Thread Earrings,,,59.95,No Size,,gid://shopify/Product/7986351177818,enliven-thread-earrings-60306566,SINGLETON_PARENT|NONSTANDARD_HANDLE
MIM-T-era-sterling-silver-hoop-earrings,Era Sterling Silver Hoop Earrings,Ear,era-sterling-silver-hoop-earrings-60266951-9570,Rose Gold,1,Y,Era Sterling Silver Hoop Earrings,,,29,No Size,,gid://shopify/Product/7986281742426,era-sterling-silver-hoop-earrings-60266951,SINGLETON_PARENT|NONSTANDARD_HANDLE
MIM-T-era-sterling-silver-hoop-earrings,Era Sterling Silver Hoop Earrings,Ear,era-sterling-silver-hoop-earrings-60266952-901,Silver,2,Y,Era Sterling Silver Hoop Earrings,,,39,No Size,,gid://shopify/Product/7986281939034,era-sterling-silver-hoop-earrings-60266952,SINGLETON_PARENT|NONSTANDARD_HANDLE
MIM-T-esse-stud-earrings,Esse Stud Earrings,Ear,esse-stud-earrings-60278739-901,Silver,1,Y,Esse Stud Earrings,,,39,No Size,,gid://shopify/Product/7986294259802,esse-stud-earrings-60278739,SINGLETON_PARENT|NONSTANDARD_HANDLE
MIM-T-esse-stud-earrings,Esse Stud Earrings,Ear,esse-stud-earrings-60282165-908,Gold,2,Y,Esse Stud Earrings,,,39,No Size,,gid://shopify/Product/7986298224730,esse-stud-earrings-60282165,SINGLETON_PARENT|NONSTANDARD_HANDLE
MIM-T-essense-pearl-hoop-earrings,Essense Pearl Hoop Earrings,Ear,essense-pearl-hoop-earrings-60313751-908,Gold,1,Y,Essense Pearl Hoop Earrings,,,39,No Size,,gid://shopify/Product/7986390237274,essense-pearl-hoop-earrings-60313751,SINGLETON_PARENT|NONSTANDARD_HANDLE
MIM-T-essense-pearl-hoop-earrings,Essense Pearl Hoop Earrings,Ear,essense-pearl-hoop-earrings-60313752-9570,Rose Gold,2,Y,Essense Pearl Hoop Earrings,,,39,No Size,,gid://shopify/Product/7986390401114,essense-pearl-hoop-earrings-60313752,SINGLETON_PARENT|NONSTANDARD_HANDLE
MIM-T-estoile-hoop-earrings,Estoile Hoop Earrings,Ear,estoile-hoop-earrings-60294686-908,Gold,1,Y,Estoile Hoop Earrings,,,29,No Size,,gid://shopify/Product/7986506235994,estoile-hoop-earrings-60294686,SINGLETON_PARENT|NONSTANDARD_HANDLE|PRICE_VARIANCE
MIM-T-estoile-hoop-earrings,Estoile Hoop Earrings,Ear,estoile-hoop-earrings-60294687-901,Silver,2,Y,Estoile Hoop Earrings,,,19,No Size,,gid://shopify/Product/7986506367066,estoile-hoop-earrings-60294687,SINGLETON_PARENT|NONSTANDARD_HANDLE|PRICE_VARIANCE
MIM-T-eternal-beauty-stud-earrings,Eternal Beauty Stud Earrings,Ear,eternal-beauty-stud-earrings-60309033-611,Claret,1,Y,Eternal Beauty Stud Earrings,,,69,No Size,,gid://shopify/Product/7986365202522,eternal-beauty-stud-earrings-60309033,SINGLETON_PARENT|NONSTANDARD_HANDLE
MIM-T-eternal-beauty-stud-earrings,Eternal Beauty Stud Earrings,Ear,eternal-beauty-stud-earrings-60314686-101,Buttermilk,2,Y,Eternal Beauty Stud Earrings,,,69,No Size,,gid://shopify/Product/7986400886874,eternal-beauty-stud-earrings-60314686,SINGLETON_PARENT|NONSTANDARD_HANDLE
MIM-T-exclaim-stud-earrings,Exclaim Stud Earrings,Ear,exclaim-stud-earrings-60296724-901,Silver,1,Y,Exclaim Stud Earrings,,,19,No Size,,gid://shopify/Product/7986517966938,exclaim-stud-earrings-60296724,SINGLETON_PARENT|NONSTANDARD_HANDLE|PRICE_VARIANCE
MIM-T-exclaim-stud-earrings,Exclaim Stud Earrings,Ear,exclaim-stud-earrings-60296726-908,Gold,2,Y,Exclaim Stud Earrings,,,29,No Size,,gid://shopify/Product/7986518065242,exclaim-stud-earrings-60296726,SINGLETON_PARENT|NONSTANDARD_HANDLE|PRICE_VARIANCE
MIM-T-facette-oversized-stud-earrings,Facette Oversized Stud Earrings,Ear,facette-oversized-stud-earrings-60302478-908,Gold,1,Y,Facette Oversized Stud Earrings,,,29,No Size,,gid://shopify/Product/7986522554458,facette-oversized-stud-earrings-60302478,SINGLETON_PARENT|NONSTANDARD_HANDLE
MIM-T-facette-oversized-stud-earrings,Facette Oversized Stud Earrings,Ear,facette-oversized-stud-earrings-60302479-901,Silver,2,Y,Facette Oversized Stud Earrings,,,29,No Size,,gid://shopify/Product/7986522751066,facette-oversized-stud-earrings-60302479,SINGLETON_PARENT|NONSTANDARD_HANDLE
MIM-T-finito-stud-earrings,Finito Stud Earrings,Ear,finito-stud-earrings-60313945-908,Gold,1,Y,Finito Stud Earrings,,,79.95,No Size,,gid://shopify/Product/7986393350234,finito-stud-earrings-60313945,SINGLETON_PARENT|NONSTANDARD_HANDLE|PRICE_VARIANCE
MIM-T-finito-stud-earrings,Finito Stud Earrings,Ear,finito-stud-earrings-60313946-901,Silver,2,Y,Finito Stud Earrings,,,39,No Size,,gid://shopify/Product/7986393481306,finito-stud-earrings-60313946,SINGLETON_PARENT|NONSTANDARD_HANDLE|PRICE_VARIANCE
MIM-T-finito-stud-earrings,Finito Stud Earrings,Ear,finito-stud-earrings-60313947-9570,Rose Gold,3,Y,Finito Stud Earrings,,,49,No Size,,gid://shopify/Product/7986393612378,finito-stud-earrings-60313947,SINGLETON_PARENT|NONSTANDARD_HANDLE|PRICE_VARIANCE
MIM-T-flare-sterling-silver-single-charm-hoop-earring,Flare Sterling Silver Single Charm Hoop Earring,Ear,flare-sterling-silver-single-charm-hoop-earring-60269130-9570,Rose Gold,1,Y,Flare Sterling Silver Single Charm Hoop Earring,,,19,No Size,,gid://shopify/Product/7986281316442,flare-sterling-silver-single-charm-hoop-earring-60269130,SINGLETON_PARENT|NONSTANDARD_HANDLE
MIM-T-flare-sterling-silver-single-charm-hoop-earring,Flare Sterling Silver Single Charm Hoop Earring,Ear,flare-sterling-silver-single-charm-hoop-earring-60269131-901,Silver,2,Y,Flare Sterling Silver Single Charm Hoop Earring,,,19,No Size,,gid://shopify/Product/7986281480282,flare-sterling-silver-single-charm-hoop-earring-60269131,SINGLETON_PARENT|NONSTANDARD_HANDLE
MIM-T-fleur-crystal-stud-earrings,Fleur Crystal Stud Earrings,Ear,fleur-crystal-stud-earrings-60291791-9570,Rose Gold,1,Y,Fleur Crystal Stud Earrings,,,29,No Size,,gid://shopify/Product/7986324406362,fleur-crystal-stud-earrings-60291791,SINGLETON_PARENT|NONSTANDARD_HANDLE
MIM-T-fleur-crystal-stud-earrings,Fleur Crystal Stud Earrings,Ear,fleur-crystal-stud-earrings-60291792-908,Gold,2,Y,Fleur Crystal Stud Earrings,,,29,No Size,,gid://shopify/Product/7986324537434,fleur-crystal-stud-earrings-60291792,SINGLETON_PARENT|NONSTANDARD_HANDLE
MIM-T-fleur-stud-earrings,Fleur Stud Earrings,Ear,fleur-stud-earrings-60291751-9570,Rose Gold,1,Y,Fleur Stud Earrings,,,29,No Size,,gid://shopify/Product/7986321653850,fleur-stud-earrings-60291751,SINGLETON_PARENT|NONSTANDARD_HANDLE
MIM-T-fleur-stud-earrings,Fleur Stud Earrings,Ear,fleur-stud-earrings-60291752-908,Gold,2,Y,Fleur Stud Earrings,,,29,No Size,,gid://shopify/Product/7986321817690,fleur-stud-earrings-60291752,SINGLETON_PARENT|NONSTANDARD_HANDLE
MIM-T-fleur-stud-earrings,Fleur Stud Earrings,Ear,fleur-stud-earrings-60291753-901,Silver,3,Y,Fleur Stud Earrings,,,29,No Size,,gid://shopify/Product/7986321981530,fleur-stud-earrings-60291753,SINGLETON_PARENT|NONSTANDARD_HANDLE
MIM-T-florete-stud-earrings,Florete Stud Earrings,Ear,florete-stud-earrings-60307908-581,Soft Pink,1,Y,Florete Stud Earrings,,,29,No Size,,gid://shopify/Product/7986357698650,florete-stud-earrings-60307908,SINGLETON_PARENT|NONSTANDARD_HANDLE
MIM-T-florete-stud-earrings,Florete Stud Earrings,Ear,florete-stud-earrings-60307911-1,Black,2,Y,Florete Stud Earrings,,,29,No Size,,gid://shopify/Product/7986357862490,florete-stud-earrings-60307911,SINGLETON_PARENT|NONSTANDARD_HANDLE
MIM-T-fond-earrings-set,Fond Earrings Set,Ear,fond-earrings-set-60313949-901,Silver,1,Y,Fond Earrings Set,,,49,No Size,,gid://shopify/Product/7986393907290,fond-earrings-set-60313949,SINGLETON_PARENT|NONSTANDARD_HANDLE|PRICE_VARIANCE
MIM-T-fond-earrings-set,Fond Earrings Set,Ear,fond-earrings-set-60313950-9570,Rose Gold,2,Y,Fond Earrings Set,,,59,No Size,,gid://shopify/Product/7986394071130,fond-earrings-set-60313950,SINGLETON_PARENT|NONSTANDARD_HANDLE|PRICE_VARIANCE
MIM-T-fond-earrings-set,Fond Earrings Set,Ear,fond-earrings-set-60313948-908,Gold,3,Y,Fond Earrings Set,,,79,No Size,,gid://shopify/Product/7986393776218,fond-earrings-set-60313948,SINGLETON_PARENT|NONSTANDARD_HANDLE|PRICE_VARIANCE
MIM-T-forever-love-stud-earrings,Forever Love Stud Earrings,Ear,forever-love-stud-earrings-60314634-901,Silver,1,Y,Forever Love Stud Earrings,,,39,No Size,,gid://shopify/Product/7986400428122,forever-love-stud-earrings-60314634,SINGLETON_PARENT|NONSTANDARD_HANDLE
MIM-T-forever-love-stud-earrings,Forever Love Stud Earrings,Ear,forever-love-stud-earrings-60314635-908,Gold,2,Y,Forever Love Stud Earrings,,,39,No Size,,gid://shopify/Product/7986400591962,forever-love-stud-earrings-60314635,SINGLETON_PARENT|NONSTANDARD_HANDLE
MIM-T-found-link-drop-earrings,Found Link Drop Earrings,Ear,found-link-drop-earrings-60296670-9570,Rose Gold,1,Y,Found Link Drop Earrings,,,49,No Size,,gid://shopify/Product/7986510987354,found-link-drop-earrings-60296670,SINGLETON_PARENT|NONSTANDARD_HANDLE
MIM-T-found-link-drop-earrings,Found Link Drop Earrings,Ear,found-link-drop-earrings-60296672-908,Gold,2,Y,Found Link Drop Earrings,,,49,No Size,,gid://shopify/Product/7986511315034,found-link-drop-earrings-60296672,SINGLETON_PARENT|NONSTANDARD_HANDLE
MIM-T-found-link-stud-earrings,Found Link Stud Earrings,Ear,found-link-stud-earrings-60296667-908,Gold,1,Y,Found Link Stud Earrings,,,29,No Size,,gid://shopify/Product/7986510692442,found-link-stud-earrings-60296667,SINGLETON_PARENT|NONSTANDARD_HANDLE
MIM-T-found-link-stud-earrings,Found Link Stud Earrings,Ear,found-link-stud-earrings-60296669-9570,Rose Gold,2,Y,Found Link Stud Earrings,,,29,No Size,,gid://shopify/Product/7986510823514,found-link-stud-earrings-60296669,SINGLETON_PARENT|NONSTANDARD_HANDLE
MIM-T-fundamentals-sterling-silver-single-stud-e,Fundamentals Sterling Silver Single Stud E,Ear,fundamentals-sterling-silver-single-stud-e-60266551-901,Silver,1,Y,Fundamentals Sterling Silver Single Stud E,,,7,No Size,,gid://shopify/Product/7986280300634,fundamentals-sterling-silver-single-stud-e-60266551,SINGLETON_PARENT|NONSTANDARD_HANDLE
MIM-T-fundamentals-sterling-silver-single-stud-e,Fundamentals Sterling Silver Single Stud E,Ear,fundamentals-sterling-silver-single-stud-e-60266552-908,Gold,2,Y,Fundamentals Sterling Silver Single Stud E,,,7,No Size,,gid://shopify/Product/7986280431706,fundamentals-sterling-silver-single-stud-e-60266552,SINGLETON_PARENT|NONSTANDARD_HANDLE
MIM-T-glistening-earrings,Glistening Earrings,Ear,glistening-earrings-60291732-297,Clear,1,Y,Glistening Earrings,,,79,No Size,,gid://shopify/Product/7986323161178,glistening-earrings-60291732,SINGLETON_PARENT|NONSTANDARD_HANDLE
MIM-T-glistening-earrings,Glistening Earrings,Ear,glistening-earrings-60291733-9573,Multicolour,2,Y,Glistening Earrings,,,79,No Size,,gid://shopify/Product/7986323325018,glistening-earrings-60291733,SINGLETON_PARENT|NONSTANDARD_HANDLE
MIM-T-glitters-drop-earrings,Glitters Drop Earrings,Ear,glitters-drop-earrings-60310715-9570,Rose Gold,1,Y,Glitters Drop Earrings,,,39,No Size,,gid://shopify/Product/7986374869082,glitters-drop-earrings-60310715,SINGLETON_PARENT|NONSTANDARD_HANDLE
MIM-T-glitters-drop-earrings,Glitters Drop Earrings,Ear,glitters-drop-earrings-60310722-908,Gold,2,Y,Glitters Drop Earrings,,,39,No Size,,gid://shopify/Product/7986377293914,glitters-drop-earrings-60310722,SINGLETON_PARENT|NONSTANDARD_HANDLE
MIM-T-glitters-drop-earrings,Glitters Drop Earrings,Ear,glitters-drop-earrings-60310724-901,Silver,3,Y,Glitters Drop Earrings,,,39,No Size,,gid://shopify/Product/7986377818202,glitters-drop-earrings-60310724,SINGLETON_PARENT|NONSTANDARD_HANDLE
MIM-T-glitters-earrings-set,Glitters Earrings Set,Ear,glitters-earrings-set-60310716-901,Silver,1,Y,Glitters Earrings Set,,,49,No Size,,gid://shopify/Product/7986375327834,glitters-earrings-set-60310716,SINGLETON_PARENT|NONSTANDARD_HANDLE
MIM-T-glitters-earrings-set,Glitters Earrings Set,Ear,glitters-earrings-set-60310717-908,Gold,2,Y,Glitters Earrings Set,,,59,No Size,,gid://shopify/Product/7986375622746,glitters-earrings-set-60310717,SINGLETON_PARENT|NONSTANDARD_HANDLE
MIM-T-glitters-earrings-set,Glitters Earrings Set,Ear,glitters-earrings-set-60310718-9570,Rose Gold,3,Y,Glitters Earrings Set,,,59,No Size,,gid://shopify/Product/7986375983194,glitters-earrings-set-60310718,SINGLETON_PARENT|NONSTANDARD_HANDLE
MIM-T-glitters-thread-earrings,Glitters Thread Earrings,Ear,glitters-thread-earrings-60310719-908,Gold,1,Y,Glitters Thread Earrings,,,29,No Size,,gid://shopify/Product/7986376343642,glitters-thread-earrings-60310719,SINGLETON_PARENT|NONSTANDARD_HANDLE
MIM-T-glitters-thread-earrings,Glitters Thread Earrings,Ear,glitters-thread-earrings-60310720-901,Silver,2,Y,Glitters Thread Earrings,,,29,No Size,,gid://shopify/Product/7986376671322,glitters-thread-earrings-60310720,SINGLETON_PARENT|NONSTANDARD_HANDLE
MIM-T-glitters-thread-earrings,Glitters Thread Earrings,Ear,glitters-thread-earrings-60310721-9570,Rose Gold,3,Y,Glitters Thread Earrings,,,29,No Size,,gid://shopify/Product/7986376999002,glitters-thread-earrings-60310721,SINGLETON_PARENT|NONSTANDARD_HANDLE
MIM-T-glowy-crystal-stud,Glowy Crystal Stud,Ear,glowy-crystal-stud-60325355-993,Fuchsia,1,Y,Glowy Crystal Stud,,,59.95,No Size,,gid://shopify/Product/7986540707930,glowy-crystal-stud-60325355,SINGLETON_PARENT|NONSTANDARD_HANDLE
MIM-T-glowy-crystal-stud,Glowy Crystal Stud,Ear,glowy-crystal-stud-60325356-382,Mint,2,Y,Glowy Crystal Stud,,,59.95,No Size,,gid://shopify/Product/7986540806234,glowy-crystal-stud-60325356,SINGLETON_PARENT|NONSTANDARD_HANDLE
MIM-T-glowy-crystal-stud,Glowy Crystal Stud,Ear,glowy-crystal-stud-60325974-200,Chocolate,3,Y,Glowy Crystal Stud,,,59.95,No Size,,gid://shopify/Product/7986540150874,glowy-crystal-stud-60325974,SINGLETON_PARENT|NONSTANDARD_HANDLE
MIM-T-glowy-crystal-stud-earrings,Glowy Crystal Stud Earrings,Ear,glowy-crystal-stud-earrings-60321441-297,Clear,1,Y,Glowy Crystal Stud Earrings,,,59.95,No Size,,gid://shopify/Product/7986427658330,glowy-crystal-stud-earrings-60321441,SINGLETON_PARENT|NONSTANDARD_HANDLE
MIM-T-glowy-crystal-stud-earrings,Glowy Crystal Stud Earrings,Ear,glowy-crystal-stud-earrings-60321439-458,Cornflower Blue,2,Y,Glowy Crystal Stud Earrings,,,59.95,No Size,,gid://shopify/Product/7986427363418,glowy-crystal-stud-earrings-60321439,SINGLETON_PARENT|NONSTANDARD_HANDLE
MIM-T-goddess-stud-earrings,Goddess Stud Earrings,Ear,goddess-stud-earrings-60313866-657,Petal,1,Y,Goddess Stud Earrings,,,59.95,No Size,,gid://shopify/Product/7986393743450,goddess-stud-earrings-60313866,SINGLETON_PARENT|NONSTANDARD_HANDLE
MIM-T-goddess-stud-earrings,Goddess Stud Earrings,Ear,goddess-stud-earrings-60313931-974,Caramel,2,Y,Goddess Stud Earrings,,,59.95,No Size,,gid://shopify/Product/7986395218010,goddess-stud-earrings-60313931,SINGLETON_PARENT|NONSTANDARD_HANDLE
MIM-T-goddess-stud-earrings,Goddess Stud Earrings,Ear,goddess-stud-earrings-60319386-3583,Malachite,3,Y,Goddess Stud Earrings,,,59.95,No Size,,gid://shopify/Product/7986420121690,goddess-stud-earrings-60319386,SINGLETON_PARENT|NONSTANDARD_HANDLE
MIM-T-groove-that-soothes-oversized-hoop-earrings,Groove That Soothes Oversized Hoop Earrings,Ear,groove-that-soothes-oversized-hoop-earrings-60302429-908,Gold,1,Y,Groove That Soothes Oversized Hoop Earrings,,,19,No Size,,gid://shopify/Product/7986523537498,groove-that-soothes-oversized-hoop-earrings-60302429,SINGLETON_PARENT|NONSTANDARD_HANDLE
MIM-T-groove-that-soothes-oversized-hoop-earrings,Groove That Soothes Oversized Hoop Earrings,Ear,groove-that-soothes-oversized-hoop-earrings-60302430-901,Silver,2,Y,Groove That Soothes Oversized Hoop Earrings,,,19,No Size,,gid://shopify/Product/7986523734106,groove-that-soothes-oversized-hoop-earrings-60302430,SINGLETON_PARENT|NONSTANDARD_HANDLE
MIM-T-groove-that-soothes-oversized-stud-earrings,Groove That Soothes Oversized Stud Earrings,Ear,groove-that-soothes-oversized-stud-earrings-60302428-908,Gold,1,Y,Groove That Soothes Oversized Stud Earrings,,,19,No Size,,gid://shopify/Product/7986523373658,groove-that-soothes-oversized-stud-earrings-60302428,SINGLETON_PARENT|NONSTANDARD_HANDLE
MIM-T-groove-that-soothes-oversized-stud-earrings,Groove That Soothes Oversized Stud Earrings,Ear,groove-that-soothes-oversized-stud-earrings-60302431-901,Silver,2,Y,Groove That Soothes Oversized Stud Earrings,,,19,No Size,,gid://shopify/Product/7986523930714,groove-that-soothes-oversized-stud-earrings-60302431,SINGLETON_PARENT|NONSTANDARD_HANDLE
MIM-T-hali-hoop-earring,Hali Hoop Earring,Ear,hali-hoop-earring-60325210-908,Gold,1,Y,Hali Hoop Earring,,,69.95,No Size,,gid://shopify/Product/7986534809690,hali-hoop-earring-60325210,SINGLETON_PARENT|NONSTANDARD_HANDLE
MIM-T-hali-hoop-earring,Hali Hoop Earring,Ear,hali-hoop-earring-60325212-9570,Rose Gold,2,Y,Hali Hoop Earring,,,69.95,No Size,,gid://shopify/Product/7986534973530,hali-hoop-earring-60325212,SINGLETON_PARENT|NONSTANDARD_HANDLE
MIM-T-halo-thread-earrings,Halo Thread Earrings,Ear,halo-thread-earrings-60282036-1757,Gold Silver,1,Y,Halo Thread Earrings,,,39,No Size,,gid://shopify/Product/7986297798746,halo-thread-earrings-60282036,SINGLETON_PARENT|NONSTANDARD_HANDLE|PRICE_VARIANCE
MIM-T-halo-thread-earrings,Halo Thread Earrings,Ear,halo-thread-earrings-60282037-9570,Rose Gold,2,Y,Halo Thread Earrings,,,49,No Size,,gid://shopify/Product/7986297962586,halo-thread-earrings-60282037,SINGLETON_PARENT|NONSTANDARD_HANDLE|PRICE_VARIANCE
MIM-T-halo-thread-earrings,Halo Thread Earrings,Ear,halo-thread-earrings-60282061-901,Silver,3,Y,Halo Thread Earrings,,,29,No Size,,gid://shopify/Product/7986298749018,halo-thread-earrings-60282061,SINGLETON_PARENT|NONSTANDARD_HANDLE|PRICE_VARIANCE
MIM-T-harmony-charm-huggie-earrings,Harmony Charm Huggie Earrings,Ear,harmony-charm-huggie-earrings-60282124-3273,Verdant Green,1,Y,Harmony Charm Huggie Earrings,,,29,No Size,,gid://shopify/Product/7986300878938,harmony-charm-huggie-earrings-60282124,SINGLETON_PARENT|NONSTANDARD_HANDLE
MIM-T-harmony-charm-huggie-earrings,Harmony Charm Huggie Earrings,Ear,harmony-charm-huggie-earrings-60282369-1625,Crystal,2,Y,Harmony Charm Huggie Earrings,,,39,No Size,,gid://shopify/Product/7986299306074,harmony-charm-huggie-earrings-60282369,SINGLETON_PARENT|NONSTANDARD_HANDLE
MIM-T-harmonyka-stud,Harmonyka Stud,Ear,harmonyka-stud-60243342-9570,Rose Gold,1,Y,Harmonyka Stud,,,39,No Size,,gid://shopify/Product/7986262212698,harmonyka-stud-60243342,SINGLETON_PARENT|NONSTANDARD_HANDLE
MIM-T-harmonyka-stud,Harmonyka Stud,Ear,harmonyka-stud-60243343-901,Silver,2,Y,Harmonyka Stud,,,39,No Size,,gid://shopify/Product/7986262343770,harmonyka-stud-60243343,SINGLETON_PARENT|NONSTANDARD_HANDLE
MIM-T-heart-thread-earrings,Heart Thread Earrings,Ear,heart-thread-earrings-60297115-9570,Rose Gold,1,Y,Heart Thread Earrings,,,,One Size,,gid://shopify/Product/7986330042458,heart-thread-earrings-60297115,SINGLETON_PARENT|NONSTANDARD_HANDLE
MIM-T-heart-thread-earrings,Heart Thread Earrings,Ear,heart-thread-earrings-60297366-908,Gold,2,Y,Heart Thread Earrings,,,39,One Size,,gid://shopify/Product/7986330337370,heart-thread-earrings-60297366,SINGLETON_PARENT|NONSTANDARD_HANDLE
MIM-T-heart-to-heart-earrings,Heart to Heart Earrings,Ear,heart-to-heart-earrings-60310706-908,Gold,1,Y,Heart to Heart Earrings,,,29,No Size,,gid://shopify/Product/7986373460058,heart-to-heart-earrings-60310706,SINGLETON_PARENT|NONSTANDARD_HANDLE
MIM-T-heart-to-heart-earrings,Heart to Heart Earrings,Ear,heart-to-heart-earrings-60310707-901,Silver,2,Y,Heart to Heart Earrings,,,29,No Size,,gid://shopify/Product/7986373623898,heart-to-heart-earrings-60310707,SINGLETON_PARENT|NONSTANDARD_HANDLE
MIM-T-heart-to-heart-earrings,Heart to Heart Earrings,Ear,heart-to-heart-earrings-60310708-9570,Rose Gold,3,Y,Heart to Heart Earrings,,,29,No Size,,gid://shopify/Product/7986373754970,heart-to-heart-earrings-60310708,SINGLETON_PARENT|NONSTANDARD_HANDLE
MIM-T-heart-to-heart-hoop-earrings,Heart to Heart Hoop Earrings,Ear,heart-to-heart-hoop-earrings-60310709-901,Silver,1,Y,Heart to Heart Hoop Earrings,,,39,No Size,,gid://shopify/Product/7986373918810,heart-to-heart-hoop-earrings-60310709,SINGLETON_PARENT|NONSTANDARD_HANDLE
MIM-T-heart-to-heart-hoop-earrings,Heart to Heart Hoop Earrings,Ear,heart-to-heart-hoop-earrings-60310710-908,Gold,2,Y,Heart to Heart Hoop Earrings,,,39,No Size,,gid://shopify/Product/7986374082650,heart-to-heart-hoop-earrings-60310710,SINGLETON_PARENT|NONSTANDARD_HANDLE
MIM-T-heart-to-heart-hoop-earrings,Heart to Heart Hoop Earrings,Ear,heart-to-heart-hoop-earrings-60310711-9570,Rose Gold,3,Y,Heart to Heart Hoop Earrings,,,39,No Size,,gid://shopify/Product/7986374246490,heart-to-heart-hoop-earrings-60310711,SINGLETON_PARENT|NONSTANDARD_HANDLE
MIM-T-heart-to-heart-stud,Heart to Heart Stud,Ear,heart-to-heart-stud-60316407-9570,Rose Gold,1,Y,Heart to Heart Stud,,,24,No Size,,gid://shopify/Product/7986405638234,heart-to-heart-stud-60316407,SINGLETON_PARENT|NONSTANDARD_HANDLE
MIM-T-heart-to-heart-stud,Heart to Heart Stud,Ear,heart-to-heart-stud-60316421-901,Silver,2,Y,Heart to Heart Stud,,,24,No Size,,gid://shopify/Product/7986406916186,heart-to-heart-stud-60316421,SINGLETON_PARENT|NONSTANDARD_HANDLE
MIM-T-heart-to-heart-stud,Heart to Heart Stud,Ear,heart-to-heart-stud-60316393-908,Gold,3,Y,Heart to Heart Stud,,,24,No Size,,gid://shopify/Product/7986403704922,heart-to-heart-stud-60316393,SINGLETON_PARENT|NONSTANDARD_HANDLE
MIM-T-hearted-hoops,Hearted Hoops,Ear,hearted-hoops-60316470-9570,Rose Gold,1,Y,Hearted Hoops,,,39,No Size,,gid://shopify/Product/7986408456282,hearted-hoops-60316470,SINGLETON_PARENT|NONSTANDARD_HANDLE
MIM-T-hearted-hoops,Hearted Hoops,Ear,hearted-hoops-60316461-908,Gold,2,Y,Hearted Hoops,,,39,No Size,,gid://shopify/Product/7986406883418,hearted-hoops-60316461,SINGLETON_PARENT|NONSTANDARD_HANDLE
MIM-T-heartfelt-stud-earrings-set,Heartfelt Stud Earrings Set,Ear,heartfelt-stud-earrings-set-60314081-908,Gold,1,Y,Heartfelt Stud Earrings Set,,,49,No Size,,gid://shopify/Product/7986397216858,heartfelt-stud-earrings-set-60314081,SINGLETON_PARENT|NONSTANDARD_HANDLE
MIM-T-heartfelt-stud-earrings-set,Heartfelt Stud Earrings Set,Ear,heartfelt-stud-earrings-set-60314082-901,Silver,2,Y,Heartfelt Stud Earrings Set,,,59,No Size,,gid://shopify/Product/7986397380698,heartfelt-stud-earrings-set-60314082,SINGLETON_PARENT|NONSTANDARD_HANDLE
MIM-T-hype-drop-earrings,Hype Drop Earrings,Ear,hype-drop-earrings-60291821-1,Black,1,Y,Hype Drop Earrings,,,39,No Size,,gid://shopify/Product/7986326044762,hype-drop-earrings-60291821,SINGLETON_PARENT|NONSTANDARD_HANDLE|PRICE_VARIANCE
MIM-T-hype-drop-earrings,Hype Drop Earrings,Ear,hype-drop-earrings-60291909-124,Pancake,2,Y,Hype Drop Earrings,,,59,No Size,,gid://shopify/Product/7986327650394,hype-drop-earrings-60291909,SINGLETON_PARENT|NONSTANDARD_HANDLE|PRICE_VARIANCE
MIM-T-hype-drop-earrings,Hype Drop Earrings,Ear,hype-drop-earrings-60291910-7783,Spiced Apple,3,Y,Hype Drop Earrings,,,29,No Size,,gid://shopify/Product/7986327814234,hype-drop-earrings-60291910,SINGLETON_PARENT|NONSTANDARD_HANDLE|PRICE_VARIANCE
MIM-T-i-feel-love-hook-earrings,I Feel Love Hook Earrings,Ear,i-feel-love-hook-earrings-60302449-908,Gold,1,Y,I Feel Love Hook Earrings,,,10,No Size,,gid://shopify/Product/7986526978138,i-feel-love-hook-earrings-60302449,SINGLETON_PARENT|NONSTANDARD_HANDLE|PRICE_VARIANCE
MIM-T-i-feel-love-hook-earrings,I Feel Love Hook Earrings,Ear,i-feel-love-hook-earrings-60302679-9541,Lime Sorbet,2,Y,I Feel Love Hook Earrings,,,19,No Size,,gid://shopify/Product/7986532941914,i-feel-love-hook-earrings-60302679,SINGLETON_PARENT|NONSTANDARD_HANDLE|PRICE_VARIANCE
MIM-T-identity-stud-earrings-and-necklace-set,Identity Stud Earrings and Necklace Set,Ear,identity-stud-earrings-and-necklace-set-60302676-901,Silver,1,Y,Identity Stud Earrings and Necklace Set,,,49,No Size,,gid://shopify/Product/7986532352090,identity-stud-earrings-and-necklace-set-60302676,SINGLETON_PARENT|NONSTANDARD_HANDLE
MIM-T-identity-stud-earrings-and-necklace-set,Identity Stud Earrings and Necklace Set,Ear,identity-stud-earrings-and-necklace-set-60302675-908,Gold,2,Y,Identity Stud Earrings and Necklace Set,,,49,No Size,,gid://shopify/Product/7986532188250,identity-stud-earrings-and-necklace-set-60302675,SINGLETON_PARENT|NONSTANDARD_HANDLE
MIM-T-idol-earrings-set,Idol Earrings Set,Ear,idol-earrings-set-60298285-908,Gold,1,Y,Idol Earrings Set,,,59,No Size,,gid://shopify/Product/7986332663898,idol-earrings-set-60298285,SINGLETON_PARENT|NONSTANDARD_HANDLE
MIM-T-idol-earrings-set,Idol Earrings Set,Ear,idol-earrings-set-60298499-901,Silver,2,Y,Idol Earrings Set,,,59,No Size,,gid://shopify/Product/7986335383642,idol-earrings-set-60298499,SINGLETON_PARENT|NONSTANDARD_HANDLE
MIM-T-illumine-earrings-and-necklace-set,Illumine Earrings and Necklace Set,Ear,illumine-earrings-and-necklace-set-60302749-901,Silver,1,Y,Illumine Earrings and Necklace Set,,,49,No Size,,gid://shopify/Product/7986529763418,illumine-earrings-and-necklace-set-60302749,SINGLETON_PARENT|NONSTANDARD_HANDLE
MIM-T-illumine-earrings-and-necklace-set,Illumine Earrings and Necklace Set,Ear,illumine-earrings-and-necklace-set-60302750-908,Gold,2,Y,Illumine Earrings and Necklace Set,,,49,No Size,,gid://shopify/Product/7986529894490,illumine-earrings-and-necklace-set-60302750,SINGLETON_PARENT|NONSTANDARD_HANDLE
MIM-T-illumine-earrings-and-necklace-set,Illumine Earrings and Necklace Set,Ear,illumine-earrings-and-necklace-set-60302751-9570,Rose Gold,3,Y,Illumine Earrings and Necklace Set,,,49,No Size,,gid://shopify/Product/7986530058330,illumine-earrings-and-necklace-set-60302751,SINGLETON_PARENT|NONSTANDARD_HANDLE
MIM-T-illusion-hoop-earrings,Illusion Hoop Earrings,Ear,illusion-hoop-earrings-60302451-908,Gold,1,Y,Illusion Hoop Earrings,,,59.95,No Size,,gid://shopify/Product/7986527338586,illusion-hoop-earrings-60302451,SINGLETON_PARENT|NONSTANDARD_HANDLE
MIM-T-illusion-hoop-earrings,Illusion Hoop Earrings,Ear,illusion-hoop-earrings-60302452-901,Silver,2,Y,Illusion Hoop Earrings,,,59.95,No Size,,gid://shopify/Product/7986527436890,illusion-hoop-earrings-60302452,SINGLETON_PARENT|NONSTANDARD_HANDLE
MIM-T-illusion-hoop-earrings,Illusion Hoop Earrings,Ear,illusion-hoop-earrings-60302453-9570,Rose Gold,3,Y,Illusion Hoop Earrings,,,59.95,No Size,,gid://shopify/Product/7986527567962,illusion-hoop-earrings-60302453,SINGLETON_PARENT|NONSTANDARD_HANDLE
MIM-T-in-a-dream-stud-earrings,In a Dream Stud Earrings,Ear,in-a-dream-stud-earrings-60308938-908,Gold,1,Y,In a Dream Stud Earrings,,,29,No Size,,gid://shopify/Product/7986367758426,in-a-dream-stud-earrings-60308938,SINGLETON_PARENT|NONSTANDARD_HANDLE
MIM-T-in-a-dream-stud-earrings,In a Dream Stud Earrings,Ear,in-a-dream-stud-earrings-60308939-321,Pine,2,Y,In a Dream Stud Earrings,,,29,No Size,,gid://shopify/Product/7986367889498,in-a-dream-stud-earrings-60308939,SINGLETON_PARENT|NONSTANDARD_HANDLE
MIM-T-in-a-dream-stud-earrings,In a Dream Stud Earrings,Ear,in-a-dream-stud-earrings-60308940-901,Silver,3,Y,In a Dream Stud Earrings,,,29,No Size,,gid://shopify/Product/7986368053338,in-a-dream-stud-earrings-60308940,SINGLETON_PARENT|NONSTANDARD_HANDLE
MIM-T-in-a-knot-stud-earrings,In a Knot Stud Earrings,Ear,in-a-knot-stud-earrings-60297117-9570,Rose Gold,1,Y,In a Knot Stud Earrings,,,29,One Size,,gid://shopify/Product/7986330370138,in-a-knot-stud-earrings-60297117,SINGLETON_PARENT|NONSTANDARD_HANDLE
MIM-T-in-a-knot-stud-earrings,In a Knot Stud Earrings,Ear,in-a-knot-stud-earrings-60296696-901,Silver,2,Y,In a Knot Stud Earrings,,,29,One Size,,gid://shopify/Product/7986514788442,in-a-knot-stud-earrings-60296696,SINGLETON_PARENT|NONSTANDARD_HANDLE
MIM-T-in-a-knot-stud-earrings,In a Knot Stud Earrings,Ear,in-a-knot-stud-earrings-60296697-908,Gold,3,Y,In a Knot Stud Earrings,,,35,One Size,,gid://shopify/Product/7986514919514,in-a-knot-stud-earrings-60296697,SINGLETON_PARENT|NONSTANDARD_HANDLE
MIM-T-in-knots-hoop,In Knots Hoop,Ear,in-knots-hoop-60325304-901,Silver,1,Y,In Knots Hoop,,,69.95,No Size,,gid://shopify/Product/7986539954266,in-knots-hoop-60325304,SINGLETON_PARENT|NONSTANDARD_HANDLE
MIM-T-in-knots-hoop,In Knots Hoop,Ear,in-knots-hoop-60325305-908,Gold,2,Y,In Knots Hoop,,,69.95,No Size,,gid://shopify/Product/7986540085338,in-knots-hoop-60325305,SINGLETON_PARENT|NONSTANDARD_HANDLE
MIM-T-in-knots-stud,In Knots Stud,Ear,in-knots-stud-60325311-901,Silver,1,Y,In Knots Stud,,,59.95,No Size,,gid://shopify/Product/7986540740698,in-knots-stud-60325311,SINGLETON_PARENT|NONSTANDARD_HANDLE
MIM-T-in-knots-stud,In Knots Stud,Ear,in-knots-stud-60325312-908,Gold,2,Y,In Knots Stud,,,59.95,No Size,,gid://shopify/Product/7986540871770,in-knots-stud-60325312,SINGLETON_PARENT|NONSTANDARD_HANDLE
MIM-T-instrumental-huggie-hoop-earrings,Instrumental Huggie Hoop Earrings,Ear,instrumental-huggie-hoop-earrings-60298442-908,Gold,1,Y,Instrumental Huggie Hoop Earrings,,,29,No Size,,gid://shopify/Product/7986335350874,instrumental-huggie-hoop-earrings-60298442,SINGLETON_PARENT|NONSTANDARD_HANDLE
MIM-T-instrumental-huggie-hoop-earrings,Instrumental Huggie Hoop Earrings,Ear,instrumental-huggie-hoop-earrings-60300514-901,Silver,2,Y,Instrumental Huggie Hoop Earrings,,,29,No Size,,gid://shopify/Product/7986514755674,instrumental-huggie-hoop-earrings-60300514,SINGLETON_PARENT|NONSTANDARD_HANDLE
MIM-T-into-the-fold-wide-hoop-earrings,Into the Fold Wide Hoop Earrings,Ear,into-the-fold-wide-hoop-earrings-60298550-908,Gold,1,Y,Into the Fold Wide Hoop Earrings,,,39,No Size,,gid://shopify/Product/7986336727130,into-the-fold-wide-hoop-earrings-60298550,SINGLETON_PARENT|NONSTANDARD_HANDLE
MIM-T-into-the-fold-wide-hoop-earrings,Into the Fold Wide Hoop Earrings,Ear,into-the-fold-wide-hoop-earrings-60298551-901,Silver,2,Y,Into the Fold Wide Hoop Earrings,,,29,No Size,,gid://shopify/Product/7986336923738,into-the-fold-wide-hoop-earrings-60298551,SINGLETON_PARENT|NONSTANDARD_HANDLE
MIM-T-joplin-stud-earrings,Joplin Stud Earrings,Ear,joplin-stud-earrings-60285157-901,Silver,1,Y,Joplin Stud Earrings,,,29,No Size,,gid://shopify/Product/7986306154586,joplin-stud-earrings-60285157,SINGLETON_PARENT|NONSTANDARD_HANDLE
MIM-T-joplin-stud-earrings,Joplin Stud Earrings,Ear,joplin-stud-earrings-60285160-908,Gold,2,Y,Joplin Stud Earrings,,,35,No Size,,gid://shopify/Product/7986306285658,joplin-stud-earrings-60285160,SINGLETON_PARENT|NONSTANDARD_HANDLE
MIM-T-joplin-stud-earrings,Joplin Stud Earrings,Ear,joplin-stud-earrings-60285156-9570,Rose Gold,3,Y,Joplin Stud Earrings,,,29,No Size,,gid://shopify/Product/7986305957978,joplin-stud-earrings-60285156,SINGLETON_PARENT|NONSTANDARD_HANDLE
MIM-T-juicy-hoop-earrings,Juicy Hoop Earrings,Ear,juicy-hoop-earrings-60302730-908,Gold,1,Y,Juicy Hoop Earrings,,,59,No Size,,gid://shopify/Product/7986533367898,juicy-hoop-earrings-60302730,SINGLETON_PARENT|NONSTANDARD_HANDLE
MIM-T-juicy-hoop-earrings,Juicy Hoop Earrings,Ear,juicy-hoop-earrings-60302731-901,Silver,2,Y,Juicy Hoop Earrings,,,49,No Size,,gid://shopify/Product/7986533564506,juicy-hoop-earrings-60302731,SINGLETON_PARENT|NONSTANDARD_HANDLE
MIM-T-just-perfect-pearl-stud-earrings,Just Perfect Pearl Stud Earrings,Ear,just-perfect-pearl-stud-earrings-60310755-9570,Rose Gold,1,Y,Just Perfect Pearl Stud Earrings,,,29,No Size,,gid://shopify/Product/7986376769626,just-perfect-pearl-stud-earrings-60310755,SINGLETON_PARENT|NONSTANDARD_HANDLE
MIM-T-just-perfect-pearl-stud-earrings,Just Perfect Pearl Stud Earrings,Ear,just-perfect-pearl-stud-earrings-60310756-908,Gold,2,Y,Just Perfect Pearl Stud Earrings,,,29,No Size,,gid://shopify/Product/7986376966234,just-perfect-pearl-stud-earrings-60310756,SINGLETON_PARENT|NONSTANDARD_HANDLE
MIM-T-just-perfect-pearl-stud-earrings,Just Perfect Pearl Stud Earrings,Ear,just-perfect-pearl-stud-earrings-60310757-901,Silver,3,Y,Just Perfect Pearl Stud Earrings,,,29,No Size,,gid://shopify/Product/7986377097306,just-perfect-pearl-stud-earrings-60310757,SINGLETON_PARENT|NONSTANDARD_HANDLE
MIM-T-kaleidos-huggie,Kaleidos Huggie,Ear,kaleidos-huggie-60325309-993,Fuchsia,1,Y,Kaleidos Huggie,,,69.95,No Size,,gid://shopify/Product/7986540544090,kaleidos-huggie-60325309,SINGLETON_PARENT|NONSTANDARD_HANDLE
MIM-T-kaleidos-huggie,Kaleidos Huggie,Ear,kaleidos-huggie-60325310-4174,Aqua,2,Y,Kaleidos Huggie,,,69.95,No Size,,gid://shopify/Product/7986540675162,kaleidos-huggie-60325310,SINGLETON_PARENT|NONSTANDARD_HANDLE
MIM-T-kingdom-drop-earrings,Kingdom Drop Earrings,Ear,kingdom-drop-earrings-60273880-4059,Turquoise,1,Y,Kingdom Drop Earrings,,,59,No Size,,gid://shopify/Product/7986289573978,kingdom-drop-earrings-60273880,SINGLETON_PARENT|NONSTANDARD_HANDLE
MIM-T-kingdom-drop-earrings,Kingdom Drop Earrings,Ear,kingdom-drop-earrings-60273882-9909,Anise,2,Y,Kingdom Drop Earrings,,,59,No Size,,gid://shopify/Product/7986289737818,kingdom-drop-earrings-60273882,SINGLETON_PARENT|NONSTANDARD_HANDLE
MIM-T-knot-me-micro-hoop-earrings,Knot Me Micro Hoop Earrings,Ear,knot-me-micro-hoop-earrings-60298554-901,Silver,1,Y,Knot Me Micro Hoop Earrings,,,29,No Size,,gid://shopify/Product/7986337251418,knot-me-micro-hoop-earrings-60298554,SINGLETON_PARENT|NONSTANDARD_HANDLE
MIM-T-knot-me-micro-hoop-earrings,Knot Me Micro Hoop Earrings,Ear,knot-me-micro-hoop-earrings-60298555-908,Gold,2,Y,Knot Me Micro Hoop Earrings,,,39,No Size,,gid://shopify/Product/7986337448026,knot-me-micro-hoop-earrings-60298555,SINGLETON_PARENT|NONSTANDARD_HANDLE
MIM-T-knot-me-micro-hoop-earrings,Knot Me Micro Hoop Earrings,Ear,knot-me-micro-hoop-earrings-60299075-9570,Rose Gold,3,Y,Knot Me Micro Hoop Earrings,,,29,No Size,,gid://shopify/Product/7986340003930,knot-me-micro-hoop-earrings-60299075,SINGLETON_PARENT|NONSTANDARD_HANDLE
MIM-T-knot-me-micro-stud-earrings,Knot Me Micro Stud Earrings,Ear,knot-me-micro-stud-earrings-60298556-908,Gold,1,Y,Knot Me Micro Stud Earrings,,,39,No Size,,gid://shopify/Product/7986337644634,knot-me-micro-stud-earrings-60298556,SINGLETON_PARENT|NONSTANDARD_HANDLE
MIM-T-knot-me-micro-stud-earrings,Knot Me Micro Stud Earrings,Ear,knot-me-micro-stud-earrings-60298557-901,Silver,2,Y,Knot Me Micro Stud Earrings,,,29,No Size,,gid://shopify/Product/7986337841242,knot-me-micro-stud-earrings-60298557,SINGLETON_PARENT|NONSTANDARD_HANDLE
MIM-T-knot-me-micro-stud-earrings,Knot Me Micro Stud Earrings,Ear,knot-me-micro-stud-earrings-60299076-9570,Rose Gold,3,Y,Knot Me Micro Stud Earrings,,,39,No Size,,gid://shopify/Product/7986340167770,knot-me-micro-stud-earrings-60299076,SINGLETON_PARENT|NONSTANDARD_HANDLE
MIM-T-la-la-stud-earrings,La-La Stud Earrings,Ear,la-la-stud-earrings-60267241-969,Cosmetic Pink,1,Y,La-La Stud Earrings,,,29,No Size,,gid://shopify/Product/7986281250906,la-la-stud-earrings-60267241,SINGLETON_PARENT|NONSTANDARD_HANDLE
MIM-T-la-la-stud-earrings,La-La Stud Earrings,Ear,la-la-stud-earrings-60267285-9841,Burnt Honey,2,Y,La-La Stud Earrings,,,29,No Size,,gid://shopify/Product/7986282528858,la-la-stud-earrings-60267285,SINGLETON_PARENT|NONSTANDARD_HANDLE
MIM-T-lace-heart-hoop-earrings,Lace Heart Hoop Earrings,Ear,lace-heart-hoop-earrings-60316668-6121,Lipstick Red,1,Y,Lace Heart Hoop Earrings,,,39,No Size,,gid://shopify/Product/7986412126298,lace-heart-hoop-earrings-60316668,SINGLETON_PARENT|NONSTANDARD_HANDLE
MIM-T-lace-heart-hoop-earrings,Lace Heart Hoop Earrings,Ear,lace-heart-hoop-earrings-60316669-686,Ballet,2,Y,Lace Heart Hoop Earrings,,,39,No Size,,gid://shopify/Product/7986409177178,lace-heart-hoop-earrings-60316669,SINGLETON_PARENT|NONSTANDARD_HANDLE
MIM-T-lace-heart-stud-earrings,Lace Heart Stud Earrings,Ear,lace-heart-stud-earrings-60316666-6121,Lipstick Red,1,Y,Lace Heart Stud Earrings,,,19,No Size,,gid://shopify/Product/7986411896922,lace-heart-stud-earrings-60316666,SINGLETON_PARENT|NONSTANDARD_HANDLE
MIM-T-lace-heart-stud-earrings,Lace Heart Stud Earrings,Ear,lace-heart-stud-earrings-60316667-686,Ballet,2,Y,Lace Heart Stud Earrings,,,19,No Size,,gid://shopify/Product/7986412027994,lace-heart-stud-earrings-60316667,SINGLETON_PARENT|NONSTANDARD_HANDLE
MIM-T-le-clique-earrings-and-necklace-set,Le Clique Earrings and Necklace Set,Ear,le-clique-earrings-and-necklace-set-60302747-908,Gold,1,Y,Le Clique Earrings and Necklace Set,,,49,No Size,,gid://shopify/Product/7986529435738,le-clique-earrings-and-necklace-set-60302747,SINGLETON_PARENT|NONSTANDARD_HANDLE
MIM-T-le-clique-earrings-and-necklace-set,Le Clique Earrings and Necklace Set,Ear,le-clique-earrings-and-necklace-set-60302748-901,Silver,2,Y,Le Clique Earrings and Necklace Set,,,49,No Size,,gid://shopify/Product/7986529599578,le-clique-earrings-and-necklace-set-60302748,SINGLETON_PARENT|NONSTANDARD_HANDLE
MIM-T-lets-connect-hoop-earrings,Lets Connect Hoop Earrings,Ear,lets-connect-hoop-earrings-60311140-9570,Rose Gold,1,Y,Lets Connect Hoop Earrings,,,39,No Size,,gid://shopify/Product/7986377850970,lets-connect-hoop-earrings-60311140,SINGLETON_PARENT|NONSTANDARD_HANDLE
MIM-T-lets-connect-hoop-earrings,Lets Connect Hoop Earrings,Ear,lets-connect-hoop-earrings-60311138-908,Gold,2,Y,Lets Connect Hoop Earrings,,,39,No Size,,gid://shopify/Product/7986377588826,lets-connect-hoop-earrings-60311138,SINGLETON_PARENT|NONSTANDARD_HANDLE
MIM-T-lets-connect-hoop-earrings,Lets Connect Hoop Earrings,Ear,lets-connect-hoop-earrings-60311139-901,Silver,3,Y,Lets Connect Hoop Earrings,,,39,No Size,,gid://shopify/Product/7986377687130,lets-connect-hoop-earrings-60311139,SINGLETON_PARENT|NONSTANDARD_HANDLE
MIM-T-lets-groove-hoop-earrings,Lets Groove Hoop Earrings,Ear,lets-groove-hoop-earrings-60298444-908,Gold,1,Y,Lets Groove Hoop Earrings,,,29,No Size,,gid://shopify/Product/7986335678554,lets-groove-hoop-earrings-60298444,SINGLETON_PARENT|NONSTANDARD_HANDLE
MIM-T-lets-groove-hoop-earrings,Lets Groove Hoop Earrings,Ear,lets-groove-hoop-earrings-60298445-901,Silver,2,Y,Lets Groove Hoop Earrings,,,29,No Size,,gid://shopify/Product/7986335842394,lets-groove-hoop-earrings-60298445,SINGLETON_PARENT|NONSTANDARD_HANDLE
MIM-T-lets-groove-hoop-earrings,Lets Groove Hoop Earrings,Ear,lets-groove-hoop-earrings-60299189-9570,Rose Gold,3,Y,Lets Groove Hoop Earrings,,,29,No Size,,gid://shopify/Product/7986339545178,lets-groove-hoop-earrings-60299189,SINGLETON_PARENT|NONSTANDARD_HANDLE
MIM-T-lets-groove-large-hoop-earrings,Lets Groove Large Hoop Earrings,Ear,lets-groove-large-hoop-earrings-60298447-901,Silver,1,Y,Lets Groove Large Hoop Earrings,,,29,No Size,,gid://shopify/Product/7986336006234,lets-groove-large-hoop-earrings-60298447,SINGLETON_PARENT|NONSTANDARD_HANDLE|PRICE_VARIANCE
MIM-T-lets-groove-large-hoop-earrings,Lets Groove Large Hoop Earrings,Ear,lets-groove-large-hoop-earrings-60298448-908,Gold,2,Y,Lets Groove Large Hoop Earrings,,,49,No Size,,gid://shopify/Product/7986336137306,lets-groove-large-hoop-earrings-60298448,SINGLETON_PARENT|NONSTANDARD_HANDLE|PRICE_VARIANCE
MIM-T-lets-groove-stud-earrings,Lets Groove Stud Earrings,Ear,lets-groove-stud-earrings-60298449-908,Gold,1,Y,Lets Groove Stud Earrings,,,29,No Size,,gid://shopify/Product/7986336301146,lets-groove-stud-earrings-60298449,SINGLETON_PARENT|NONSTANDARD_HANDLE|PRICE_VARIANCE
MIM-T-lets-groove-stud-earrings,Lets Groove Stud Earrings,Ear,lets-groove-stud-earrings-60298450-901,Silver,2,Y,Lets Groove Stud Earrings,,,19,No Size,,gid://shopify/Product/7986336464986,lets-groove-stud-earrings-60298450,SINGLETON_PARENT|NONSTANDARD_HANDLE|PRICE_VARIANCE
MIM-T-lets-groove-stud-earrings,Lets Groove Stud Earrings,Ear,lets-groove-stud-earrings-60299051-9570,Rose Gold,3,Y,Lets Groove Stud Earrings,,,29,No Size,,gid://shopify/Product/7986339905626,lets-groove-stud-earrings-60299051,SINGLETON_PARENT|NONSTANDARD_HANDLE|PRICE_VARIANCE
MIM-T-lets-groove-thin-hoop-earrings,Lets Groove Thin Hoop Earrings,Ear,lets-groove-thin-hoop-earrings-60298451-901,Silver,1,Y,Lets Groove Thin Hoop Earrings,,,89.95,No Size,,gid://shopify/Product/7986336628826,lets-groove-thin-hoop-earrings-60298451,SINGLETON_PARENT|NONSTANDARD_HANDLE
MIM-T-lets-groove-thin-hoop-earrings,Lets Groove Thin Hoop Earrings,Ear,lets-groove-thin-hoop-earrings-60298452-908,Gold,2,Y,Lets Groove Thin Hoop Earrings,,,89.95,No Size,,gid://shopify/Product/7986336792666,lets-groove-thin-hoop-earrings-60298452,SINGLETON_PARENT|NONSTANDARD_HANDLE
MIM-T-link-up-hoop-earrings,Link Up Hoop Earrings,Ear,link-up-hoop-earrings-60307846-908,Gold,1,Y,Link Up Hoop Earrings,,,39,No Size,,gid://shopify/Product/7986357764186,link-up-hoop-earrings-60307846,SINGLETON_PARENT|NONSTANDARD_HANDLE
MIM-T-link-up-hoop-earrings,Link Up Hoop Earrings,Ear,link-up-hoop-earrings-60307847-901,Silver,2,Y,Link Up Hoop Earrings,,,29,No Size,,gid://shopify/Product/7986357928026,link-up-hoop-earrings-60307847,SINGLETON_PARENT|NONSTANDARD_HANDLE
MIM-T-lively-charm-hoop-earrings,Lively Charm Hoop Earrings,Ear,lively-charm-hoop-earrings-60274262-4059,Turquoise,1,Y,Lively Charm Hoop Earrings,,,49,No Size,,gid://shopify/Product/7986289705050,lively-charm-hoop-earrings-60274262,SINGLETON_PARENT|NONSTANDARD_HANDLE
MIM-T-lively-charm-hoop-earrings,Lively Charm Hoop Earrings,Ear,lively-charm-hoop-earrings-60274264-667,Bubblegum,2,Y,Lively Charm Hoop Earrings,,,49,No Size,,gid://shopify/Product/7986289901658,lively-charm-hoop-earrings-60274264,SINGLETON_PARENT|NONSTANDARD_HANDLE
MIM-T-lockette-charm-hoop-earrings,Lockette Charm Hoop Earrings,Ear,lockette-charm-hoop-earrings-60316469-9570,Rose Gold,1,Y,Lockette Charm Hoop Earrings,,,39,No Size,,gid://shopify/Product/7986408259674,lockette-charm-hoop-earrings-60316469,SINGLETON_PARENT|NONSTANDARD_HANDLE|PRICE_VARIANCE
MIM-T-lockette-charm-hoop-earrings,Lockette Charm Hoop Earrings,Ear,lockette-charm-hoop-earrings-60316459-908,Gold,2,Y,Lockette Charm Hoop Earrings,,,79.95,No Size,,gid://shopify/Product/7986406522970,lockette-charm-hoop-earrings-60316459,SINGLETON_PARENT|NONSTANDARD_HANDLE|PRICE_VARIANCE
MIM-T-lockette-stud-earrings,Lockette Stud Earrings,Ear,lockette-stud-earrings-60316473-901,Silver,1,Y,Lockette Stud Earrings,,,24,No Size,,gid://shopify/Product/7986408685658,lockette-stud-earrings-60316473,SINGLETON_PARENT|NONSTANDARD_HANDLE
MIM-T-lockette-stud-earrings,Lockette Stud Earrings,Ear,lockette-stud-earrings-60316458-908,Gold,2,Y,Lockette Stud Earrings,,,24,No Size,,gid://shopify/Product/7986406359130,lockette-stud-earrings-60316458,SINGLETON_PARENT|NONSTANDARD_HANDLE
MIM-T-lockette-stud-earrings,Lockette Stud Earrings,Ear,lockette-stud-earrings-60316468-9570,Rose Gold,3,Y,Lockette Stud Earrings,,,24,No Size,,gid://shopify/Product/7986408095834,lockette-stud-earrings-60316468,SINGLETON_PARENT|NONSTANDARD_HANDLE
MIM-T-love-and-luck-stud-earrings,Love & Luck Stud Earrings,Ear,love-luck-stud-earrings-60310666-908,Gold,1,Y,Love & Luck Stud Earrings,,,29,No Size,,gid://shopify/Product/7986375131226,love-and-luck-stud-earrings-60310666,SINGLETON_PARENT|NONSTANDARD_HANDLE
MIM-T-love-and-luck-stud-earrings,Love & Luck Stud Earrings,Ear,love-luck-stud-earrings-60310667-9570,Rose Gold,2,Y,Love & Luck Stud Earrings,,,29,No Size,,gid://shopify/Product/7986371887194,love-and-luck-stud-earrings-60310667,SINGLETON_PARENT|NONSTANDARD_HANDLE
MIM-T-love-bound-drop-ear,Love Bound Drop Ear,Ear,love-bound-drop-ear-60325358-908,Gold,1,Y,Love Bound Drop Ear,,,79.95,No Size,,gid://shopify/Product/7986540904538,love-bound-drop-ear-60325358,SINGLETON_PARENT|NONSTANDARD_HANDLE
MIM-T-love-bound-drop-ear,Love Bound Drop Ear,Ear,love-bound-drop-ear-60325318-901,Silver,2,Y,Love Bound Drop Ear,,,79.95,No Size,,gid://shopify/Product/7986535399514,love-bound-drop-ear-60325318,SINGLETON_PARENT|NONSTANDARD_HANDLE
MIM-T-love-bound-stud,Love Bound Stud,Ear,love-bound-stud-60325357-908,Gold,1,Y,Love Bound Stud,,,59.95,No Size,,gid://shopify/Product/7986540839002,love-bound-stud-60325357,SINGLETON_PARENT|NONSTANDARD_HANDLE
MIM-T-love-bound-stud,Love Bound Stud,Ear,love-bound-stud-60325319-901,Silver,2,Y,Love Bound Stud,,,59.95,No Size,,gid://shopify/Product/7986535596122,love-bound-stud-60325319,SINGLETON_PARENT|NONSTANDARD_HANDLE
MIM-T-lovely-charm-hoop-earrings,Lovely Charm Hoop Earrings,Ear,lovely-charm-hoop-earrings-60313867-908,Gold,1,Y,Lovely Charm Hoop Earrings,,,39,No Size,,gid://shopify/Product/7986393874522,lovely-charm-hoop-earrings-60313867,SINGLETON_PARENT|NONSTANDARD_HANDLE
MIM-T-lovely-charm-hoop-earrings,Lovely Charm Hoop Earrings,Ear,lovely-charm-hoop-earrings-60313868-9570,Rose Gold,2,Y,Lovely Charm Hoop Earrings,,,39,No Size,,gid://shopify/Product/7986394005594,lovely-charm-hoop-earrings-60313868,SINGLETON_PARENT|NONSTANDARD_HANDLE
MIM-T-lovely-enamel-stud-earrings,Lovely Enamel Stud Earrings,Ear,lovely-enamel-stud-earrings-60313854-126,Vanilla,1,Y,Lovely Enamel Stud Earrings,,,29,No Size,,gid://shopify/Product/7986392858714,lovely-enamel-stud-earrings-60313854,SINGLETON_PARENT|NONSTANDARD_HANDLE
MIM-T-lovely-enamel-stud-earrings,Lovely Enamel Stud Earrings,Ear,lovely-enamel-stud-earrings-60313855-657,Petal,2,Y,Lovely Enamel Stud Earrings,,,29,No Size,,gid://shopify/Product/7986393022554,lovely-enamel-stud-earrings-60313855,SINGLETON_PARENT|NONSTANDARD_HANDLE
MIM-T-lovely-heart-drop-earrings,Lovely Heart Drop Earrings,Ear,lovely-heart-drop-earrings-60313870-9570,Rose Gold,1,Y,Lovely Heart Drop Earrings,,,39,No Size,,gid://shopify/Product/7986394300506,lovely-heart-drop-earrings-60313870,SINGLETON_PARENT|NONSTANDARD_HANDLE
MIM-T-lovely-heart-drop-earrings,Lovely Heart Drop Earrings,Ear,lovely-heart-drop-earrings-60313871-908,Gold,2,Y,Lovely Heart Drop Earrings,,,39,No Size,,gid://shopify/Product/7986394464346,lovely-heart-drop-earrings-60313871,SINGLETON_PARENT|NONSTANDARD_HANDLE
MIM-T-lovely-stud-earrings,Lovely Stud Earrings,Ear,lovely-stud-earrings-60313857-9570,Rose Gold,1,Y,Lovely Stud Earrings,,,29,No Size,,gid://shopify/Product/7986393186394,lovely-stud-earrings-60313857,SINGLETON_PARENT|NONSTANDARD_HANDLE
MIM-T-lovely-stud-earrings,Lovely Stud Earrings,Ear,lovely-stud-earrings-60313858-908,Gold,2,Y,Lovely Stud Earrings,,,29,No Size,,gid://shopify/Product/7986393284698,lovely-stud-earrings-60313858,SINGLETON_PARENT|NONSTANDARD_HANDLE
MIM-T-lovely-stud-earrings,Lovely Stud Earrings,Ear,lovely-stud-earrings-60313859-901,Silver,3,Y,Lovely Stud Earrings,,,29,No Size,,gid://shopify/Product/7986393415770,lovely-stud-earrings-60313859,SINGLETON_PARENT|NONSTANDARD_HANDLE
MIM-T-lovely-thread-earrings,Lovely Thread Earrings,Ear,lovely-thread-earrings-60313875-908,Gold,1,Y,Lovely Thread Earrings,,,39,No Size,,gid://shopify/Product/7986395021402,lovely-thread-earrings-60313875,SINGLETON_PARENT|NONSTANDARD_HANDLE
MIM-T-lovely-thread-earrings,Lovely Thread Earrings,Ear,lovely-thread-earrings-60313876-9570,Rose Gold,2,Y,Lovely Thread Earrings,,,39,No Size,,gid://shopify/Product/7986392170586,lovely-thread-earrings-60313876,SINGLETON_PARENT|NONSTANDARD_HANDLE
MIM-T-lovely-thread-earrings,Lovely Thread Earrings,Ear,lovely-thread-earrings-60313877-901,Silver,3,Y,Lovely Thread Earrings,,,39,No Size,,gid://shopify/Product/7986392465498,lovely-thread-earrings-60313877,SINGLETON_PARENT|NONSTANDARD_HANDLE
MIM-T-lover-heart-earrings-and-necklace-set,Lover Heart Earrings and Necklace Set,Ear,lover-heart-earrings-and-necklace-set-60313759-1,Black,1,Y,Lover Heart Earrings and Necklace Set,,,49,No Size,,gid://shopify/Product/7986391482458,lover-heart-earrings-and-necklace-set-60313759,SINGLETON_PARENT|NONSTANDARD_HANDLE|PRICE_VARIANCE
MIM-T-lover-heart-earrings-and-necklace-set,Lover Heart Earrings and Necklace Set,Ear,lover-heart-earrings-and-necklace-set-60313994-174,Pink,2,Y,Lover Heart Earrings and Necklace Set,,,69,No Size,,gid://shopify/Product/7986397413466,lover-heart-earrings-and-necklace-set-60313994,SINGLETON_PARENT|NONSTANDARD_HANDLE|PRICE_VARIANCE
MIM-T-lover-heart-earrings-and-necklace-set,Lover Heart Earrings and Necklace Set,Ear,lover-heart-earrings-and-necklace-set-60313995-178,Red,3,Y,Lover Heart Earrings and Necklace Set,,,39,No Size,,gid://shopify/Product/7986397577306,lover-heart-earrings-and-necklace-set-60313995,SINGLETON_PARENT|NONSTANDARD_HANDLE|PRICE_VARIANCE
MIM-T-lover-heart-stud-earrings,Lover Heart Stud Earrings,Ear,lover-heart-stud-earrings-60310658-1,Black,1,Y,Lover Heart Stud Earrings,,,29,No Size,,gid://shopify/Product/7986374508634,lover-heart-stud-earrings-60310658,SINGLETON_PARENT|NONSTANDARD_HANDLE
MIM-T-lover-heart-stud-earrings,Lover Heart Stud Earrings,Ear,lover-heart-stud-earrings-60310659-178,Red,2,Y,Lover Heart Stud Earrings,,,29,No Size,,gid://shopify/Product/7986374705242,lover-heart-stud-earrings-60310659,SINGLETON_PARENT|NONSTANDARD_HANDLE
MIM-T-lover-heart-stud-earrings,Lover Heart Stud Earrings,Ear,lover-heart-stud-earrings-60313735-4155,Sky Blue,3,Y,Lover Heart Stud Earrings,,,29,No Size,,gid://shopify/Product/7986388861018,lover-heart-stud-earrings-60313735,SINGLETON_PARENT|NONSTANDARD_HANDLE
MIM-T-lover-heart-stud-earrings,Lover Heart Stud Earrings,Ear,lover-heart-stud-earrings-60316605-101,Buttermilk,4,Y,Lover Heart Stud Earrings,,,29,No Size,,gid://shopify/Product/7986407768154,lover-heart-stud-earrings-60316605,SINGLETON_PARENT|NONSTANDARD_HANDLE
MIM-T-lover-heart-stud-earrings,Lover Heart Stud Earrings,Ear,lover-heart-stud-earrings-60302469-6522,Pink Sorbet,5,Y,Lover Heart Stud Earrings,,,29,No Size,,gid://shopify/Product/7986521276506,lover-heart-stud-earrings-60302469,SINGLETON_PARENT|NONSTANDARD_HANDLE
MIM-T-lover-heart-stud-earrings,Lover Heart Stud Earrings,Ear,lover-heart-stud-earrings-60302470-100,White,6,Y,Lover Heart Stud Earrings,,,29,No Size,,gid://shopify/Product/7986521407578,lover-heart-stud-earrings-60302470,SINGLETON_PARENT|NONSTANDARD_HANDLE
MIM-T-lucent-hoop-earrings,Lucent Hoop Earrings,Ear,lucent-hoop-earrings-60243558-9570,Rose Gold,1,Y,Lucent Hoop Earrings,,,49,No Size,,gid://shopify/Product/7986265030746,lucent-hoop-earrings-60243558,SINGLETON_PARENT|NONSTANDARD_HANDLE|PRICE_VARIANCE
MIM-T-lucent-hoop-earrings,Lucent Hoop Earrings,Ear,lucent-hoop-earrings-60243559-901,Silver,2,Y,Lucent Hoop Earrings,,,99.95,No Size,,gid://shopify/Product/7986265194586,lucent-hoop-earrings-60243559,SINGLETON_PARENT|NONSTANDARD_HANDLE|PRICE_VARIANCE
MIM-T-lucent-hoop-earrings,Lucent Hoop Earrings,Ear,lucent-hoop-earrings-60244121-908,Gold,3,Y,Lucent Hoop Earrings,,,109,No Size,,gid://shopify/Product/7986266570842,lucent-hoop-earrings-60244121,SINGLETON_PARENT|NONSTANDARD_HANDLE|PRICE_VARIANCE
MIM-T-lucent-small-hoop-earrings,Lucent Small Hoop Earrings,Ear,lucent-small-hoop-earrings-60302383-901,Silver,1,Y,Lucent Small Hoop Earrings,,,79.95,No Size,,gid://shopify/Product/7986521014362,lucent-small-hoop-earrings-60302383,SINGLETON_PARENT|NONSTANDARD_HANDLE
MIM-T-lucent-small-hoop-earrings,Lucent Small Hoop Earrings,Ear,lucent-small-hoop-earrings-60302384-908,Gold,2,Y,Lucent Small Hoop Earrings,,,89.95,No Size,,gid://shopify/Product/7986521112666,lucent-small-hoop-earrings-60302384,SINGLETON_PARENT|NONSTANDARD_HANDLE
MIM-T-lumi-drop-ear,Lumi Drop Ear,Ear,lumi-drop-ear-60325207-908,Gold,1,Y,Lumi Drop Ear,,,69.95,No Size,,gid://shopify/Product/7986540118106,lumi-drop-ear-60325207,SINGLETON_PARENT|NONSTANDARD_HANDLE
MIM-T-lumi-drop-ear,Lumi Drop Ear,Ear,lumi-drop-ear-60325208-901,Silver,2,Y,Lumi Drop Ear,,,69.95,No Size,,gid://shopify/Product/7986540216410,lumi-drop-ear-60325208,SINGLETON_PARENT|NONSTANDARD_HANDLE
MIM-T-lumi-drop-ear,Lumi Drop Ear,Ear,lumi-drop-ear-60325209-9570,Rose Gold,3,Y,Lumi Drop Ear,,,69.95,No Size,,gid://shopify/Product/7986534678618,lumi-drop-ear-60325209,SINGLETON_PARENT|NONSTANDARD_HANDLE
MIM-T-lumina-lrg-stud,Lumina Lrg Stud,Ear,lumina-lrg-stud-60325332-200,Chocolate,1,Y,Lumina Lrg Stud,,,89.95,No Size,,gid://shopify/Product/7986537070682,lumina-lrg-stud-60325332,SINGLETON_PARENT|NONSTANDARD_HANDLE
MIM-T-lumina-lrg-stud,Lumina Lrg Stud,Ear,lumina-lrg-stud-60325338-2344,Off White,2,Y,Lumina Lrg Stud,,,89.95,No Size,,gid://shopify/Product/7986538250330,lumina-lrg-stud-60325338,SINGLETON_PARENT|NONSTANDARD_HANDLE
MIM-T-lumina-stud,Lumina Stud,Ear,lumina-stud-60325335-908,Gold,1,Y,Lumina Stud,,,59.95,No Size,,gid://shopify/Product/7986537496666,lumina-stud-60325335,SINGLETON_PARENT|NONSTANDARD_HANDLE
MIM-T-lumina-stud,Lumina Stud,Ear,lumina-stud-60325336-901,Silver,2,Y,Lumina Stud,,,59.95,No Size,,gid://shopify/Product/7986537758810,lumina-stud-60325336,SINGLETON_PARENT|NONSTANDARD_HANDLE
MIM-T-lumina-stud,Lumina Stud,Ear,lumina-stud-60325337-9570,Rose Gold,3,Y,Lumina Stud,,,59.95,No Size,,gid://shopify/Product/7986537988186,lumina-stud-60325337,SINGLETON_PARENT|NONSTANDARD_HANDLE
MIM-T-lune-charm-hoop-earrings,Lune Charm Hoop Earrings,Ear,lune-charm-hoop-earrings-60302354-901,Silver,1,Y,Lune Charm Hoop Earrings,,,49,No Size,,gid://shopify/Product/7986523668570,lune-charm-hoop-earrings-60302354,SINGLETON_PARENT|NONSTANDARD_HANDLE
MIM-T-lune-charm-hoop-earrings,Lune Charm Hoop Earrings,Ear,lune-charm-hoop-earrings-60302355-908,Gold,2,Y,Lune Charm Hoop Earrings,,,49,No Size,,gid://shopify/Product/7986523832410,lune-charm-hoop-earrings-60302355,SINGLETON_PARENT|NONSTANDARD_HANDLE
MIM-T-lune-stud-earrings,Lune Stud Earrings,Ear,lune-stud-earrings-60310076-9570,Rose Gold,1,Y,Lune Stud Earrings,,,39,No Size,,gid://shopify/Product/7986371133530,lune-stud-earrings-60310076,SINGLETON_PARENT|NONSTANDARD_HANDLE
MIM-T-lune-stud-earrings,Lune Stud Earrings,Ear,lune-stud-earrings-60302353-901,Silver,2,Y,Lune Stud Earrings,,,39,No Size,,gid://shopify/Product/7986523504730,lune-stud-earrings-60302353,SINGLETON_PARENT|NONSTANDARD_HANDLE
MIM-T-mae-stud-earrings,Mae Stud Earrings,Ear,mae-stud-earrings-60251384-124,Pancake,1,Y,Mae Stud Earrings,,,49,No Size,,gid://shopify/Product/7986268405850,mae-stud-earrings-60251384,SINGLETON_PARENT|NONSTANDARD_HANDLE
MIM-T-mae-stud-earrings,Mae Stud Earrings,Ear,mae-stud-earrings-60251386-297,Clear,2,Y,Mae Stud Earrings,,,49,No Size,,gid://shopify/Product/7986268536922,mae-stud-earrings-60251386,SINGLETON_PARENT|NONSTANDARD_HANDLE
MIM-T-magie-double-hoop-earrings,Magie Double Hoop Earrings,Ear,magie-double-hoop-earrings-60316596-657,Petal,1,Y,Magie Double Hoop Earrings,,,29,No Size,,gid://shopify/Product/7986407112794,magie-double-hoop-earrings-60316596,SINGLETON_PARENT|NONSTANDARD_HANDLE
MIM-T-magie-double-hoop-earrings,Magie Double Hoop Earrings,Ear,magie-double-hoop-earrings-60316599-9787,TOFFEE,2,Y,Magie Double Hoop Earrings,,,39,No Size,,gid://shopify/Product/7986407407706,magie-double-hoop-earrings-60316599,SINGLETON_PARENT|NONSTANDARD_HANDLE
MIM-T-marina-huggie,Marina Huggie,Ear,marina-huggie-60325237-908,Gold,1,Y,Marina Huggie,,,69.95,No Size,,gid://shopify/Product/7986537431130,marina-huggie-60325237,SINGLETON_PARENT|NONSTANDARD_HANDLE
MIM-T-marina-huggie,Marina Huggie,Ear,marina-huggie-60325238-901,Silver,2,Y,Marina Huggie,,,69.95,No Size,,gid://shopify/Product/7986537594970,marina-huggie-60325238,SINGLETON_PARENT|NONSTANDARD_HANDLE
MIM-T-marina-link-stud,Marina Link Stud,Ear,marina-link-stud-60325234-908,Gold,1,Y,Marina Link Stud,,,59.95,No Size,,gid://shopify/Product/7986536972378,marina-link-stud-60325234,SINGLETON_PARENT|NONSTANDARD_HANDLE
MIM-T-marina-link-stud,Marina Link Stud,Ear,marina-link-stud-60325235-901,Silver,2,Y,Marina Link Stud,,,59.95,No Size,,gid://shopify/Product/7986537136218,marina-link-stud-60325235,SINGLETON_PARENT|NONSTANDARD_HANDLE
MIM-T-marina-link-stud,Marina Link Stud,Ear,marina-link-stud-60325236-9570,Rose Gold,3,Y,Marina Link Stud,,,59.95,No Size,,gid://shopify/Product/7986537234522,marina-link-stud-60325236,SINGLETON_PARENT|NONSTANDARD_HANDLE
MIM-T-marina-mini-hoop,Marina Mini Hoop,Ear,marina-mini-hoop-60325246-908,Gold,1,Y,Marina Mini Hoop,,,69.95,No Size,,gid://shopify/Product/7986538741850,marina-mini-hoop-60325246,SINGLETON_PARENT|NONSTANDARD_HANDLE
MIM-T-marina-mini-hoop,Marina Mini Hoop,Ear,marina-mini-hoop-60325247-901,Silver,2,Y,Marina Mini Hoop,,,69.95,No Size,,gid://shopify/Product/7986538872922,marina-mini-hoop-60325247,SINGLETON_PARENT|NONSTANDARD_HANDLE
MIM-T-marina-mini-hoop,Marina Mini Hoop,Ear,marina-mini-hoop-60325249-9570,Rose Gold,3,Y,Marina Mini Hoop,,,69.95,No Size,,gid://shopify/Product/7986539036762,marina-mini-hoop-60325249,SINGLETON_PARENT|NONSTANDARD_HANDLE
MIM-T-marina-stud,Marina Stud,Ear,marina-stud-60325231-908,Gold,1,Y,Marina Stud,,,49.95,No Size,,gid://shopify/Product/7986536546394,marina-stud-60325231,SINGLETON_PARENT|NONSTANDARD_HANDLE
MIM-T-marina-stud,Marina Stud,Ear,marina-stud-60325232-901,Silver,2,Y,Marina Stud,,,49.95,No Size,,gid://shopify/Product/7986536710234,marina-stud-60325232,SINGLETON_PARENT|NONSTANDARD_HANDLE
MIM-T-marina-stud,Marina Stud,Ear,marina-stud-60325233-9570,Rose Gold,3,Y,Marina Stud,,,49.95,No Size,,gid://shopify/Product/7986536874074,marina-stud-60325233,SINGLETON_PARENT|NONSTANDARD_HANDLE
MIM-T-marla-hoop-earrings,Marla Hoop Earrings,Ear,marla-hoop-earrings-60322279-8836,Pink Salt,1,Y,Marla Hoop Earrings,,,79.95,No Size,,gid://shopify/Product/7986427625562,marla-hoop-earrings-60322279,SINGLETON_PARENT|NONSTANDARD_HANDLE
MIM-T-marla-hoop-earrings,Marla Hoop Earrings,Ear,marla-hoop-earrings-60321461-908,Gold,2,Y,Marla Hoop Earrings,,,79.95,No Size,,gid://shopify/Product/7986427396186,marla-hoop-earrings-60321461,SINGLETON_PARENT|NONSTANDARD_HANDLE
MIM-T-maybelle-necklace-earrings-set,Maybelle Necklace Earrings Set,Ear,maybelle-necklace-earrings-set-60319420-908,Gold,1,Y,Maybelle Necklace Earrings Set,,,69,No Size,,gid://shopify/Product/7986422055002,maybelle-necklace-earrings-set-60319420,SINGLETON_PARENT|NONSTANDARD_HANDLE
MIM-T-maybelle-necklace-earrings-set,Maybelle Necklace Earrings Set,Ear,maybelle-necklace-earrings-set-60319421-9570,Rose Gold,2,Y,Maybelle Necklace Earrings Set,,,69,No Size,,gid://shopify/Product/7986422186074,maybelle-necklace-earrings-set-60319421,SINGLETON_PARENT|NONSTANDARD_HANDLE
MIM-T-maybelle-necklace-earrings-set,Maybelle Necklace Earrings Set,Ear,maybelle-necklace-earrings-set-60319422-901,Silver,3,Y,Maybelle Necklace Earrings Set,,,69,No Size,,gid://shopify/Product/7986419335258,maybelle-necklace-earrings-set-60319422,SINGLETON_PARENT|NONSTANDARD_HANDLE
MIM-T-melody-duo-hoop-earrings,Melody Duo Hoop Earrings,Ear,melody-duo-hoop-earrings-60298404-908,Gold,1,Y,Melody Duo Hoop Earrings,,,39,No Size,,gid://shopify/Product/7986334367834,melody-duo-hoop-earrings-60298404,SINGLETON_PARENT|NONSTANDARD_HANDLE
MIM-T-melody-duo-hoop-earrings,Melody Duo Hoop Earrings,Ear,melody-duo-hoop-earrings-60298405-901,Silver,2,Y,Melody Duo Hoop Earrings,,,49,No Size,,gid://shopify/Product/7986334531674,melody-duo-hoop-earrings-60298405,SINGLETON_PARENT|NONSTANDARD_HANDLE
MIM-T-meteor-hoop-earrings,Meteor Hoop Earrings,Ear,meteor-hoop-earrings-60294706-901,Silver,1,Y,Meteor Hoop Earrings,,,39,No Size,,gid://shopify/Product/7986500567130,meteor-hoop-earrings-60294706,SINGLETON_PARENT|NONSTANDARD_HANDLE
MIM-T-meteor-hoop-earrings,Meteor Hoop Earrings,Ear,meteor-hoop-earrings-60294778-908,Gold,2,Y,Meteor Hoop Earrings,,,49,No Size,,gid://shopify/Product/7986507579482,meteor-hoop-earrings-60294778,SINGLETON_PARENT|NONSTANDARD_HANDLE
MIM-T-miami-pave-stud-earrings,Miami Pave Stud Earrings,Ear,miami-pave-stud-earrings-60291805-9570,Rose Gold,1,Y,Miami Pave Stud Earrings,,,19,No Size,,gid://shopify/Product/7986325192794,miami-pave-stud-earrings-60291805,SINGLETON_PARENT|NONSTANDARD_HANDLE
MIM-T-miami-pave-stud-earrings,Miami Pave Stud Earrings,Ear,miami-pave-stud-earrings-60291806-9573,Multicolour,2,Y,Miami Pave Stud Earrings,,,19,No Size,,gid://shopify/Product/7986325389402,miami-pave-stud-earrings-60291806,SINGLETON_PARENT|NONSTANDARD_HANDLE
MIM-T-mim-classics-earrings-pack,Mim Classics Earrings Pack,Ear,mim-classics-earrings-pack-60321419-908,Gold,1,Y,Mim Classics Earrings Pack,,,99.95,No Size,,gid://shopify/Product/7986428248154,mim-classics-earrings-pack-60321419,SINGLETON_PARENT|NONSTANDARD_HANDLE
MIM-T-mim-classics-earrings-pack,Mim Classics Earrings Pack,Ear,mim-classics-earrings-pack-60321420-9570,Rose Gold,2,Y,Mim Classics Earrings Pack,,,99.95,No Size,,gid://shopify/Product/7986428379226,mim-classics-earrings-pack-60321420,SINGLETON_PARENT|NONSTANDARD_HANDLE
MIM-T-mimco-heart-cluster-stud-earrings,Mimco Heart Cluster Stud Earrings,Ear,mimco-heart-cluster-stud-earrings-60314660-908,Gold,1,Y,Mimco Heart Cluster Stud Earrings,,,29,No Size,,gid://shopify/Product/7986399805530,mimco-heart-cluster-stud-earrings-60314660,SINGLETON_PARENT|NONSTANDARD_HANDLE
MIM-T-mimco-heart-cluster-stud-earrings,Mimco Heart Cluster Stud Earrings,Ear,mimco-heart-cluster-stud-earrings-60314661-901,Silver,2,Y,Mimco Heart Cluster Stud Earrings,,,29,No Size,,gid://shopify/Product/7986399969370,mimco-heart-cluster-stud-earrings-60314661,SINGLETON_PARENT|NONSTANDARD_HANDLE
MIM-T-mimco-heart-cluster-stud-earrings,Mimco Heart Cluster Stud Earrings,Ear,mimco-heart-cluster-stud-earrings-60314662-9570,Rose Gold,3,Y,Mimco Heart Cluster Stud Earrings,,,29,No Size,,gid://shopify/Product/7986400133210,mimco-heart-cluster-stud-earrings-60314662,SINGLETON_PARENT|NONSTANDARD_HANDLE
MIM-T-mini-enamel-hoop-earrings,Mini Enamel Hoop Earrings,Ear,mini-enamel-hoop-earrings-60313742-657,Petal,1,Y,Mini Enamel Hoop Earrings,,,39,No Size,,gid://shopify/Product/7986389614682,mini-enamel-hoop-earrings-60313742,SINGLETON_PARENT|NONSTANDARD_HANDLE
MIM-T-mini-enamel-hoop-earrings,Mini Enamel Hoop Earrings,Ear,mini-enamel-hoop-earrings-60313743-1,Black,2,Y,Mini Enamel Hoop Earrings,,,39,No Size,,gid://shopify/Product/7986389778522,mini-enamel-hoop-earrings-60313743,SINGLETON_PARENT|NONSTANDARD_HANDLE
MIM-T-mini-mim-sterling-silver-single-pin-earring,Mini Mim Sterling Silver Single Pin Earring,Ear,mini-mim-sterling-silver-single-pin-earring-60274293-9570,Rose Gold,1,Y,Mini Mim Sterling Silver Single Pin Earring,,,35,No Size,,gid://shopify/Product/7986290622554,mini-mim-sterling-silver-single-pin-earring-60274293,SINGLETON_PARENT|NONSTANDARD_HANDLE
MIM-T-mini-mim-sterling-silver-single-pin-earring,Mini Mim Sterling Silver Single Pin Earring,Ear,mini-mim-sterling-silver-single-pin-earring-60274295-908,Gold,2,Y,Mini Mim Sterling Silver Single Pin Earring,,,29,No Size,,gid://shopify/Product/7986287575130,mini-mim-sterling-silver-single-pin-earring-60274295,SINGLETON_PARENT|NONSTANDARD_HANDLE
MIM-T-mini-mim-sterling-silver-single-stud-earring,Mini Mim Sterling Silver Single Stud Earring,Ear,mini-mim-sterling-silver-single-stud-earring-60273115-9570,Rose Gold,1,Y,Mini Mim Sterling Silver Single Stud Earring,,,19,No Size,,gid://shopify/Product/7986287509594,mini-mim-sterling-silver-single-stud-earring-60273115,SINGLETON_PARENT|NONSTANDARD_HANDLE
MIM-T-mini-mim-sterling-silver-single-stud-earring,Mini Mim Sterling Silver Single Stud Earring,Ear,mini-mim-sterling-silver-single-stud-earring-60273175-901,Silver,2,Y,Mini Mim Sterling Silver Single Stud Earring,,,19,No Size,,gid://shopify/Product/7986287837274,mini-mim-sterling-silver-single-stud-earring-60273175,SINGLETON_PARENT|NONSTANDARD_HANDLE
MIM-T-mirage-hoop-earrings,Mirage Hoop Earrings,Ear,mirage-hoop-earrings-60307098-9570,Rose Gold,1,Y,Mirage Hoop Earrings,,,39,No Size,,gid://shopify/Product/7986353864794,mirage-hoop-earrings-60307098,SINGLETON_PARENT|NONSTANDARD_HANDLE
MIM-T-mirage-hoop-earrings,Mirage Hoop Earrings,Ear,mirage-hoop-earrings-60302743-908,Gold,2,Y,Mirage Hoop Earrings,,,39,No Size,,gid://shopify/Product/7986528976986,mirage-hoop-earrings-60302743,SINGLETON_PARENT|NONSTANDARD_HANDLE
MIM-T-miss-mim-hoop-earrings,Miss Mim Hoop Earrings,Ear,miss-mim-hoop-earrings-60310984-908,Gold,1,Y,Miss Mim Hoop Earrings,,,29,No Size,,gid://shopify/Product/7986377130074,miss-mim-hoop-earrings-60310984,SINGLETON_PARENT|NONSTANDARD_HANDLE
MIM-T-miss-mim-hoop-earrings,Miss Mim Hoop Earrings,Ear,miss-mim-hoop-earrings-60310985-9570,Rose Gold,2,Y,Miss Mim Hoop Earrings,,,29,No Size,,gid://shopify/Product/7986377261146,miss-mim-hoop-earrings-60310985,SINGLETON_PARENT|NONSTANDARD_HANDLE
MIM-T-miss-mim-hoop-earrings,Miss Mim Hoop Earrings,Ear,miss-mim-hoop-earrings-60310986-901,Silver,3,Y,Miss Mim Hoop Earrings,,,29,No Size,,gid://shopify/Product/7986377392218,miss-mim-hoop-earrings-60310986,SINGLETON_PARENT|NONSTANDARD_HANDLE
MIM-T-mod-stud-earrings,Mod Stud Earrings,Ear,mod-stud-earrings-60285168-1,Black,1,Y,Mod Stud Earrings,,,19,No Size,,gid://shopify/Product/7986306449498,mod-stud-earrings-60285168,SINGLETON_PARENT|NONSTANDARD_HANDLE|PRICE_VARIANCE
MIM-T-mod-stud-earrings,Mod Stud Earrings,Ear,mod-stud-earrings-60290074-4347,Chalk Blue,2,Y,Mod Stud Earrings,,,29,No Size,,gid://shopify/Product/7986316836954,mod-stud-earrings-60290074,SINGLETON_PARENT|NONSTANDARD_HANDLE|PRICE_VARIANCE
MIM-T-mod-stud-earrings,Mod Stud Earrings,Ear,mod-stud-earrings-60290075-6513,Sweet Pink,3,Y,Mod Stud Earrings,,,29,No Size,,gid://shopify/Product/7986316968026,mod-stud-earrings-60290075,SINGLETON_PARENT|NONSTANDARD_HANDLE|PRICE_VARIANCE
MIM-T-mystique-earrings-duo-set,Mystique Earrings Duo Set,Ear,mystique-earrings-duo-set-60302695-901,Silver,1,Y,Mystique Earrings Duo Set,,,39,No Size,,gid://shopify/Product/7986528223322,mystique-earrings-duo-set-60302695,SINGLETON_PARENT|NONSTANDARD_HANDLE
MIM-T-mystique-earrings-duo-set,Mystique Earrings Duo Set,Ear,mystique-earrings-duo-set-60302696-908,Gold,2,Y,Mystique Earrings Duo Set,,,39,No Size,,gid://shopify/Product/7986528354394,mystique-earrings-duo-set-60302696,SINGLETON_PARENT|NONSTANDARD_HANDLE
MIM-T-mythical-stud-earrings,Mythical Stud Earrings,Ear,mythical-stud-earrings-60276253-2351,Almond,1,Y,Mythical Stud Earrings,,,35,No Size,,gid://shopify/Product/7986290851930,mythical-stud-earrings-60276253,SINGLETON_PARENT|NONSTANDARD_HANDLE
MIM-T-mythical-stud-earrings,Mythical Stud Earrings,Ear,mythical-stud-earrings-60276254-9573,Multicolour,2,Y,Mythical Stud Earrings,,,35,No Size,,gid://shopify/Product/7986290983002,mythical-stud-earrings-60276254,SINGLETON_PARENT|NONSTANDARD_HANDLE
MIM-T-nevada-stud-earrings,Nevada Stud Earrings,Ear,nevada-stud-earrings-60297119-124,Pancake,1,Y,Nevada Stud Earrings,,,29,No Size,,gid://shopify/Product/7986330730586,nevada-stud-earrings-60297119,SINGLETON_PARENT|NONSTANDARD_HANDLE
MIM-T-nevada-stud-earrings,Nevada Stud Earrings,Ear,nevada-stud-earrings-60295037-1,Black,2,Y,Nevada Stud Earrings,,,29,No Size,,gid://shopify/Product/7986511642714,nevada-stud-earrings-60295037,SINGLETON_PARENT|NONSTANDARD_HANDLE
MIM-T-nimbus-charm-hoop-earrings,Nimbus Charm Hoop Earrings,Ear,nimbus-charm-hoop-earrings-60319318-901,Silver,1,Y,Nimbus Charm Hoop Earrings,,,129.95,No Size,,gid://shopify/Product/7986417664090,nimbus-charm-hoop-earrings-60319318,SINGLETON_PARENT|NONSTANDARD_HANDLE
MIM-T-nimbus-charm-hoop-earrings,Nimbus Charm Hoop Earrings,Ear,nimbus-charm-hoop-earrings-60319319-908,Gold,2,Y,Nimbus Charm Hoop Earrings,,,129.95,No Size,,gid://shopify/Product/7986417827930,nimbus-charm-hoop-earrings-60319319,SINGLETON_PARENT|NONSTANDARD_HANDLE
MIM-T-nimbus-earrings-set,Nimbus Earrings Set,Ear,nimbus-earrings-set-60319314-908,Gold,1,Y,Nimbus Earrings Set,,,149.95,No Size,,gid://shopify/Product/7986417238106,nimbus-earrings-set-60319314,SINGLETON_PARENT|NONSTANDARD_HANDLE
MIM-T-nimbus-earrings-set,Nimbus Earrings Set,Ear,nimbus-earrings-set-60319315-9570,Rose Gold,2,Y,Nimbus Earrings Set,,,149.95,No Size,,gid://shopify/Product/7986417369178,nimbus-earrings-set-60319315,SINGLETON_PARENT|NONSTANDARD_HANDLE
MIM-T-nimbus-earrings-set,Nimbus Earrings Set,Ear,nimbus-earrings-set-60319316-901,Silver,3,Y,Nimbus Earrings Set,,,149.95,No Size,,gid://shopify/Product/7986417533018,nimbus-earrings-set-60319316,SINGLETON_PARENT|NONSTANDARD_HANDLE
MIM-T-nimbus-huggie-hoop-earrings,Nimbus Huggie Hoop Earrings,Ear,nimbus-huggie-hoop-earrings-60319320-908,Gold,1,Y,Nimbus Huggie Hoop Earrings,,,99.95,No Size,,gid://shopify/Product/7986417991770,nimbus-huggie-hoop-earrings-60319320,SINGLETON_PARENT|NONSTANDARD_HANDLE
MIM-T-nimbus-huggie-hoop-earrings,Nimbus Huggie Hoop Earrings,Ear,nimbus-huggie-hoop-earrings-60319322-901,Silver,2,Y,Nimbus Huggie Hoop Earrings,,,99.95,No Size,,gid://shopify/Product/7986418221146,nimbus-huggie-hoop-earrings-60319322,SINGLETON_PARENT|NONSTANDARD_HANDLE
MIM-T-on-the-rocks-huggie-hoop-earrings,On the Rocks Huggie Hoop Earrings,Ear,on-the-rocks-huggie-hoop-earrings-60298339-908,Gold,1,Y,On the Rocks Huggie Hoop Earrings,,,39,No Size,,gid://shopify/Product/7986333089882,on-the-rocks-huggie-hoop-earrings-60298339,SINGLETON_PARENT|NONSTANDARD_HANDLE
MIM-T-on-the-rocks-huggie-hoop-earrings,On the Rocks Huggie Hoop Earrings,Ear,on-the-rocks-huggie-hoop-earrings-60298341-268,Cognac,2,Y,On the Rocks Huggie Hoop Earrings,,,,No Size,,gid://shopify/Product/7986333384794,on-the-rocks-huggie-hoop-earrings-60298341,SINGLETON_PARENT|NONSTANDARD_HANDLE
MIM-T-on-the-rocks-large-stud-earrings,On the Rocks Large Stud Earrings,Ear,on-the-rocks-large-stud-earrings-60298344-908,Gold,1,Y,On the Rocks Large Stud Earrings,,,39,No Size,,gid://shopify/Product/7986333515866,on-the-rocks-large-stud-earrings-60298344,SINGLETON_PARENT|NONSTANDARD_HANDLE
MIM-T-on-the-rocks-large-stud-earrings,On the Rocks Large Stud Earrings,Ear,on-the-rocks-large-stud-earrings-60298345-268,Cognac,2,Y,On the Rocks Large Stud Earrings,,,29,No Size,,gid://shopify/Product/7986333614170,on-the-rocks-large-stud-earrings-60298345,SINGLETON_PARENT|NONSTANDARD_HANDLE
MIM-T-oracle-stud,Oracle Stud,Ear,oracle-stud-60325329-382,Mint,1,Y,Oracle Stud,,,49.95,No Size,,gid://shopify/Product/7986536579162,oracle-stud-60325329,SINGLETON_PARENT|NONSTANDARD_HANDLE
MIM-T-oracle-stud,Oracle Stud,Ear,oracle-stud-60325322-993,Fuchsia,2,Y,Oracle Stud,,,49.95,No Size,,gid://shopify/Product/7986536120410,oracle-stud-60325322,SINGLETON_PARENT|NONSTANDARD_HANDLE
MIM-T-orbit-stud-earrings,Orbit Stud Earrings,Ear,orbit-stud-earrings-60294695-1625,Crystal,1,Y,Orbit Stud Earrings,,,19,No Size,,gid://shopify/Product/7986506793050,orbit-stud-earrings-60294695,SINGLETON_PARENT|NONSTANDARD_HANDLE|DUPLICATE_COLOUR|SIZE_SCALE_DIFF|PRICE_VARIANCE
MIM-T-orbit-stud-earrings,Orbit Stud Earrings,Ear,orbit-stud-earrings-60294777-908,Gold,2,Y,Orbit Stud Earrings,,,19,No Size,,gid://shopify/Product/7986507415642,orbit-stud-earrings-60294777,SINGLETON_PARENT|NONSTANDARD_HANDLE|DUPLICATE_COLOUR|SIZE_SCALE_DIFF|PRICE_VARIANCE
MIM-T-orbit-stud-earrings,Orbit Stud Earrings,Ear,orbit-stud-earrings-60294784-174,Pink,3,Y,Orbit Stud Earrings,,,29,No Size,,gid://shopify/Product/7986508169306,orbit-stud-earrings-60294784,SINGLETON_PARENT|NONSTANDARD_HANDLE|DUPLICATE_COLOUR|SIZE_SCALE_DIFF|PRICE_VARIANCE
MIM-T-orbit-stud-earrings,Orbit Stud Earrings,Ear,orbit-stud-earrings-60296690-7812,Electric Pink,4,Y,Orbit Stud Earrings,,,25,One Size,,gid://shopify/Product/7986513707098,orbit-stud-earrings-60296690,SINGLETON_PARENT|NONSTANDARD_HANDLE|DUPLICATE_COLOUR|SIZE_SCALE_DIFF|PRICE_VARIANCE
MIM-T-orbit-stud-earrings,Orbit Stud Earrings,Ear,orbit-stud-earrings-60296692-908,Gold,5,Y,Orbit Stud Earrings,,,25,One Size,,gid://shopify/Product/7986514296922,orbit-stud-earrings-60296692,SINGLETON_PARENT|NONSTANDARD_HANDLE|DUPLICATE_COLOUR|SIZE_SCALE_DIFF|PRICE_VARIANCE
MIM-T-orchestra-stud-earrings,Orchestra Stud Earrings,Ear,orchestra-stud-earrings-60256184-9413,Primrose,1,Y,Orchestra Stud Earrings,,,49,No Size,,gid://shopify/Product/7986271027290,orchestra-stud-earrings-60256184,SINGLETON_PARENT|NONSTANDARD_HANDLE
MIM-T-orchestra-stud-earrings,Orchestra Stud Earrings,Ear,orchestra-stud-earrings-60256185-444,Cyber Blue,2,Y,Orchestra Stud Earrings,,,49,No Size,,gid://shopify/Product/7986271256666,orchestra-stud-earrings-60256185,SINGLETON_PARENT|NONSTANDARD_HANDLE
MIM-T-ornate-stud-earring,Ornate Stud Earring,Ear,ornate-stud-earring-60256766-9570,Rose Gold,1,Y,Ornate Stud Earring,,,10,No Size,,gid://shopify/Product/7986271322202,ornate-stud-earring-60256766,SINGLETON_PARENT|NONSTANDARD_HANDLE
MIM-T-ornate-stud-earring,Ornate Stud Earring,Ear,ornate-stud-earring-60256769-908,Gold,2,Y,Ornate Stud Earring,,,10,No Size,,gid://shopify/Product/7986271518810,ornate-stud-earring-60256769,SINGLETON_PARENT|NONSTANDARD_HANDLE
MIM-T-paradisal-double-hoop-earrings,Paradisal Double Hoop Earrings,Ear,paradisal-double-hoop-earrings-60294719-9570,Rose Gold,1,Y,Paradisal Double Hoop Earrings,,,49,No Size,,gid://shopify/Product/7986501845082,paradisal-double-hoop-earrings-60294719,SINGLETON_PARENT|NONSTANDARD_HANDLE
MIM-T-paradisal-double-hoop-earrings,Paradisal Double Hoop Earrings,Ear,paradisal-double-hoop-earrings-60294763-908,Gold,2,Y,Paradisal Double Hoop Earrings,,,49,No Size,,gid://shopify/Product/7986505678938,paradisal-double-hoop-earrings-60294763,SINGLETON_PARENT|NONSTANDARD_HANDLE
MIM-T-passionate-heart-hoop-earrings,Passionate Heart Hoop Earrings,Ear,passionate-heart-hoop-earrings-60302464-908,Gold,1,Y,Passionate Heart Hoop Earrings,,,39,No Size,,gid://shopify/Product/7986527600730,passionate-heart-hoop-earrings-60302464,SINGLETON_PARENT|NONSTANDARD_HANDLE
MIM-T-passionate-heart-hoop-earrings,Passionate Heart Hoop Earrings,Ear,passionate-heart-hoop-earrings-60302465-901,Silver,2,Y,Passionate Heart Hoop Earrings,,,39,No Size,,gid://shopify/Product/7986527633498,passionate-heart-hoop-earrings-60302465,SINGLETON_PARENT|NONSTANDARD_HANDLE
MIM-T-passionate-heart-hoop-earrings,Passionate Heart Hoop Earrings,Ear,passionate-heart-hoop-earrings-60302466-9570,Rose Gold,3,Y,Passionate Heart Hoop Earrings,,,39,No Size,,gid://shopify/Product/7986527666266,passionate-heart-hoop-earrings-60302466,SINGLETON_PARENT|NONSTANDARD_HANDLE
MIM-T-pearlina-double-hoop-earrings,Pearlina Double Hoop Earrings,Ear,pearlina-double-hoop-earrings-60308182-185,Dark Olive,1,Y,Pearlina Double Hoop Earrings,,,29,No Size,,gid://shopify/Product/7986365071450,pearlina-double-hoop-earrings-60308182,SINGLETON_PARENT|NONSTANDARD_HANDLE
MIM-T-pearlina-double-hoop-earrings,Pearlina Double Hoop Earrings,Ear,pearlina-double-hoop-earrings-60308183-9599,Fawn,2,Y,Pearlina Double Hoop Earrings,,,39,No Size,,gid://shopify/Product/7986361794650,pearlina-double-hoop-earrings-60308183,SINGLETON_PARENT|NONSTANDARD_HANDLE
MIM-T-pearlina-double-hoop-earrings,Pearlina Double Hoop Earrings,Ear,pearlina-double-hoop-earrings-60308184-84,Pearl,3,Y,Pearlina Double Hoop Earrings,,,39,No Size,,gid://shopify/Product/7986361925722,pearlina-double-hoop-earrings-60308184,SINGLETON_PARENT|NONSTANDARD_HANDLE
MIM-T-pelle-hoop-earrings,Pelle Hoop Earrings,Ear,pelle-hoop-earrings-60302732-908,Gold,1,Y,Pelle Hoop Earrings,,,39,No Size,,gid://shopify/Product/7986533662810,pelle-hoop-earrings-60302732,SINGLETON_PARENT|NONSTANDARD_HANDLE
MIM-T-pelle-hoop-earrings,Pelle Hoop Earrings,Ear,pelle-hoop-earrings-60302733-901,Silver,2,Y,Pelle Hoop Earrings,,,39,No Size,,gid://shopify/Product/7986533826650,pelle-hoop-earrings-60302733,SINGLETON_PARENT|NONSTANDARD_HANDLE
MIM-T-pirouette-earrings-trio-set,Pirouette Earrings Trio Set,Ear,pirouette-earrings-trio-set-60302692-901,Silver,1,Y,Pirouette Earrings Trio Set,,,29,No Size,,gid://shopify/Product/7986534514778,pirouette-earrings-trio-set-60302692,SINGLETON_PARENT|NONSTANDARD_HANDLE
MIM-T-pirouette-earrings-trio-set,Pirouette Earrings Trio Set,Ear,pirouette-earrings-trio-set-60302693-908,Gold,2,Y,Pirouette Earrings Trio Set,,,29,No Size,,gid://shopify/Product/7986527895642,pirouette-earrings-trio-set-60302693,SINGLETON_PARENT|NONSTANDARD_HANDLE
MIM-T-pirouette-earrings-trio-set,Pirouette Earrings Trio Set,Ear,pirouette-earrings-trio-set-60302694-9570,Rose Gold,3,Y,Pirouette Earrings Trio Set,,,29,No Size,,gid://shopify/Product/7986528092250,pirouette-earrings-trio-set-60302694,SINGLETON_PARENT|NONSTANDARD_HANDLE
MIM-T-promenade-earrings,Promenade Earrings,Ear,promenade-earrings-60323092-901,Silver,1,Y,Promenade Earrings,,,89.95,No Size,,gid://shopify/Product/7986431492186,promenade-earrings-60323092,SINGLETON_PARENT|NONSTANDARD_HANDLE
MIM-T-promenade-earrings,Promenade Earrings,Ear,promenade-earrings-60323093-908,Gold,2,Y,Promenade Earrings,,,89.95,No Size,,gid://shopify/Product/7986431721562,promenade-earrings-60323093,SINGLETON_PARENT|NONSTANDARD_HANDLE
MIM-T-pulse-hoop-earrings,Pulse Hoop Earrings,Ear,pulse-hoop-earrings-60301941-908,Gold,1,Y,Pulse Hoop Earrings,,,29,No Size,,gid://shopify/Product/7986526388314,pulse-hoop-earrings-60301941,SINGLETON_PARENT|NONSTANDARD_HANDLE
MIM-T-pulse-hoop-earrings,Pulse Hoop Earrings,Ear,pulse-hoop-earrings-60301944-901,Silver,2,Y,Pulse Hoop Earrings,,,29,No Size,,gid://shopify/Product/7986526552154,pulse-hoop-earrings-60301944,SINGLETON_PARENT|NONSTANDARD_HANDLE
MIM-T-purete-charm-hoop-earrings,Purete Charm Hoop Earrings,Ear,purete-charm-hoop-earrings-60302356-908,Gold,1,Y,Purete Charm Hoop Earrings,,,119.95,No Size,,gid://shopify/Product/7986524029018,purete-charm-hoop-earrings-60302356,SINGLETON_PARENT|NONSTANDARD_HANDLE
MIM-T-purete-charm-hoop-earrings,Purete Charm Hoop Earrings,Ear,purete-charm-hoop-earrings-60302358-901,Silver,2,Y,Purete Charm Hoop Earrings,,,99.95,No Size,,gid://shopify/Product/7986524192858,purete-charm-hoop-earrings-60302358,SINGLETON_PARENT|NONSTANDARD_HANDLE
MIM-T-put-a-bow-on-it-stud-earrings,Put a Bow on It Stud Earrings,Ear,put-a-bow-on-it-stud-earrings-60306535-908,Gold,1,Y,Put a Bow on It Stud Earrings,,,29,No Size,,gid://shopify/Product/7986348818522,put-a-bow-on-it-stud-earrings-60306535,SINGLETON_PARENT|NONSTANDARD_HANDLE
MIM-T-put-a-bow-on-it-stud-earrings,Put a Bow on It Stud Earrings,Ear,put-a-bow-on-it-stud-earrings-60306536-9570,Rose Gold,2,Y,Put a Bow on It Stud Earrings,,,29,No Size,,gid://shopify/Product/7986349015130,put-a-bow-on-it-stud-earrings-60306536,SINGLETON_PARENT|NONSTANDARD_HANDLE
MIM-T-raze-stud-earrings,Raze Stud Earrings,Ear,raze-stud-earrings-60297116-9570,Rose Gold,1,Y,Raze Stud Earrings,,,35,One Size,,gid://shopify/Product/7986330206298,raze-stud-earrings-60297116,SINGLETON_PARENT|NONSTANDARD_HANDLE
MIM-T-raze-stud-earrings,Raze Stud Earrings,Ear,raze-stud-earrings-60296737-901,Silver,2,Y,Raze Stud Earrings,,,35,One Size,,gid://shopify/Product/7986519375962,raze-stud-earrings-60296737,SINGLETON_PARENT|NONSTANDARD_HANDLE
MIM-T-refina-drop-ear,Refina Drop Ear,Ear,refina-drop-ear-60325290-9573,Multicolour,1,Y,Refina Drop Ear,,,69.95,No Size,,gid://shopify/Product/7986537824346,refina-drop-ear-60325290,SINGLETON_PARENT|NONSTANDARD_HANDLE
MIM-T-refina-drop-ear,Refina Drop Ear,Ear,refina-drop-ear-60325291-974,Caramel,2,Y,Refina Drop Ear,,,69.95,No Size,,gid://shopify/Product/7986537955418,refina-drop-ear-60325291,SINGLETON_PARENT|NONSTANDARD_HANDLE
MIM-T-refina-lrg-hoop,Refina Lrg Hoop,Ear,refina-lrg-hoop-60325294-9573,Multicolour,1,Y,Refina Lrg Hoop,,,89.95,No Size,,gid://shopify/Product/7986538414170,refina-lrg-hoop-60325294,SINGLETON_PARENT|NONSTANDARD_HANDLE
MIM-T-refina-lrg-hoop,Refina Lrg Hoop,Ear,refina-lrg-hoop-60325295-974,Caramel,2,Y,Refina Lrg Hoop,,,89.95,No Size,,gid://shopify/Product/7986538610778,refina-lrg-hoop-60325295,SINGLETON_PARENT|NONSTANDARD_HANDLE
MIM-T-refina-sml-hoop,Refina Sml Hoop,Ear,refina-sml-hoop-60325292-9573,Multicolour,1,Y,Refina Sml Hoop,,,59.95,No Size,,gid://shopify/Product/7986538119258,refina-sml-hoop-60325292,SINGLETON_PARENT|NONSTANDARD_HANDLE
MIM-T-refina-sml-hoop,Refina Sml Hoop,Ear,refina-sml-hoop-60325293-974,Caramel,2,Y,Refina Sml Hoop,,,59.95,No Size,,gid://shopify/Product/7986538283098,refina-sml-hoop-60325293,SINGLETON_PARENT|NONSTANDARD_HANDLE
MIM-T-reflect-stud-earrings,Reflect Stud Earrings,Ear,reflect-stud-earrings-60310750-908,Gold,1,Y,Reflect Stud Earrings,,,29,No Size,,gid://shopify/Product/7986376114266,reflect-stud-earrings-60310750,SINGLETON_PARENT|NONSTANDARD_HANDLE
MIM-T-reflect-stud-earrings,Reflect Stud Earrings,Ear,reflect-stud-earrings-60310751-901,Silver,2,Y,Reflect Stud Earrings,,,29,No Size,,gid://shopify/Product/7986376245338,reflect-stud-earrings-60310751,SINGLETON_PARENT|NONSTANDARD_HANDLE
MIM-T-reflect-stud-earrings,Reflect Stud Earrings,Ear,reflect-stud-earrings-60310752-9570,Rose Gold,3,Y,Reflect Stud Earrings,,,29,No Size,,gid://shopify/Product/7986376409178,reflect-stud-earrings-60310752,SINGLETON_PARENT|NONSTANDARD_HANDLE
MIM-T-reflection-hoop-earrings,Reflection Hoop Earrings,Ear,reflection-hoop-earrings-60278856-9570,Rose Gold,1,Y,Reflection Hoop Earrings,,,49,No Size,,gid://shopify/Product/7986296946778,reflection-hoop-earrings-60278856,SINGLETON_PARENT|NONSTANDARD_HANDLE
MIM-T-reflection-hoop-earrings,Reflection Hoop Earrings,Ear,reflection-hoop-earrings-60278857-901,Silver,2,Y,Reflection Hoop Earrings,,,49,No Size,,gid://shopify/Product/7986297110618,reflection-hoop-earrings-60278857,SINGLETON_PARENT|NONSTANDARD_HANDLE
MIM-T-reflection-hoop-earrings,Reflection Hoop Earrings,Ear,reflection-hoop-earrings-60278858-908,Gold,3,Y,Reflection Hoop Earrings,,,49,No Size,,gid://shopify/Product/7986297241690,reflection-hoop-earrings-60278858,SINGLETON_PARENT|NONSTANDARD_HANDLE
MIM-T-reflection-stud-earrings,Reflection Stud Earrings,Ear,reflection-stud-earrings-60278850-901,Silver,1,Y,Reflection Stud Earrings,,,39,No Size,,gid://shopify/Product/7986296356954,reflection-stud-earrings-60278850,SINGLETON_PARENT|NONSTANDARD_HANDLE
MIM-T-reflection-stud-earrings,Reflection Stud Earrings,Ear,reflection-stud-earrings-60278849-9570,Rose Gold,2,Y,Reflection Stud Earrings,,,39,No Size,,gid://shopify/Product/7986296193114,reflection-stud-earrings-60278849,SINGLETON_PARENT|NONSTANDARD_HANDLE
MIM-T-reflective-drop-earrings,Reflective Drop Earrings,Ear,reflective-drop-earrings-60296673-908,Gold,1,Y,Reflective Drop Earrings,,,39,No Size,,gid://shopify/Product/7986511478874,reflective-drop-earrings-60296673,SINGLETON_PARENT|NONSTANDARD_HANDLE
MIM-T-reflective-drop-earrings,Reflective Drop Earrings,Ear,reflective-drop-earrings-60296675-7812,Electric Pink,2,Y,Reflective Drop Earrings,,,39,No Size,,gid://shopify/Product/7986511675482,reflective-drop-earrings-60296675,SINGLETON_PARENT|NONSTANDARD_HANDLE
MIM-T-reflective-ear-cuff-set,Reflective Ear Cuff Set,Ear,reflective-ear-cuff-set-60296658-7812,Electric Pink,1,Y,Reflective Ear Cuff Set,,,19,No Size,,gid://shopify/Product/7986509480026,reflective-ear-cuff-set-60296658,SINGLETON_PARENT|NONSTANDARD_HANDLE|PRICE_VARIANCE
MIM-T-reflective-ear-cuff-set,Reflective Ear Cuff Set,Ear,reflective-ear-cuff-set-60296659-358,Green,2,Y,Reflective Ear Cuff Set,,,29,No Size,,gid://shopify/Product/7986509643866,reflective-ear-cuff-set-60296659,SINGLETON_PARENT|NONSTANDARD_HANDLE|PRICE_VARIANCE
MIM-T-reflective-earrings,Reflective Earrings,Ear,reflective-earrings-60296653-7812,Electric Pink,1,Y,Reflective Earrings,,,39,No Size,,gid://shopify/Product/7986508890202,reflective-earrings-60296653,SINGLETON_PARENT|NONSTANDARD_HANDLE|PRICE_VARIANCE
MIM-T-reflective-earrings,Reflective Earrings,Ear,reflective-earrings-60296654-358,Green,2,Y,Reflective Earrings,,,69,No Size,,gid://shopify/Product/7986509054042,reflective-earrings-60296654,SINGLETON_PARENT|NONSTANDARD_HANDLE|PRICE_VARIANCE
MIM-T-reflective-pearl-hoop-earrings,Reflective Pearl Hoop Earrings,Ear,reflective-pearl-hoop-earrings-60296661-901,Silver,1,Y,Reflective Pearl Hoop Earrings,,,39,No Size,,gid://shopify/Product/7986509971546,reflective-pearl-hoop-earrings-60296661,SINGLETON_PARENT|NONSTANDARD_HANDLE
MIM-T-reflective-pearl-hoop-earrings,Reflective Pearl Hoop Earrings,Ear,reflective-pearl-hoop-earrings-60296662-908,Gold,2,Y,Reflective Pearl Hoop Earrings,,,49,No Size,,gid://shopify/Product/7986510168154,reflective-pearl-hoop-earrings-60296662,SINGLETON_PARENT|NONSTANDARD_HANDLE
MIM-T-reflective-stud-earrings,Reflective Stud Earrings,Ear,reflective-stud-earrings-60296655-358,Green,1,Y,Reflective Stud Earrings,,,19,No Size,,gid://shopify/Product/7986509217882,reflective-stud-earrings-60296655,SINGLETON_PARENT|NONSTANDARD_HANDLE
MIM-T-reflective-stud-earrings,Reflective Stud Earrings,Ear,reflective-stud-earrings-60296657-7812,Electric Pink,2,Y,Reflective Stud Earrings,,,19,No Size,,gid://shopify/Product/7986509348954,reflective-stud-earrings-60296657,SINGLETON_PARENT|NONSTANDARD_HANDLE
MIM-T-reflective-stud-earrings-set,Reflective Stud Earrings Set,Ear,reflective-stud-earrings-set-60291814-908,Gold,1,Y,Reflective Stud Earrings Set,,,49,No Size,,gid://shopify/Product/7986325553242,reflective-stud-earrings-set-60291814,SINGLETON_PARENT|NONSTANDARD_HANDLE
MIM-T-reflective-stud-earrings-set,Reflective Stud Earrings Set,Ear,reflective-stud-earrings-set-60291815-9570,Rose Gold,2,Y,Reflective Stud Earrings Set,,,49,No Size,,gid://shopify/Product/7986325749850,reflective-stud-earrings-set-60291815,SINGLETON_PARENT|NONSTANDARD_HANDLE
MIM-T-reminiscent-duo-hoop-earrings,Reminiscent Duo Hoop Earrings,Ear,reminiscent-duo-hoop-earrings-60291758-908,Gold,1,Y,Reminiscent Duo Hoop Earrings,,,29,No Size,,gid://shopify/Product/7986322276442,reminiscent-duo-hoop-earrings-60291758,SINGLETON_PARENT|NONSTANDARD_HANDLE
MIM-T-reminiscent-duo-hoop-earrings,Reminiscent Duo Hoop Earrings,Ear,reminiscent-duo-hoop-earrings-60292560-901,Silver,2,Y,Reminiscent Duo Hoop Earrings,,,29,No Size,,gid://shopify/Product/7986503319642,reminiscent-duo-hoop-earrings-60292560,SINGLETON_PARENT|NONSTANDARD_HANDLE
MIM-T-resonance-pop-stud-earrings,Resonance Pop Stud Earrings,Ear,resonance-pop-stud-earrings-60316416-657,Petal,1,Y,Resonance Pop Stud Earrings,,,19,No Size,,gid://shopify/Product/7986406555738,resonance-pop-stud-earrings-60316416,SINGLETON_PARENT|NONSTANDARD_HANDLE
MIM-T-resonance-pop-stud-earrings,Resonance Pop Stud Earrings,Ear,resonance-pop-stud-earrings-60316424-126,Vanilla,2,Y,Resonance Pop Stud Earrings,,,24,No Size,,gid://shopify/Product/7986407080026,resonance-pop-stud-earrings-60316424,SINGLETON_PARENT|NONSTANDARD_HANDLE
MIM-T-revive-stud-earrings,Revive Stud Earrings,Ear,revive-stud-earrings-60291763-9570,Rose Gold,1,Y,Revive Stud Earrings,,,29,No Size,,gid://shopify/Product/7986322604122,revive-stud-earrings-60291763,SINGLETON_PARENT|NONSTANDARD_HANDLE
MIM-T-revive-stud-earrings,Revive Stud Earrings,Ear,revive-stud-earrings-60291764-901,Silver,2,Y,Revive Stud Earrings,,,29,No Size,,gid://shopify/Product/7986322767962,revive-stud-earrings-60291764,SINGLETON_PARENT|NONSTANDARD_HANDLE
MIM-T-revive-stud-earrings,Revive Stud Earrings,Ear,revive-stud-earrings-60291765-908,Gold,3,Y,Revive Stud Earrings,,,29,No Size,,gid://shopify/Product/7986322931802,revive-stud-earrings-60291765,SINGLETON_PARENT|NONSTANDARD_HANDLE
MIM-T-revive-stud-earrings,Revive Stud Earrings,Ear,revive-stud-earrings-60291767-100,White,4,Y,Revive Stud Earrings,,,29,No Size,,gid://shopify/Product/7986323095642,revive-stud-earrings-60291767,SINGLETON_PARENT|NONSTANDARD_HANDLE
MIM-T-rhythm-hoop-earrings,Rhythm Hoop Earrings,Ear,rhythm-hoop-earrings-60298361-908,Gold,1,Y,Rhythm Hoop Earrings,,,29,No Size,,gid://shopify/Product/7986332532826,rhythm-hoop-earrings-60298361,SINGLETON_PARENT|NONSTANDARD_HANDLE
MIM-T-rhythm-hoop-earrings,Rhythm Hoop Earrings,Ear,rhythm-hoop-earrings-60298362-901,Silver,2,Y,Rhythm Hoop Earrings,,,29,No Size,,gid://shopify/Product/7986332696666,rhythm-hoop-earrings-60298362,SINGLETON_PARENT|NONSTANDARD_HANDLE
MIM-T-riff-huggie-hoop-earrings,Riff Huggie Hoop Earrings,Ear,riff-huggie-hoop-earrings-60298363-908,Gold,1,Y,Riff Huggie Hoop Earrings,,,29,No Size,,gid://shopify/Product/7986332860506,riff-huggie-hoop-earrings-60298363,SINGLETON_PARENT|NONSTANDARD_HANDLE
MIM-T-riff-huggie-hoop-earrings,Riff Huggie Hoop Earrings,Ear,riff-huggie-hoop-earrings-60298364-901,Silver,2,Y,Riff Huggie Hoop Earrings,,,29,No Size,,gid://shopify/Product/7986333024346,riff-huggie-hoop-earrings-60298364,SINGLETON_PARENT|NONSTANDARD_HANDLE
MIM-T-riff-huggie-hoop-earrings,Riff Huggie Hoop Earrings,Ear,riff-huggie-hoop-earrings-60299042-9570,Rose Gold,3,Y,Riff Huggie Hoop Earrings,,,29,No Size,,gid://shopify/Product/7986339151962,riff-huggie-hoop-earrings-60299042,SINGLETON_PARENT|NONSTANDARD_HANDLE
MIM-T-ring-ring-stud-earrings,Ring Ring Stud Earrings,Ear,ring-ring-stud-earrings-60310625-1,Black,1,Y,Ring Ring Stud Earrings,,,29,No Size,,gid://shopify/Product/7986374213722,ring-ring-stud-earrings-60310625,SINGLETON_PARENT|NONSTANDARD_HANDLE
MIM-T-ring-ring-stud-earrings,Ring Ring Stud Earrings,Ear,ring-ring-stud-earrings-60310624-686,Ballet,2,Y,Ring Ring Stud Earrings,,,29,No Size,,gid://shopify/Product/7986374017114,ring-ring-stud-earrings-60310624,SINGLETON_PARENT|NONSTANDARD_HANDLE
MIM-T-ringlet-drop-earrings,Ringlet Drop Earrings,Ear,ringlet-drop-earrings-60269368-908,Gold,1,Y,Ringlet Drop Earrings,,,39,No Size,,gid://shopify/Product/7986282987610,ringlet-drop-earrings-60269368,SINGLETON_PARENT|NONSTANDARD_HANDLE
MIM-T-ringlet-drop-earrings,Ringlet Drop Earrings,Ear,ringlet-drop-earrings-60269369-9570,Rose Gold,2,Y,Ringlet Drop Earrings,,,39,No Size,,gid://shopify/Product/7986283151450,ringlet-drop-earrings-60269369,SINGLETON_PARENT|NONSTANDARD_HANDLE
MIM-T-rock-chick-earrings-set,Rock Chick Earrings Set,Ear,rock-chick-earrings-set-60298286-908,Gold,1,Y,Rock Chick Earrings Set,,,59,No Size,,gid://shopify/Product/7986332827738,rock-chick-earrings-set-60298286,SINGLETON_PARENT|NONSTANDARD_HANDLE
MIM-T-rock-chick-earrings-set,Rock Chick Earrings Set,Ear,rock-chick-earrings-set-60298287-901,Silver,2,Y,Rock Chick Earrings Set,,,49,No Size,,gid://shopify/Product/7986332991578,rock-chick-earrings-set-60298287,SINGLETON_PARENT|NONSTANDARD_HANDLE
MIM-T-salute-stud-earrings,Salute Stud Earrings,Ear,salute-stud-earrings-60295234-7732,Galactic Purple,1,Y,Salute Stud Earrings,,,29,No Size,,gid://shopify/Product/7986512560218,salute-stud-earrings-60295234,SINGLETON_PARENT|NONSTANDARD_HANDLE
MIM-T-salute-stud-earrings,Salute Stud Earrings,Ear,salute-stud-earrings-60295235-908,Gold,2,Y,Salute Stud Earrings,,,35,No Size,,gid://shopify/Product/7986512691290,salute-stud-earrings-60295235,SINGLETON_PARENT|NONSTANDARD_HANDLE
MIM-T-scoop-hoop-earrings,Scoop Hoop Earrings,Ear,scoop-hoop-earrings-60306889-686,Ballet,1,Y,Scoop Hoop Earrings,,,49,No Size,,gid://shopify/Product/7986354585690,scoop-hoop-earrings-60306889,SINGLETON_PARENT|NONSTANDARD_HANDLE
MIM-T-scoop-hoop-earrings,Scoop Hoop Earrings,Ear,scoop-hoop-earrings-60306890-1,Black,2,Y,Scoop Hoop Earrings,,,39,No Size,,gid://shopify/Product/7986354782298,scoop-hoop-earrings-60306890,SINGLETON_PARENT|NONSTANDARD_HANDLE
MIM-T-scoop-small-hoop-earrings,Scoop Small Hoop Earrings,Ear,scoop-small-hoop-earrings-60308290-686,Ballet,1,Y,Scoop Small Hoop Earrings,,,39,No Size,,gid://shopify/Product/7986363236442,scoop-small-hoop-earrings-60308290,SINGLETON_PARENT|NONSTANDARD_HANDLE
MIM-T-scoop-small-hoop-earrings,Scoop Small Hoop Earrings,Ear,scoop-small-hoop-earrings-60308291-1,Black,2,Y,Scoop Small Hoop Earrings,,,29,No Size,,gid://shopify/Product/7986363433050,scoop-small-hoop-earrings-60308291,SINGLETON_PARENT|NONSTANDARD_HANDLE
MIM-T-serene-drop-ear,Serene Drop Ear,Ear,serene-drop-ear-60325301-382,Mint,1,Y,Serene Drop Ear,,,99.95,No Size,,gid://shopify/Product/7986539429978,serene-drop-ear-60325301,SINGLETON_PARENT|NONSTANDARD_HANDLE
MIM-T-serene-drop-ear,Serene Drop Ear,Ear,serene-drop-ear-60325302-993,Fuchsia,2,Y,Serene Drop Ear,,,99.95,No Size,,gid://shopify/Product/7986539593818,serene-drop-ear-60325302,SINGLETON_PARENT|NONSTANDARD_HANDLE
MIM-T-shimmer-sterling-silver-single-stud-earring,Shimmer Sterling Silver Single Stud Earring,Ear,shimmer-sterling-silver-single-stud-earring-60271276-9570,Rose Gold,1,Y,Shimmer Sterling Silver Single Stud Earring,,,9,No Size,,gid://shopify/Product/7986285183066,shimmer-sterling-silver-single-stud-earring-60271276,SINGLETON_PARENT|NONSTANDARD_HANDLE|PRICE_VARIANCE
MIM-T-shimmer-sterling-silver-single-stud-earring,Shimmer Sterling Silver Single Stud Earring,Ear,shimmer-sterling-silver-single-stud-earring-60271277-901,Silver,2,Y,Shimmer Sterling Silver Single Stud Earring,,,19,No Size,,gid://shopify/Product/7986285379674,shimmer-sterling-silver-single-stud-earring-60271277,SINGLETON_PARENT|NONSTANDARD_HANDLE|PRICE_VARIANCE
MIM-T-shimmer-sterling-silver-single-stud-earring,Shimmer Sterling Silver Single Stud Earring,Ear,shimmer-sterling-silver-single-stud-earring-60271278-908,Gold,3,Y,Shimmer Sterling Silver Single Stud Earring,,,19,No Size,,gid://shopify/Product/7986285576282,shimmer-sterling-silver-single-stud-earring-60271278,SINGLETON_PARENT|NONSTANDARD_HANDLE|PRICE_VARIANCE
MIM-T-signatura-charm-hoop-earrings,Signatura Charm Hoop Earrings,Ear,signatura-charm-hoop-earrings-60319406-901,Silver,1,Y,Signatura Charm Hoop Earrings,,,69.95,No Size,,gid://shopify/Product/7986420023386,signatura-charm-hoop-earrings-60319406,SINGLETON_PARENT|NONSTANDARD_HANDLE
MIM-T-signatura-charm-hoop-earrings,Signatura Charm Hoop Earrings,Ear,signatura-charm-hoop-earrings-60319394-908,Gold,2,Y,Signatura Charm Hoop Earrings,,,69.95,No Size,,gid://shopify/Product/7986421432410,signatura-charm-hoop-earrings-60319394,SINGLETON_PARENT|NONSTANDARD_HANDLE
MIM-T-signatura-charm-hoop-earrings,Signatura Charm Hoop Earrings,Ear,signatura-charm-hoop-earrings-60319405-9570,Rose Gold,3,Y,Signatura Charm Hoop Earrings,,,69.95,No Size,,gid://shopify/Product/7986419859546,signatura-charm-hoop-earrings-60319405,SINGLETON_PARENT|NONSTANDARD_HANDLE
MIM-T-slay-to-the-rhythm-statement-fringe-earrings,Slay to the Rhythm Statement Fringe Earrings,Ear,slay-to-the-rhythm-statement-fringe-earrings-60302421-908,Gold,1,Y,Slay to the Rhythm Statement Fringe Earrings,,,39,No Size,,gid://shopify/Product/7986522062938,slay-to-the-rhythm-statement-fringe-earrings-60302421,SINGLETON_PARENT|NONSTANDARD_HANDLE
MIM-T-slay-to-the-rhythm-statement-fringe-earrings,Slay to the Rhythm Statement Fringe Earrings,Ear,slay-to-the-rhythm-statement-fringe-earrings-60302422-901,Silver,2,Y,Slay to the Rhythm Statement Fringe Earrings,,,39,No Size,,gid://shopify/Product/7986522226778,slay-to-the-rhythm-statement-fringe-earrings-60302422,SINGLETON_PARENT|NONSTANDARD_HANDLE
MIM-T-smitten-heart-stud-earrings,Smitten Heart Stud Earrings,Ear,smitten-heart-stud-earrings-60308204-908,Gold,1,Y,Smitten Heart Stud Earrings,,,29,No Size,,gid://shopify/Product/7986362384474,smitten-heart-stud-earrings-60308204,SINGLETON_PARENT|NONSTANDARD_HANDLE
MIM-T-smitten-heart-stud-earrings,Smitten Heart Stud Earrings,Ear,smitten-heart-stud-earrings-60308205-9570,Rose Gold,2,Y,Smitten Heart Stud Earrings,,,29,No Size,,gid://shopify/Product/7986362548314,smitten-heart-stud-earrings-60308205,SINGLETON_PARENT|NONSTANDARD_HANDLE
MIM-T-so-lucky-single-stud-earring,So Lucky Single Stud Earring,Ear,so-lucky-single-stud-earring-60261185-908,Gold,1,Y,So Lucky Single Stud Earring,,,5,No Size,,gid://shopify/Product/7986274369626,so-lucky-single-stud-earring-60261185,SINGLETON_PARENT|NONSTANDARD_HANDLE|PRICE_VARIANCE
MIM-T-so-lucky-single-stud-earring,So Lucky Single Stud Earring,Ear,so-lucky-single-stud-earring-60261186-901,Silver,2,Y,So Lucky Single Stud Earring,,,10,No Size,,gid://shopify/Product/7986274566234,so-lucky-single-stud-earring-60261186,SINGLETON_PARENT|NONSTANDARD_HANDLE|PRICE_VARIANCE
MIM-T-so-ornate-drop-earrings,So Ornate Drop Earrings,Ear,so-ornate-drop-earrings-60307861-1,Black,1,Y,So Ornate Drop Earrings,,,49,No Size,,gid://shopify/Product/7986358255706,so-ornate-drop-earrings-60307861,SINGLETON_PARENT|NONSTANDARD_HANDLE
MIM-T-so-ornate-drop-earrings,So Ornate Drop Earrings,Ear,so-ornate-drop-earrings-60309534-7508,Rouge Noir,2,Y,So Ornate Drop Earrings,,,49,No Size,,gid://shopify/Product/7986369658970,so-ornate-drop-earrings-60309534,SINGLETON_PARENT|NONSTANDARD_HANDLE
MIM-T-so-ornate-earrings,So Ornate Earrings,Ear,so-ornate-earrings-60307865-7508,Rouge Noir,1,Y,So Ornate Earrings,,,49,No Size,,gid://shopify/Product/7986355241050,so-ornate-earrings-60307865,SINGLETON_PARENT|NONSTANDARD_HANDLE
MIM-T-so-ornate-earrings,So Ornate Earrings,Ear,so-ornate-earrings-60307866-321,Pine,2,Y,So Ornate Earrings,,,49,No Size,,gid://shopify/Product/7986355470426,so-ornate-earrings-60307866,SINGLETON_PARENT|NONSTANDARD_HANDLE
MIM-T-so-ornate-hoop-earrings,So Ornate Hoop Earrings,Ear,so-ornate-hoop-earrings-60307862-7508,Rouge Noir,1,Y,So Ornate Hoop Earrings,,,49,No Size,,gid://shopify/Product/7986358354010,so-ornate-hoop-earrings-60307862,SINGLETON_PARENT|NONSTANDARD_HANDLE|PRICE_VARIANCE
MIM-T-so-ornate-hoop-earrings,So Ornate Hoop Earrings,Ear,so-ornate-hoop-earrings-60307863-321,Pine,2,Y,So Ornate Hoop Earrings,,,49,No Size,,gid://shopify/Product/7986355109978,so-ornate-hoop-earrings-60307863,SINGLETON_PARENT|NONSTANDARD_HANDLE|PRICE_VARIANCE
MIM-T-so-ornate-hoop-earrings,So Ornate Hoop Earrings,Ear,so-ornate-hoop-earrings-60317448-84,Pearl,3,Y,So Ornate Hoop Earrings,,,89.95,No Size,,gid://shopify/Product/7986410061914,so-ornate-hoop-earrings-60317448,SINGLETON_PARENT|NONSTANDARD_HANDLE|PRICE_VARIANCE
MIM-T-so-ornate-hoop-earrings,So Ornate Hoop Earrings,Ear,so-ornate-hoop-earrings-60317449-9787,TOFFEE,4,Y,So Ornate Hoop Earrings,,,49,No Size,,gid://shopify/Product/7986410225754,so-ornate-hoop-earrings-60317449,SINGLETON_PARENT|NONSTANDARD_HANDLE|PRICE_VARIANCE
MIM-T-so-smooth-pearl-drop-earrings,So Smooth Pearl Drop Earrings,Ear,so-smooth-pearl-drop-earrings-60298461-908,Gold,1,Y,So Smooth Pearl Drop Earrings,,,39,No Size,,gid://shopify/Product/7986337906778,so-smooth-pearl-drop-earrings-60298461,SINGLETON_PARENT|NONSTANDARD_HANDLE
MIM-T-so-smooth-pearl-drop-earrings,So Smooth Pearl Drop Earrings,Ear,so-smooth-pearl-drop-earrings-60298462-9570,Rose Gold,2,Y,So Smooth Pearl Drop Earrings,,,39,No Size,,gid://shopify/Product/7986338037850,so-smooth-pearl-drop-earrings-60298462,SINGLETON_PARENT|NONSTANDARD_HANDLE
MIM-T-so-smooth-stud-earrings,So Smooth Stud Earrings,Ear,so-smooth-stud-earrings-60298463-9570,Rose Gold,1,Y,So Smooth Stud Earrings,,,29,No Size,,gid://shopify/Product/7986334957658,so-smooth-stud-earrings-60298463,SINGLETON_PARENT|NONSTANDARD_HANDLE
MIM-T-so-smooth-stud-earrings,So Smooth Stud Earrings,Ear,so-smooth-stud-earrings-60298464-908,Gold,2,Y,So Smooth Stud Earrings,,,29,No Size,,gid://shopify/Product/7986335154266,so-smooth-stud-earrings-60298464,SINGLETON_PARENT|NONSTANDARD_HANDLE
MIM-T-so-smooth-stud-earrings,So Smooth Stud Earrings,Ear,so-smooth-stud-earrings-60300516-901,Silver,3,Y,So Smooth Stud Earrings,,,29,No Size,,gid://shopify/Product/7986515214426,so-smooth-stud-earrings-60300516,SINGLETON_PARENT|NONSTANDARD_HANDLE
MIM-T-splash-drop-earrings,Splash Drop Earrings,Ear,splash-drop-earrings-60288033-901,Silver,1,Y,Splash Drop Earrings,,,49,No Size,,gid://shopify/Product/7986311594074,splash-drop-earrings-60288033,SINGLETON_PARENT|NONSTANDARD_HANDLE
MIM-T-splash-drop-earrings,Splash Drop Earrings,Ear,splash-drop-earrings-60288162-297,Clear,2,Y,Splash Drop Earrings,,,49,No Size,,gid://shopify/Product/7986311921754,splash-drop-earrings-60288162,SINGLETON_PARENT|NONSTANDARD_HANDLE
MIM-T-splash-drop-earrings,Splash Drop Earrings,Ear,splash-drop-earrings-60288163-124,Pancake,3,Y,Splash Drop Earrings,,,49,No Size,,gid://shopify/Product/7986312052826,splash-drop-earrings-60288163,SINGLETON_PARENT|NONSTANDARD_HANDLE
MIM-T-splice-charm-hoop-earrings,Splice Charm Hoop Earrings,Ear,splice-charm-hoop-earrings-60274091-9570,Rose Gold,1,Y,Splice Charm Hoop Earrings,,,29,No Size,,gid://shopify/Product/7986288427098,splice-charm-hoop-earrings-60274091,SINGLETON_PARENT|NONSTANDARD_HANDLE
MIM-T-splice-charm-hoop-earrings,Splice Charm Hoop Earrings,Ear,splice-charm-hoop-earrings-60274093-908,Gold,2,Y,Splice Charm Hoop Earrings,,,39,No Size,,gid://shopify/Product/7986288689242,splice-charm-hoop-earrings-60274093,SINGLETON_PARENT|NONSTANDARD_HANDLE
MIM-T-splice-jewel-stud-earrings,Splice Jewel Stud Earrings,Ear,splice-jewel-stud-earrings-60271389-297,Clear,1,Y,Splice Jewel Stud Earrings,,,19,No Size,,gid://shopify/Product/7986287542362,splice-jewel-stud-earrings-60271389,SINGLETON_PARENT|NONSTANDARD_HANDLE
MIM-T-splice-jewel-stud-earrings,Splice Jewel Stud Earrings,Ear,splice-jewel-stud-earrings-60274168-100,White,2,Y,Splice Jewel Stud Earrings,,,,No Size,,gid://shopify/Product/7986288885850,splice-jewel-stud-earrings-60274168,SINGLETON_PARENT|NONSTANDARD_HANDLE
MIM-T-star-struck-chain-stud-earrings,Star Struck Chain Stud Earrings,Ear,star-struck-chain-stud-earrings-60298337-908,Gold,1,Y,Star Struck Chain Stud Earrings,,,29,No Size,,gid://shopify/Product/7986332794970,star-struck-chain-stud-earrings-60298337,SINGLETON_PARENT|NONSTANDARD_HANDLE
MIM-T-star-struck-chain-stud-earrings,Star Struck Chain Stud Earrings,Ear,star-struck-chain-stud-earrings-60298338-901,Silver,2,Y,Star Struck Chain Stud Earrings,,,29,No Size,,gid://shopify/Product/7986332926042,star-struck-chain-stud-earrings-60298338,SINGLETON_PARENT|NONSTANDARD_HANDLE
MIM-T-stardom-earrings-trio-set,Stardom Earrings Trio Set,Ear,stardom-earrings-trio-set-60302592-901,Silver,1,Y,Stardom Earrings Trio Set,,,29,No Size,,gid://shopify/Product/7986530746458,stardom-earrings-trio-set-60302592,SINGLETON_PARENT|NONSTANDARD_HANDLE|PRICE_VARIANCE
MIM-T-stardom-earrings-trio-set,Stardom Earrings Trio Set,Ear,stardom-earrings-trio-set-60302593-908,Gold,2,Y,Stardom Earrings Trio Set,,,49,No Size,,gid://shopify/Product/7986530943066,stardom-earrings-trio-set-60302593,SINGLETON_PARENT|NONSTANDARD_HANDLE|PRICE_VARIANCE
MIM-T-stardom-earrings-trio-set,Stardom Earrings Trio Set,Ear,stardom-earrings-trio-set-60302594-9570,Rose Gold,3,Y,Stardom Earrings Trio Set,,,49,No Size,,gid://shopify/Product/7986531139674,stardom-earrings-trio-set-60302594,SINGLETON_PARENT|NONSTANDARD_HANDLE|PRICE_VARIANCE
MIM-T-static-bar-stud-earring,Static Bar Stud Earring,Ear,static-bar-stud-earring-60252921-9570,Rose Gold,1,Y,Static Bar Stud Earring,,,10,No Size,,gid://shopify/Product/7986268700762,static-bar-stud-earring-60252921,SINGLETON_PARENT|NONSTANDARD_HANDLE|PRICE_VARIANCE
MIM-T-static-bar-stud-earring,Static Bar Stud Earring,Ear,static-bar-stud-earring-60252922-901,Silver,2,Y,Static Bar Stud Earring,,,5,No Size,,gid://shopify/Product/7986268831834,static-bar-stud-earring-60252922,SINGLETON_PARENT|NONSTANDARD_HANDLE|PRICE_VARIANCE
MIM-T-studio-54-pave-clip-on-earrings,Studio 54 Pave Clip on Earrings,Ear,studio-54-pave-clip-on-earrings-60302700-908,Gold,1,Y,Studio 54 Pave Clip on Earrings,,,19,No Size,,gid://shopify/Product/7986528911450,studio-54-pave-clip-on-earrings-60302700,SINGLETON_PARENT|NONSTANDARD_HANDLE
MIM-T-studio-54-pave-clip-on-earrings,Studio 54 Pave Clip on Earrings,Ear,studio-54-pave-clip-on-earrings-60302701-901,Silver,2,Y,Studio 54 Pave Clip on Earrings,,,19,No Size,,gid://shopify/Product/7986529108058,studio-54-pave-clip-on-earrings-60302701,SINGLETON_PARENT|NONSTANDARD_HANDLE
MIM-T-supermicra-halo-stud-earrings,Supermicra Halo Stud Earrings,Ear,supermicra-halo-stud-earrings-60286513-3109,Lagoon,1,Y,Supermicra Halo Stud Earrings,,,19,No Size,,gid://shopify/Product/7986309824602,supermicra-halo-stud-earrings-60286513,SINGLETON_PARENT|NONSTANDARD_HANDLE|PRICE_VARIANCE
MIM-T-supermicra-halo-stud-earrings,Supermicra Halo Stud Earrings,Ear,supermicra-halo-stud-earrings-60286515-1,Black,2,Y,Supermicra Halo Stud Earrings,,,39,No Size,,gid://shopify/Product/7986309922906,supermicra-halo-stud-earrings-60286515,SINGLETON_PARENT|NONSTANDARD_HANDLE|PRICE_VARIANCE
MIM-T-supermicra-halo-stud-earrings,Supermicra Halo Stud Earrings,Ear,supermicra-halo-stud-earrings-60288203-100,White,3,Y,Supermicra Halo Stud Earrings,,,39,No Size,,gid://shopify/Product/7986312249434,supermicra-halo-stud-earrings-60288203,SINGLETON_PARENT|NONSTANDARD_HANDLE|PRICE_VARIANCE
MIM-T-superstar-earrings-set,Superstar Earrings Set,Ear,superstar-earrings-set-60298282-908,Gold,1,Y,Superstar Earrings Set,,,49,No Size,,gid://shopify/Product/7986332270682,superstar-earrings-set-60298282,SINGLETON_PARENT|NONSTANDARD_HANDLE
MIM-T-superstar-earrings-set,Superstar Earrings Set,Ear,superstar-earrings-set-60298283-901,Silver,2,Y,Superstar Earrings Set,,,49,No Size,,gid://shopify/Product/7986332434522,superstar-earrings-set-60298283,SINGLETON_PARENT|NONSTANDARD_HANDLE
MIM-T-superstar-earrings-set,Superstar Earrings Set,Ear,superstar-earrings-set-60298501-9570,Rose Gold,3,Y,Superstar Earrings Set,,,49,No Size,,gid://shopify/Product/7986335580250,superstar-earrings-set-60298501,SINGLETON_PARENT|NONSTANDARD_HANDLE
MIM-T-swirl-it-stud-earrings,Swirl It Stud Earrings,Ear,swirl-it-stud-earrings-60296720-908,Gold,1,Y,Swirl It Stud Earrings,,,39,No Size,,gid://shopify/Product/7986517573722,swirl-it-stud-earrings-60296720,SINGLETON_PARENT|NONSTANDARD_HANDLE
MIM-T-swirl-it-stud-earrings,Swirl It Stud Earrings,Ear,swirl-it-stud-earrings-60296722-901,Silver,2,Y,Swirl It Stud Earrings,,,29,No Size,,gid://shopify/Product/7986517803098,swirl-it-stud-earrings-60296722,SINGLETON_PARENT|NONSTANDARD_HANDLE
MIM-T-tempo-hoop-earrings,Tempo Hoop Earrings,Ear,tempo-hoop-earrings-60301749-901,Silver,1,Y,Tempo Hoop Earrings,,,29,No Size,,gid://shopify/Product/7986525732954,tempo-hoop-earrings-60301749,SINGLETON_PARENT|NONSTANDARD_HANDLE
MIM-T-tempo-hoop-earrings,Tempo Hoop Earrings,Ear,tempo-hoop-earrings-60301750-908,Gold,2,Y,Tempo Hoop Earrings,,,29,No Size,,gid://shopify/Product/7986525896794,tempo-hoop-earrings-60301750,SINGLETON_PARENT|NONSTANDARD_HANDLE
MIM-T-temptation-chain-stud-earrings,Temptation Chain Stud Earrings,Ear,temptation-chain-stud-earrings-60310994-358,Green,1,Y,Temptation Chain Stud Earrings,,,29,No Size,,gid://shopify/Product/7986377523290,temptation-chain-stud-earrings-60310994,SINGLETON_PARENT|NONSTANDARD_HANDLE
MIM-T-temptation-chain-stud-earrings,Temptation Chain Stud Earrings,Ear,temptation-chain-stud-earrings-60302578-908,Gold,2,Y,Temptation Chain Stud Earrings,,,29,No Size,,gid://shopify/Product/7986528583770,temptation-chain-stud-earrings-60302578,SINGLETON_PARENT|NONSTANDARD_HANDLE
MIM-T-the-chorus-hoop-earrings,The Chorus Hoop Earrings,Ear,the-chorus-hoop-earrings-60298465-908,Gold,1,Y,The Chorus Hoop Earrings,,,49,No Size,,gid://shopify/Product/7986335252570,the-chorus-hoop-earrings-60298465,SINGLETON_PARENT|NONSTANDARD_HANDLE
MIM-T-the-chorus-hoop-earrings,The Chorus Hoop Earrings,Ear,the-chorus-hoop-earrings-60300512-901,Silver,2,Y,The Chorus Hoop Earrings,,,39,No Size,,gid://shopify/Product/7986514395226,the-chorus-hoop-earrings-60300512,SINGLETON_PARENT|NONSTANDARD_HANDLE
MIM-T-the-edge-hoop-earrings,The Edge Hoop Earrings,Ear,the-edge-hoop-earrings-60298456-908,Gold,1,Y,The Edge Hoop Earrings,,,39,No Size,,gid://shopify/Product/7986337415258,the-edge-hoop-earrings-60298456,SINGLETON_PARENT|NONSTANDARD_HANDLE
MIM-T-the-edge-hoop-earrings,The Edge Hoop Earrings,Ear,the-edge-hoop-earrings-60300517-901,Silver,2,Y,The Edge Hoop Earrings,,,39,No Size,,gid://shopify/Product/7986515378266,the-edge-hoop-earrings-60300517,SINGLETON_PARENT|NONSTANDARD_HANDLE
MIM-T-the-edge-huggie-hoop-earrings,The Edge Huggie Hoop Earrings,Ear,the-edge-huggie-hoop-earrings-60298453-908,Gold,1,Y,The Edge Huggie Hoop Earrings,,,39,No Size,,gid://shopify/Product/7986336989274,the-edge-huggie-hoop-earrings-60298453,SINGLETON_PARENT|NONSTANDARD_HANDLE
MIM-T-the-edge-huggie-hoop-earrings,The Edge Huggie Hoop Earrings,Ear,the-edge-huggie-hoop-earrings-60298454-9570,Rose Gold,2,Y,The Edge Huggie Hoop Earrings,,,39,No Size,,gid://shopify/Product/7986337120346,the-edge-huggie-hoop-earrings-60298454,SINGLETON_PARENT|NONSTANDARD_HANDLE
MIM-T-the-edge-huggie-hoop-earrings,The Edge Huggie Hoop Earrings,Ear,the-edge-huggie-hoop-earrings-60300515-901,Silver,3,Y,The Edge Huggie Hoop Earrings,,,29,No Size,,gid://shopify/Product/7986515017818,the-edge-huggie-hoop-earrings-60300515,SINGLETON_PARENT|NONSTANDARD_HANDLE
MIM-T-the-edge-large-hoop-earrings,The Edge Large Hoop Earrings,Ear,the-edge-large-hoop-earrings-60298457-908,Gold,1,Y,The Edge Large Hoop Earrings,,,39,No Size,,gid://shopify/Product/7986337579098,the-edge-large-hoop-earrings-60298457,SINGLETON_PARENT|NONSTANDARD_HANDLE|PRICE_VARIANCE
MIM-T-the-edge-large-hoop-earrings,The Edge Large Hoop Earrings,Ear,the-edge-large-hoop-earrings-60300518-901,Silver,2,Y,The Edge Large Hoop Earrings,,,59,No Size,,gid://shopify/Product/7986515574874,the-edge-large-hoop-earrings-60300518,SINGLETON_PARENT|NONSTANDARD_HANDLE|PRICE_VARIANCE
MIM-T-the-podium-hoop-earrings,The Podium Hoop Earrings,Ear,the-podium-hoop-earrings-60302777-901,Silver,1,Y,The Podium Hoop Earrings,,,39,No Size,,gid://shopify/Product/7986533498970,the-podium-hoop-earrings-60302777,SINGLETON_PARENT|NONSTANDARD_HANDLE
MIM-T-the-podium-hoop-earrings,The Podium Hoop Earrings,Ear,the-podium-hoop-earrings-60302778-908,Gold,2,Y,The Podium Hoop Earrings,,,39,No Size,,gid://shopify/Product/7986533630042,the-podium-hoop-earrings-60302778,SINGLETON_PARENT|NONSTANDARD_HANDLE
MIM-T-the-podium-twist-hoop-earrings,The Podium Twist Hoop Earrings,Ear,the-podium-twist-hoop-earrings-60302439-908,Gold,1,Y,The Podium Twist Hoop Earrings,,,29,No Size,,gid://shopify/Product/7986525110362,the-podium-twist-hoop-earrings-60302439,SINGLETON_PARENT|NONSTANDARD_HANDLE
MIM-T-the-podium-twist-hoop-earrings,The Podium Twist Hoop Earrings,Ear,the-podium-twist-hoop-earrings-60302440-901,Silver,2,Y,The Podium Twist Hoop Earrings,,,39,No Size,,gid://shopify/Product/7986525274202,the-podium-twist-hoop-earrings-60302440,SINGLETON_PARENT|NONSTANDARD_HANDLE
MIM-T-theia-earrings-set,Theia Earrings Set,Ear,theia-earrings-set-60311141-908,Gold,1,Y,Theia Earrings Set,,,49,No Size,,gid://shopify/Product/7986378604634,theia-earrings-set-60311141,SINGLETON_PARENT|NONSTANDARD_HANDLE
MIM-T-theia-earrings-set,Theia Earrings Set,Ear,theia-earrings-set-60311142-9570,Rose Gold,2,Y,Theia Earrings Set,,,49,No Size,,gid://shopify/Product/7986378834010,theia-earrings-set-60311142,SINGLETON_PARENT|NONSTANDARD_HANDLE
MIM-T-tidal-beaded-earring,Tidal Beaded Earring,Ear,tidal-beaded-earring-60326490-620,Chilli Red,1,Y,Tidal Beaded Earring,,,129.95,No Size,,gid://shopify/Product/8023577919578,tidal-beaded-earring-60326490,SINGLETON_PARENT|NONSTANDARD_HANDLE
MIM-T-tidal-beaded-earring,Tidal Beaded Earring,Ear,tidal-beaded-earring-60326492-2344,Off White,2,Y,Tidal Beaded Earring,,,129.95,No Size,,gid://shopify/Product/8023578181722,tidal-beaded-earring-60326492,SINGLETON_PARENT|NONSTANDARD_HANDLE
MIM-T-tidal-ear-jacket,Tidal Ear Jacket,Ear,tidal-ear-jacket-60326489-297,Clear,1,Y,Tidal Ear Jacket,,,69.95,No Size,,gid://shopify/Product/8023577690202,tidal-ear-jacket-60326489,SINGLETON_PARENT|NONSTANDARD_HANDLE
MIM-T-tidal-ear-jacket,Tidal Ear Jacket,Ear,tidal-ear-jacket-60326488-993,Fuchsia,2,Y,Tidal Ear Jacket,,,69.95,No Size,,gid://shopify/Product/8023578837082,tidal-ear-jacket-60326488,SINGLETON_PARENT|NONSTANDARD_HANDLE
MIM-T-tie-a-bow-hoop-earrings,Tie a Bow Hoop Earrings,Ear,tie-a-bow-hoop-earrings-60316583-908,Gold,1,Y,Tie a Bow Hoop Earrings,,,29,No Size,,gid://shopify/Product/7986406457434,tie-a-bow-hoop-earrings-60316583,SINGLETON_PARENT|NONSTANDARD_HANDLE
MIM-T-tie-a-bow-hoop-earrings,Tie a Bow Hoop Earrings,Ear,tie-a-bow-hoop-earrings-60316608-9570,Rose Gold,2,Y,Tie a Bow Hoop Earrings,,,29,No Size,,gid://shopify/Product/7986407899226,tie-a-bow-hoop-earrings-60316608,SINGLETON_PARENT|NONSTANDARD_HANDLE
MIM-T-tie-a-bow-stud-earrings,Tie a Bow Stud Earrings,Ear,tie-a-bow-stud-earrings-60316409-9570,Rose Gold,1,Y,Tie a Bow Stud Earrings,,,29,No Size,,gid://shopify/Product/7986405900378,tie-a-bow-stud-earrings-60316409,SINGLETON_PARENT|NONSTANDARD_HANDLE
MIM-T-tie-a-bow-stud-earrings,Tie a Bow Stud Earrings,Ear,tie-a-bow-stud-earrings-60316397-908,Gold,2,Y,Tie a Bow Stud Earrings,,,29,No Size,,gid://shopify/Product/7986404327514,tie-a-bow-stud-earrings-60316397,SINGLETON_PARENT|NONSTANDARD_HANDLE
MIM-T-tie-the-knot-stud-earrings,Tie the Knot Stud Earrings,Ear,tie-the-knot-stud-earrings-60307905-908,Gold,1,Y,Tie the Knot Stud Earrings,,,59.95,No Size,,gid://shopify/Product/7986357436506,tie-the-knot-stud-earrings-60307905,SINGLETON_PARENT|NONSTANDARD_HANDLE|PRICE_VARIANCE
MIM-T-tie-the-knot-stud-earrings,Tie the Knot Stud Earrings,Ear,tie-the-knot-stud-earrings-60307906-9570,Rose Gold,2,Y,Tie the Knot Stud Earrings,,,39,No Size,,gid://shopify/Product/7986357600346,tie-the-knot-stud-earrings-60307906,SINGLETON_PARENT|NONSTANDARD_HANDLE|PRICE_VARIANCE
MIM-T-too-cute-hoop-earrings,Too Cute Hoop Earrings,Ear,too-cute-hoop-earrings-60306910-901,Silver,1,Y,Too Cute Hoop Earrings,,,29,No Size,,gid://shopify/Product/7986352357466,too-cute-hoop-earrings-60306910,SINGLETON_PARENT|NONSTANDARD_HANDLE
MIM-T-too-cute-hoop-earrings,Too Cute Hoop Earrings,Ear,too-cute-hoop-earrings-60306911-908,Gold,2,Y,Too Cute Hoop Earrings,,,29,No Size,,gid://shopify/Product/7986352586842,too-cute-hoop-earrings-60306911,SINGLETON_PARENT|NONSTANDARD_HANDLE
MIM-T-tracked-huggie-hoop-earrings,Tracked Huggie Hoop Earrings,Ear,tracked-huggie-hoop-earrings-60297118-9570,Rose Gold,1,Y,Tracked Huggie Hoop Earrings,,,29,No Size,,gid://shopify/Product/7986330533978,tracked-huggie-hoop-earrings-60297118,SINGLETON_PARENT|NONSTANDARD_HANDLE
MIM-T-tracked-huggie-hoop-earrings,Tracked Huggie Hoop Earrings,Ear,tracked-huggie-hoop-earrings-60296718-908,Gold,2,Y,Tracked Huggie Hoop Earrings,,,29,No Size,,gid://shopify/Product/7986517409882,tracked-huggie-hoop-earrings-60296718,SINGLETON_PARENT|NONSTANDARD_HANDLE
MIM-T-treasure-earrings,Treasure Earrings,Ear,treasure-earrings-60323081-3156,Thyme,1,Y,Treasure Earrings,,,99.95,No Size,,gid://shopify/Product/7986429689946,treasure-earrings-60323081,SINGLETON_PARENT|NONSTANDARD_HANDLE
MIM-T-treasure-earrings,Treasure Earrings,Ear,treasure-earrings-60323080-8836,Pink Salt,2,Y,Treasure Earrings,,,99.95,No Size,,gid://shopify/Product/7986429591642,treasure-earrings-60323080,SINGLETON_PARENT|NONSTANDARD_HANDLE
MIM-T-tresor-hoop,Tresor Hoop,Ear,tresor-hoop-60319410-657,Petal,1,Y,Tresor Hoop,,,39,No Size,,gid://shopify/Product/7986420645978,tresor-hoop-60319410,SINGLETON_PARENT|NONSTANDARD_HANDLE
MIM-T-tresor-hoop,Tresor Hoop,Ear,tresor-hoop-60319411-6012,Bordeaux,2,Y,Tresor Hoop,,,39,No Size,,gid://shopify/Product/7986420809818,tresor-hoop-60319411,SINGLETON_PARENT|NONSTANDARD_HANDLE
MIM-T-trinket-stud-earrings,Trinket Stud Earrings,Ear,trinket-stud-earrings-60316406-84,Pearl,1,Y,Trinket Stud Earrings,,,39,No Size,,gid://shopify/Product/7986405376090,trinket-stud-earrings-60316406,SINGLETON_PARENT|NONSTANDARD_HANDLE
MIM-T-trinket-stud-earrings,Trinket Stud Earrings,Ear,trinket-stud-earrings-60316415-9787,TOFFEE,2,Y,Trinket Stud Earrings,,,39,No Size,,gid://shopify/Product/7986406391898,trinket-stud-earrings-60316415,SINGLETON_PARENT|NONSTANDARD_HANDLE
MIM-T-twiggy-pearl-stud-earrings,Twiggy Pearl Stud Earrings,Ear,twiggy-pearl-stud-earrings-60285311-511,Lavender,1,Y,Twiggy Pearl Stud Earrings,,,19,No Size,,gid://shopify/Product/7986306318426,twiggy-pearl-stud-earrings-60285311,SINGLETON_PARENT|NONSTANDARD_HANDLE
MIM-T-twiggy-pearl-stud-earrings,Twiggy Pearl Stud Earrings,Ear,twiggy-pearl-stud-earrings-60285312-6662,Powder Puff,2,Y,Twiggy Pearl Stud Earrings,,,19,No Size,,gid://shopify/Product/7986306515034,twiggy-pearl-stud-earrings-60285312,SINGLETON_PARENT|NONSTANDARD_HANDLE
MIM-T-twinkle-drop-earrings,Twinkle Drop Earrings,Ear,twinkle-drop-earrings-60263619-124,Pancake,1,Y,Twinkle Drop Earrings,,,49,No Size,,gid://shopify/Product/7986277777498,twinkle-drop-earrings-60263619,SINGLETON_PARENT|NONSTANDARD_HANDLE
MIM-T-twinkle-drop-earrings,Twinkle Drop Earrings,Ear,twinkle-drop-earrings-60267246-9817,Lilac Marle,2,Y,Twinkle Drop Earrings,,,49,No Size,,gid://shopify/Product/7986281414746,twinkle-drop-earrings-60267246,SINGLETON_PARENT|NONSTANDARD_HANDLE
MIM-T-twirl-stud-earrings,Twirl Stud Earrings,Ear,twirl-stud-earrings-60260639-9570,Rose Gold,1,Y,Twirl Stud Earrings,,,29,No Size,,gid://shopify/Product/7986275811418,twirl-stud-earrings-60260639,SINGLETON_PARENT|NONSTANDARD_HANDLE
MIM-T-twirl-stud-earrings,Twirl Stud Earrings,Ear,twirl-stud-earrings-60267238-9909,Anise,2,Y,Twirl Stud Earrings,,,29,No Size,,gid://shopify/Product/7986281087066,twirl-stud-earrings-60267238,SINGLETON_PARENT|NONSTANDARD_HANDLE
MIM-T-urban-drop-earrings,Urban Drop Earrings,Ear,urban-drop-earrings-60294703-908,Gold,1,Y,Urban Drop Earrings,,,49,No Size,,gid://shopify/Product/7986500206682,urban-drop-earrings-60294703,SINGLETON_PARENT|NONSTANDARD_HANDLE
MIM-T-urban-drop-earrings,Urban Drop Earrings,Ear,urban-drop-earrings-60294704-901,Silver,2,Y,Urban Drop Earrings,,,49,No Size,,gid://shopify/Product/7986500370522,urban-drop-earrings-60294704,SINGLETON_PARENT|NONSTANDARD_HANDLE
MIM-T-vela-huggie-hoop-earrings,Vela Huggie Hoop Earrings,Ear,vela-huggie-hoop-earrings-60310258-908,Gold,1,Y,Vela Huggie Hoop Earrings,,,79.95,No Size,,gid://shopify/Product/7986371526746,vela-huggie-hoop-earrings-60310258,SINGLETON_PARENT|NONSTANDARD_HANDLE|PRICE_VARIANCE
MIM-T-vela-huggie-hoop-earrings,Vela Huggie Hoop Earrings,Ear,vela-huggie-hoop-earrings-60310259-901,Silver,2,Y,Vela Huggie Hoop Earrings,,,39,No Size,,gid://shopify/Product/7986371690586,vela-huggie-hoop-earrings-60310259,SINGLETON_PARENT|NONSTANDARD_HANDLE|PRICE_VARIANCE
MIM-T-vela-large-huggie-hoop-earrings,Vela Large Huggie Hoop Earrings,Ear,vela-large-huggie-hoop-earrings-60308268-908,Gold,1,Y,Vela Large Huggie Hoop Earrings,,,99.95,No Size,,gid://shopify/Product/7986364022874,vela-large-huggie-hoop-earrings-60308268,SINGLETON_PARENT|NONSTANDARD_HANDLE|PRICE_VARIANCE
MIM-T-vela-large-huggie-hoop-earrings,Vela Large Huggie Hoop Earrings,Ear,vela-large-huggie-hoop-earrings-60308269-901,Silver,2,Y,Vela Large Huggie Hoop Earrings,,,49,No Size,,gid://shopify/Product/7986364186714,vela-large-huggie-hoop-earrings-60308269,SINGLETON_PARENT|NONSTANDARD_HANDLE|PRICE_VARIANCE
MIM-T-venue-huggie-hoop-earrings,Venue Huggie Hoop Earrings,Ear,venue-huggie-hoop-earrings-60299044-901,Silver,1,Y,Venue Huggie Hoop Earrings,,,39,No Size,,gid://shopify/Product/7986339446874,venue-huggie-hoop-earrings-60299044,SINGLETON_PARENT|NONSTANDARD_HANDLE
MIM-T-venue-huggie-hoop-earrings,Venue Huggie Hoop Earrings,Ear,venue-huggie-hoop-earrings-60299045-908,Gold,2,Y,Venue Huggie Hoop Earrings,,,39,No Size,,gid://shopify/Product/7986339610714,venue-huggie-hoop-earrings-60299045,SINGLETON_PARENT|NONSTANDARD_HANDLE
MIM-T-venue-huggie-hoop-earrings,Venue Huggie Hoop Earrings,Ear,venue-huggie-hoop-earrings-60299046-9570,Rose Gold,3,Y,Venue Huggie Hoop Earrings,,,39,No Size,,gid://shopify/Product/7986339741786,venue-huggie-hoop-earrings-60299046,SINGLETON_PARENT|NONSTANDARD_HANDLE
MIM-T-verse-crystal-stud-earrings,Verse Crystal Stud Earrings,Ear,verse-crystal-stud-earrings-60298466-908,Gold,1,Y,Verse Crystal Stud Earrings,,,29,No Size,,gid://shopify/Product/7986335416410,verse-crystal-stud-earrings-60298466,SINGLETON_PARENT|NONSTANDARD_HANDLE
MIM-T-verse-crystal-stud-earrings,Verse Crystal Stud Earrings,Ear,verse-crystal-stud-earrings-60299098-901,Silver,2,Y,Verse Crystal Stud Earrings,,,29,No Size,,gid://shopify/Product/7986340331610,verse-crystal-stud-earrings-60299098,SINGLETON_PARENT|NONSTANDARD_HANDLE
MIM-T-vibe-chain-stud-earrings,Vibe Chain Stud Earrings,Ear,vibe-chain-stud-earrings-60298367-908,Gold,1,Y,Vibe Chain Stud Earrings,,,19,No Size,,gid://shopify/Product/7986333450330,vibe-chain-stud-earrings-60298367,SINGLETON_PARENT|NONSTANDARD_HANDLE
MIM-T-vibe-chain-stud-earrings,Vibe Chain Stud Earrings,Ear,vibe-chain-stud-earrings-60298368-901,Silver,2,Y,Vibe Chain Stud Earrings,,,19,No Size,,gid://shopify/Product/7986333646938,vibe-chain-stud-earrings-60298368,SINGLETON_PARENT|NONSTANDARD_HANDLE
MIM-T-vision-hoop-earrings,Vision Hoop Earrings,Ear,vision-hoop-earrings-60280726-9439,Foundation,1,Y,Vision Hoop Earrings,,,39,No Size,,gid://shopify/Product/7986295177306,vision-hoop-earrings-60280726,SINGLETON_PARENT|NONSTANDARD_HANDLE
MIM-T-vision-hoop-earrings,Vision Hoop Earrings,Ear,vision-hoop-earrings-60282368-1,Black,2,Y,Vision Hoop Earrings,,,39,No Size,,gid://shopify/Product/7986299175002,vision-hoop-earrings-60282368,SINGLETON_PARENT|NONSTANDARD_HANDLE
MIM-T-vision-hoop-earrings,Vision Hoop Earrings,Ear,vision-hoop-earrings-60282398-8813,Mauve Mist,3,Y,Vision Hoop Earrings,,,29,No Size,,gid://shopify/Product/7986300125274,vision-hoop-earrings-60282398,SINGLETON_PARENT|NONSTANDARD_HANDLE
MIM-T-vivacity-earrings-set,Vivacity Earrings Set,Ear,vivacity-earrings-set-60302766-901,Silver,1,Y,Vivacity Earrings Set,,,49,No Size,,gid://shopify/Product/7986532319322,vivacity-earrings-set-60302766,SINGLETON_PARENT|NONSTANDARD_HANDLE
MIM-T-vivacity-earrings-set,Vivacity Earrings Set,Ear,vivacity-earrings-set-60302767-908,Gold,2,Y,Vivacity Earrings Set,,,49,No Size,,gid://shopify/Product/7986532483162,vivacity-earrings-set-60302767,SINGLETON_PARENT|NONSTANDARD_HANDLE
MIM-T-weave-around-stud-earrings,Weave Around Stud Earrings,Ear,weave-around-stud-earrings-60297086-9570,Rose Gold,1,Y,Weave Around Stud Earrings,,,25,One Size,,gid://shopify/Product/7986328338522,weave-around-stud-earrings-60297086,SINGLETON_PARENT|NONSTANDARD_HANDLE
MIM-T-weave-around-stud-earrings,Weave Around Stud Earrings,Ear,weave-around-stud-earrings-60296733-908,Gold,2,Y,Weave Around Stud Earrings,,,25,One Size,,gid://shopify/Product/7986518687834,weave-around-stud-earrings-60296733,SINGLETON_PARENT|NONSTANDARD_HANDLE
MIM-T-weave-around-stud-earrings,Weave Around Stud Earrings,Ear,weave-around-stud-earrings-60296734-901,Silver,3,Y,Weave Around Stud Earrings,,,19,One Size,,gid://shopify/Product/7986518818906,weave-around-stud-earrings-60296734,SINGLETON_PARENT|NONSTANDARD_HANDLE
MIM-T-westlyn-heart-duo-hoop-earrings,Westlyn Heart Duo Hoop Earrings,Ear,westlyn-heart-duo-hoop-earrings-60319350-901,Silver,1,Y,Westlyn Heart Duo Hoop Earrings,,,69.95,No Size,,gid://shopify/Product/7986418155610,westlyn-heart-duo-hoop-earrings-60319350,SINGLETON_PARENT|NONSTANDARD_HANDLE
MIM-T-westlyn-heart-duo-hoop-earrings,Westlyn Heart Duo Hoop Earrings,Ear,westlyn-heart-duo-hoop-earrings-60319351-908,Gold,2,Y,Westlyn Heart Duo Hoop Earrings,,,69.95,No Size,,gid://shopify/Product/7986418319450,westlyn-heart-duo-hoop-earrings-60319351,SINGLETON_PARENT|NONSTANDARD_HANDLE
MIM-T-westlyn-heart-duo-hoop-earrings,Westlyn Heart Duo Hoop Earrings,Ear,westlyn-heart-duo-hoop-earrings-60319352-9570,Rose Gold,3,Y,Westlyn Heart Duo Hoop Earrings,,,69.95,No Size,,gid://shopify/Product/7986418483290,westlyn-heart-duo-hoop-earrings-60319352,SINGLETON_PARENT|NONSTANDARD_HANDLE
MIM-T-what-a-treasure-stud-earrings,What a Treasure Stud Earrings,Ear,what-a-treasure-stud-earrings-60306845-901,Silver,1,Y,What a Treasure Stud Earrings,,,29,No Size,,gid://shopify/Product/7986354061402,what-a-treasure-stud-earrings-60306845,SINGLETON_PARENT|NONSTANDARD_HANDLE
MIM-T-what-a-treasure-stud-earrings,What a Treasure Stud Earrings,Ear,what-a-treasure-stud-earrings-60306846-908,Gold,2,Y,What a Treasure Stud Earrings,,,29,No Size,,gid://shopify/Product/7986354192474,what-a-treasure-stud-earrings-60306846,SINGLETON_PARENT|NONSTANDARD_HANDLE
MIM-T-wistful-stud-earrings,Wistful Stud Earrings,Ear,wistful-stud-earrings-60302589-9570,Rose Gold,1,Y,Wistful Stud Earrings,,,29,No Size,,gid://shopify/Product/7986530156634,wistful-stud-earrings-60302589,SINGLETON_PARENT|NONSTANDARD_HANDLE
MIM-T-wistful-stud-earrings,Wistful Stud Earrings,Ear,wistful-stud-earrings-60302590-908,Gold,2,Y,Wistful Stud Earrings,,,29,No Size,,gid://shopify/Product/7986530353242,wistful-stud-earrings-60302590,SINGLETON_PARENT|NONSTANDARD_HANDLE
MIM-T-wistful-stud-earrings,Wistful Stud Earrings,Ear,wistful-stud-earrings-60302591-901,Silver,3,Y,Wistful Stud Earrings,,,29,No Size,,gid://shopify/Product/7986530517082,wistful-stud-earrings-60302591,SINGLETON_PARENT|NONSTANDARD_HANDLE