timestamp,style_group_id,status,parent_id,parent_title,child_ids,child_handles,message
2026-09-06T14:14:19.779Z,MIM-T-a-little-crush-stud-earrings,CREATED,gid://shopify/Product/7986364350554,A Little Crush Stud Earrings,gid://shopify/Product/7986132156506|gid://shopify/Product/7986132320346,a-little-crush-stud-earrings-60308270-901|a-little-crush-stud-earrings-60308271-908,CONSOLIDATED_SOURCE_PARENTS=gid://shopify/Product/7986364350554|gid://shopify/Product/7986364481626 REUSED_PARENT=gid://shopify/Product/7986364350554
2026-09-06T14:14:23.788Z,MIM-T-a-love-story-hoop-earrings,CREATED,gid://shopify/Product/7986353471578,A Love Story Hoop Earrings,gid://shopify/Product/7986119508058|gid://shopify/Product/7986122981466,a-love-story-hoop-earrings-60306882-901|a-love-story-hoop-earrings-60306881-908,CONSOLIDATED_SOURCE_PARENTS=gid://shopify/Product/7986353471578|gid://shopify/Product/7986353340506 REUSED_PARENT=gid://shopify/Product/7986353471578
2026-09-06T14:14:28.100Z,MIM-T-abundance-stone-stud-earrings,CREATED,gid://shopify/Product/7986423464026,Abundance Stone Stud Earrings,gid://shopify/Product/7986217549914|gid://shopify/Product/7986230984794,abundance-stone-stud-earrings-60321374-433|abundance-stone-stud-earrings-60323027-974,CONSOLIDATED_SOURCE_PARENTS=gid://shopify/Product/7986423464026|gid://shopify/Product/7986429329498 REUSED_PARENT=gid://shopify/Product/7986423464026
2026-09-06T14:14:34.445Z,MIM-T-adorbs-enamel-stud-earrings,CREATED,gid://shopify/Product/7986391744602,Adorbs Enamel Stud Earrings,gid://shopify/Product/7986165612634|gid://shopify/Product/7986165776474|gid://shopify/Product/7986180063322,adorbs-enamel-stud-earrings-60313798-657|adorbs-enamel-stud-earrings-60313799-1|adorbs-enamel-stud-earrings-60314614-126,CONSOLIDATED_SOURCE_PARENTS=gid://shopify/Product/7986391744602|gid://shopify/Product/7986391908442|gid://shopify/Product/7986401280090 REUSED_PARENT=gid://shopify/Product/7986391744602
2026-09-06T14:14:38.352Z,MIM-T-adorbs-heart-hoop-earrings,CREATED,gid://shopify/Product/7986389876826,Adorbs Heart Hoop Earrings,gid://shopify/Product/7986167480410|gid://shopify/Product/7986167709786,adorbs-heart-hoop-earrings-60313808-1|adorbs-heart-hoop-earrings-60313809-657,CONSOLIDATED_SOURCE_PARENTS=gid://shopify/Product/7986389876826|gid://shopify/Product/7986390040666 REUSED_PARENT=gid://shopify/Product/7986389876826
2026-09-06T14:14:42.425Z,MIM-T-adorbs-heart-stud-earrings,CREATED,gid://shopify/Product/7986392072282,Adorbs Heart Stud Earrings,gid://shopify/Product/7986165940314|gid://shopify/Product/7986166169690,adorbs-heart-stud-earrings-60313800-1|adorbs-heart-stud-earrings-60313801-657,CONSOLIDATED_SOURCE_PARENTS=gid://shopify/Product/7986392072282|gid://shopify/Product/7986392137818 REUSED_PARENT=gid://shopify/Product/7986392072282
2026-09-06T14:14:49.142Z,MIM-T-adorbs-hoop-earrings,CREATED,gid://shopify/Product/7986391122010,Adorbs Hoop Earrings,gid://shopify/Product/7986165350490|gid://shopify/Product/7986165481562|gid://shopify/Product/7986168332378,adorbs-hoop-earrings-60313842-908|adorbs-hoop-earrings-60313843-901|adorbs-hoop-earrings-60313841-9570,CONSOLIDATED_SOURCE_PARENTS=gid://shopify/Product/7986391122010|gid://shopify/Product/7986391285850|gid://shopify/Product/7986390958170 REUSED_PARENT=gid://shopify/Product/7986391122010
2026-09-06T14:14:53.177Z,MIM-T-adorbs-pearl-earrings,CREATED,gid://shopify/Product/7986396069978,Adorbs Pearl Earrings,gid://shopify/Product/7986177376346|gid://shopify/Product/7986180751450,adorbs-pearl-earrings-60314074-9570|adorbs-pearl-earrings-60314073-908,CONSOLIDATED_SOURCE_PARENTS=gid://shopify/Product/7986396069978|gid://shopify/Product/7986395906138 REUSED_PARENT=gid://shopify/Product/7986396069978
2026-09-06T14:14:57.681Z,MIM-T-adore-heart-hoop-earrings,CREATED,gid://shopify/Product/7986427822170,Adore Heart Hoop Earrings,gid://shopify/Product/7986215977050|gid://shopify/Product/7986216206426,adore-heart-hoop-earrings-60321442-908|adore-heart-hoop-earrings-60321443-901,CONSOLIDATED_SOURCE_PARENTS=gid://shopify/Product/7986427822170|gid://shopify/Product/7986427986010 REUSED_PARENT=gid://shopify/Product/7986427822170
2026-09-06T14:15:01.984Z,MIM-T-adventure-stud-earrings,CREATED,gid://shopify/Product/7986510299226,Adventure Stud Earrings,gid://shopify/Product/7986464784474|gid://shopify/Product/7986464948314,adventure-stud-earrings-60294818-901|adventure-stud-earrings-60294819-908,CONSOLIDATED_SOURCE_PARENTS=gid://shopify/Product/7986510299226|gid://shopify/Product/7986510430298 REUSED_PARENT=gid://shopify/Product/7986510299226
2026-09-06T14:15:05.976Z,MIM-T-affaire-stud-earrings,CREATED,gid://shopify/Product/7986506203226,Affaire Stud Earrings,gid://shopify/Product/7986460819546|gid://shopify/Product/7986460917850,affaire-stud-earrings-60294770-9568|affaire-stud-earrings-60294771-277,CONSOLIDATED_SOURCE_PARENTS=gid://shopify/Product/7986506203226|gid://shopify/Product/7986506301530 REUSED_PARENT=gid://shopify/Product/7986506203226
2026-09-06T14:15:10.460Z,MIM-T-aglow-sterling-silver-single-hoop-earring,CREATED,gid://shopify/Product/7986278858842,Aglow Sterling Silver Single Hoop Earring,gid://shopify/Product/7986031460442|gid://shopify/Product/7986031591514,aglow-sterling-silver-single-hoop-earring-60266520-9570|aglow-sterling-silver-single-hoop-earring-60266521-901,CONSOLIDATED_SOURCE_PARENTS=gid://shopify/Product/7986278858842|gid://shopify/Product/7986278957146 REUSED_PARENT=gid://shopify/Product/7986278858842
2026-09-06T14:15:14.421Z,MIM-T-all-heart-huggie-earrings,CREATED,gid://shopify/Product/7986359468122,All Heart Huggie Earrings,gid://shopify/Product/7986128879706|gid://shopify/Product/7986129076314,all-heart-huggie-earrings-60308124-100|all-heart-huggie-earrings-60308125-1,CONSOLIDATED_SOURCE_PARENTS=gid://shopify/Product/7986359468122|gid://shopify/Product/7986359631962 REUSED_PARENT=gid://shopify/Product/7986359468122
2026-09-06T14:15:20.898Z,MIM-T-alliance-hoop-earrings,CREATED,gid://shopify/Product/7986521047130,Alliance Hoop Earrings,gid://shopify/Product/7986476712026|gid://shopify/Product/7986485166170|gid://shopify/Product/7986485919834,alliance-hoop-earrings-60302468-901|alliance-hoop-earrings-60302699-908|alliance-hoop-earrings-60302588-9570,CONSOLIDATED_SOURCE_PARENTS=gid://shopify/Product/7986521047130|gid://shopify/Product/7986528780378|gid://shopify/Product/7986529960026 REUSED_PARENT=gid://shopify/Product/7986521047130
2026-09-06T14:15:27.890Z,MIM-T-alliance-stud-earrings,CREATED,gid://shopify/Product/7986528649306,Alliance Stud Earrings,gid://shopify/Product/7986485002330|gid://shopify/Product/7986485592154|gid://shopify/Product/7986485755994,alliance-stud-earrings-60302698-908|alliance-stud-earrings-60302586-9570|alliance-stud-earrings-60302587-901,CONSOLIDATED_SOURCE_PARENTS=gid://shopify/Product/7986528649306|gid://shopify/Product/7986529632346|gid://shopify/Product/7986529796186 REUSED_PARENT=gid://shopify/Product/7986528649306
2026-09-06T14:15:32.129Z,MIM-T-allurement-earrings,CREATED,gid://shopify/Product/7986419466330,Allurement Earrings,gid://shopify/Product/7986206703706|gid://shopify/Product/7986204803162,allurement-earrings-60319391-6012|allurement-earrings-60319402-84,CONSOLIDATED_SOURCE_PARENTS=gid://shopify/Product/7986420908122|gid://shopify/Product/7986419466330 REUSED_PARENT=gid://shopify/Product/7986419466330
2026-09-06T14:15:36.285Z,MIM-T-alluring-drop-earrings,CREATED,gid://shopify/Product/7986392629338,Alluring Drop Earrings,gid://shopify/Product/7986166562906|gid://shopify/Product/7986166759514,alluring-drop-earrings-60313879-657|alluring-drop-earrings-60313880-953,CONSOLIDATED_SOURCE_PARENTS=gid://shopify/Product/7986392629338|gid://shopify/Product/7986392727642 REUSED_PARENT=gid://shopify/Product/7986392629338
2026-09-06T14:15:40.281Z,MIM-T-amel-hoop-earrings,CREATED,gid://shopify/Product/7986363170906,Amel Hoop Earrings,gid://shopify/Product/7986130813018|gid://shopify/Product/7986130845786,amel-hoop-earrings-60308248-686|amel-hoop-earrings-60308249-100,CONSOLIDATED_SOURCE_PARENTS=gid://shopify/Product/7986363170906|gid://shopify/Product/7986363269210 REUSED_PARENT=gid://shopify/Product/7986363170906
2026-09-06T14:15:44.736Z,MIM-T-amulet-charm-hoop-earrings,CREATED,gid://shopify/Product/7986426511450,Amulet Charm Hoop Earrings,gid://shopify/Product/7986217746522|gid://shopify/Product/7986217943130,amulet-charm-hoop-earrings-60321404-908|amulet-charm-hoop-earrings-60321405-9570,CONSOLIDATED_SOURCE_PARENTS=gid://shopify/Product/7986426511450|gid://shopify/Product/7986426675290 REUSED_PARENT=gid://shopify/Product/7986426511450
2026-09-06T14:15:48.881Z,MIM-T-amulet-hoop-earrings,CREATED,gid://shopify/Product/7986425823322,Amulet Hoop Earrings,gid://shopify/Product/7986216599642|gid://shopify/Product/7986216796250,amulet-hoop-earrings-60321397-901|amulet-hoop-earrings-60321398-9570,CONSOLIDATED_SOURCE_PARENTS=gid://shopify/Product/7986425823322|gid://shopify/Product/7986425856090 REUSED_PARENT=gid://shopify/Product/7986425823322
2026-09-06T14:15:55.039Z,MIM-T-an-enchantment-hoop-earrings,CREATED,gid://shopify/Product/7986360057946,An Enchantment Hoop Earrings,gid://shopify/Product/7986129043546|gid://shopify/Product/7986129109082|gid://shopify/Product/7986142314586,an-enchantment-hoop-earrings-60308075-908|an-enchantment-hoop-earrings-60308076-901|an-enchantment-hoop-earrings-60309536-9570,CONSOLIDATED_SOURCE_PARENTS=gid://shopify/Product/7986360057946|gid://shopify/Product/7986360221786|gid://shopify/Product/7986369855578 REUSED_PARENT=gid://shopify/Product/7986360057946
2026-09-06T14:16:01.579Z,MIM-T-anthem-drop-earrings,CREATED,gid://shopify/Product/7986515771482,Anthem Drop Earrings,gid://shopify/Product/7986470551642|gid://shopify/Product/7986470715482|gid://shopify/Product/7986483920986,anthem-drop-earrings-60300519-908|anthem-drop-earrings-60300520-901|anthem-drop-earrings-60302515-9570,CONSOLIDATED_SOURCE_PARENTS=gid://shopify/Product/7986515771482|gid://shopify/Product/7986516033626|gid://shopify/Product/7986527993946 REUSED_PARENT=gid://shopify/Product/7986515771482
2026-09-06T14:16:08.644Z,MIM-T-anthem-stud-earrings,CREATED,gid://shopify/Product/7986516263002,Anthem Stud Earrings,gid://shopify/Product/7986470912090|gid://shopify/Product/7986471108698|gid://shopify/Product/7986483724378,anthem-stud-earrings-60300521-901|anthem-stud-earrings-60300522-908|anthem-stud-earrings-60302514-9570,CONSOLIDATED_SOURCE_PARENTS=gid://shopify/Product/7986516263002|gid://shopify/Product/7986516426842|gid://shopify/Product/7986527830106 REUSED_PARENT=gid://shopify/Product/7986516263002
2026-09-06T14:16:13.086Z,MIM-T-aperture-earrings,CREATED,gid://shopify/Product/7986511839322,Aperture Earrings,gid://shopify/Product/7986466521178|gid://shopify/Product/7986466848858,aperture-earrings-60296676-901|aperture-earrings-60296678-908,CONSOLIDATED_SOURCE_PARENTS=gid://shopify/Product/7986511839322|gid://shopify/Product/7986512199770 REUSED_PARENT=gid://shopify/Product/7986511839322
2026-09-06T14:16:17.553Z,MIM-T-aspire-stud-earring,CREATED,gid://shopify/Product/7986277843034,Aspire Stud Earring,gid://shopify/Product/7986030477402|gid://shopify/Product/7986030641242,aspire-stud-earring-60263625-9570|aspire-stud-earring-60263626-901,CONSOLIDATED_SOURCE_PARENTS=gid://shopify/Product/7986277843034|gid://shopify/Product/7986278006874 REUSED_PARENT=gid://shopify/Product/7986277843034
2026-09-06T14:16:21.650Z,MIM-T-at-the-ball-stud-earrings,CREATED,gid://shopify/Product/7986363367514,At the Ball Stud Earrings,gid://shopify/Product/7986129010778|gid://shopify/Product/7986129207386,at-the-ball-stud-earrings-60308165-1|at-the-ball-stud-earrings-60308167-908,CONSOLIDATED_SOURCE_PARENTS=gid://shopify/Product/7986363367514|gid://shopify/Product/7986363531354 REUSED_PARENT=gid://shopify/Product/7986363367514
2026-09-06T14:16:25.951Z,MIM-T-aurelune-hoop-earrings,CREATED,gid://shopify/Product/7986426609754,Aurelune Hoop Earrings,gid://shopify/Product/7986223775834|gid://shopify/Product/7986223972442,aurelune-hoop-earrings-60321454-908|aurelune-hoop-earrings-60321456-9573,CONSOLIDATED_SOURCE_PARENTS=gid://shopify/Product/7986426609754|gid://shopify/Product/7986426773594 REUSED_PARENT=gid://shopify/Product/7986426609754
2026-09-06T14:16:32.810Z,MIM-T-baby-bow-stud-earrings,CREATED,gid://shopify/Product/7986394202202,Baby Bow Stud Earrings,gid://shopify/Product/7986169577562|gid://shopify/Product/7986169741402|gid://shopify/Product/7986169970778,baby-bow-stud-earrings-60313951-908|baby-bow-stud-earrings-60313952-901|baby-bow-stud-earrings-60313953-9570,CONSOLIDATED_SOURCE_PARENTS=gid://shopify/Product/7986394202202|gid://shopify/Product/7986394398810|gid://shopify/Product/7986394497114 REUSED_PARENT=gid://shopify/Product/7986394202202
2026-09-06T14:16:39.365Z,MIM-T-barbarella-fringe-earrings,CREATED,gid://shopify/Product/7986500730970,Barbarella Fringe Earrings,gid://shopify/Product/7986455707738|gid://shopify/Product/7986461409370|gid://shopify/Product/7986462228570,barbarella-fringe-earrings-60294710-7732|barbarella-fringe-earrings-60294775-908|barbarella-fringe-earrings-60294782-7731,CONSOLIDATED_SOURCE_PARENTS=gid://shopify/Product/7986500730970|gid://shopify/Product/7986506727514|gid://shopify/Product/7986508005466 REUSED_PARENT=gid://shopify/Product/7986500730970
2026-09-06T14:16:50.088Z,MIM-T-barbarella-stud-earrings,CREATED,gid://shopify/Product/7986330468442,Barbarella Stud Earrings,gid://shopify/Product/7986094014554|gid://shopify/Product/7986456068186|gid://shopify/Product/7986461016154|gid://shopify/Product/7986461900890|gid://shopify/Product/7986469175386,barbarella-stud-earrings-60297369-901|barbarella-stud-earrings-60294714-7732|barbarella-stud-earrings-60294772-908|barbarella-stud-earrings-60294779-7731|barbarella-stud-earrings-60296694-1,CONSOLIDATED_SOURCE_PARENTS=gid://shopify/Product/7986330468442|gid://shopify/Product/7986501156954|gid://shopify/Product/7986506432602|gid://shopify/Product/7986507710554|gid://shopify/Product/7986514460762 REUSED_PARENT=gid://shopify/Product/7986330468442
2026-09-06T14:16:54.029Z,MIM-T-bassline-clip-on-earrings,CREATED,gid://shopify/Product/7986336530522,Bassline Clip on Earrings,gid://shopify/Product/7986098536538|gid://shopify/Product/7986469503066,bassline-clip-on-earrings-60298542-908|bassline-clip-on-earrings-60300513-901,CONSOLIDATED_SOURCE_PARENTS=gid://shopify/Product/7986336530522|gid://shopify/Product/7986514559066 REUSED_PARENT=gid://shopify/Product/7986336530522
2026-09-06T14:16:58.534Z,MIM-T-bassline-hoop-earrings,CREATED,gid://shopify/Product/7986335973466,Bassline Hoop Earrings,gid://shopify/Product/7986097553498|gid://shopify/Product/7986097848410,bassline-hoop-earrings-60298527-908|bassline-hoop-earrings-60298528-901,CONSOLIDATED_SOURCE_PARENTS=gid://shopify/Product/7986335973466|gid://shopify/Product/7986336170074 REUSED_PARENT=gid://shopify/Product/7986335973466
2026-09-06T14:17:02.294Z,MIM-T-bassline-large-hoop-earrings,CREATED,gid://shopify/Product/7986336333914,Bassline Large Hoop Earrings,gid://shopify/Product/7986098208858|gid://shopify/Product/7986461147226,bassline-large-hoop-earrings-60298541-901|bassline-large-hoop-earrings-60295239-908,CONSOLIDATED_SOURCE_PARENTS=gid://shopify/Product/7986336333914|gid://shopify/Product/7986513182810 REUSED_PARENT=gid://shopify/Product/7986336333914
2026-09-06T14:17:06.225Z,MIM-T-bejewel-drop-earrings,CREATED,gid://shopify/Product/7986404655194,Bejewel Drop Earrings,gid://shopify/Product/7986188189786|gid://shopify/Product/7986186256474,bejewel-drop-earrings-60316411-9787|bejewel-drop-earrings-60316400-84,CONSOLIDATED_SOURCE_PARENTS=gid://shopify/Product/7986406096986|gid://shopify/Product/7986404655194 REUSED_PARENT=gid://shopify/Product/7986404655194
2026-09-06T14:17:10.741Z,MIM-T-bejewel-mini-hoop-earrings,CREATED,gid://shopify/Product/7986406228058,Bejewel Mini Hoop Earrings,gid://shopify/Product/7986186453082|gid://shopify/Product/7986186879066,bejewel-mini-hoop-earrings-60316414-9787|bejewel-mini-hoop-earrings-60316419-657,CONSOLIDATED_SOURCE_PARENTS=gid://shopify/Product/7986406228058|gid://shopify/Product/7986406785114 REUSED_PARENT=gid://shopify/Product/7986406228058
2026-09-06T14:17:14.312Z,MIM-T-believe-drop-earrings,CREATED,gid://shopify/Product/7986530975834,Believe Drop Earrings,gid://shopify/Product/7986486837338|gid://shopify/Product/7986487033946,believe-drop-earrings-60302539-901|believe-drop-earrings-60302540-908,CONSOLIDATED_SOURCE_PARENTS=gid://shopify/Product/7986530975834|gid://shopify/Product/7986531172442 REUSED_PARENT=gid://shopify/Product/7986530975834
2026-09-06T14:17:18.227Z,MIM-T-boundary-stud-earring,CREATED,gid://shopify/Product/7986269847642,Boundary Stud Earring,gid://shopify/Product/7986022482010|gid://shopify/Product/7986022678618,boundary-stud-earring-60256333-901|boundary-stud-earring-60256334-908,CONSOLIDATED_SOURCE_PARENTS=gid://shopify/Product/7986269847642|gid://shopify/Product/7986269945946 REUSED_PARENT=gid://shopify/Product/7986269847642
2026-09-06T14:17:24.479Z,MIM-T-bow-stud-earrings-set,CREATED,gid://shopify/Product/7986397741146,Bow Stud Earrings Set,gid://shopify/Product/7986179178586|gid://shopify/Product/7986179276890|gid://shopify/Product/7986179473498,bow-stud-earrings-set-60314085-901|bow-stud-earrings-set-60314087-908|bow-stud-earrings-set-60314088-9570,CONSOLIDATED_SOURCE_PARENTS=gid://shopify/Product/7986397741146|gid://shopify/Product/7986397904986|gid://shopify/Product/7986398036058 REUSED_PARENT=gid://shopify/Product/7986397741146
2026-09-06T14:17:30.796Z,MIM-T-bubble-and-fizz-stud-earrings,CREATED,gid://shopify/Product/7986353111130,Bubble & Fizz Stud Earrings,gid://shopify/Product/7986122096730|gid://shopify/Product/7986122195034|gid://shopify/Product/7986122326106,bubble-fizz-stud-earrings-60306918-908|bubble-fizz-stud-earrings-60306920-901|bubble-fizz-stud-earrings-60306921-9570,CONSOLIDATED_SOURCE_PARENTS=gid://shopify/Product/7986353111130|gid://shopify/Product/7986353274970|gid://shopify/Product/7986353406042 REUSED_PARENT=gid://shopify/Product/7986353111130
2026-09-06T14:17:34.653Z,MIM-T-bumper-pear-earrings,CREATED,gid://shopify/Product/7986396889178,Bumper Pear Earrings,gid://shopify/Product/7986178293850|gid://shopify/Product/7986178457690,bumper-pear-earrings-60314079-657|bumper-pear-earrings-60314080-974,CONSOLIDATED_SOURCE_PARENTS=gid://shopify/Product/7986396889178|gid://shopify/Product/7986397053018 REUSED_PARENT=gid://shopify/Product/7986396889178
2026-09-06T14:17:40.641Z,MIM-T-bundle-stud-earrings,CREATED,gid://shopify/Product/7986316935258,Bundle Stud Earrings,gid://shopify/Product/7986073796698|gid://shopify/Product/7986118983770|gid://shopify/Product/7986119016538,bundle-stud-earrings-60289314-84|bundle-stud-earrings-60306570-686|bundle-stud-earrings-60306571-955,CONSOLIDATED_SOURCE_PARENTS=gid://shopify/Product/7986316935258|gid://shopify/Product/7986348556378|gid://shopify/Product/7986348752986 REUSED_PARENT=gid://shopify/Product/7986316935258
2026-09-06T14:17:44.285Z,MIM-T-butterfly-enamel-earrings,CREATED,gid://shopify/Product/7986398822490,Butterfly Enamel Earrings,gid://shopify/Product/7986180358234|gid://shopify/Product/7986180554842,butterfly-enamel-earrings-60314070-657|butterfly-enamel-earrings-60314071-332,CONSOLIDATED_SOURCE_PARENTS=gid://shopify/Product/7986398822490|gid://shopify/Product/7986395709530 REUSED_PARENT=gid://shopify/Product/7986398822490
2026-09-06T14:17:50.890Z,MIM-T-chain-of-hearts-hoop-earrings,CREATED,gid://shopify/Product/7986530582618,Chain of Hearts Hoop Earrings,gid://shopify/Product/7986486476890|gid://shopify/Product/7986486673498|gid://shopify/Product/7986487591002,chain-of-hearts-hoop-earrings-60302537-908|chain-of-hearts-hoop-earrings-60302538-9570|chain-of-hearts-hoop-earrings-60302543-901,CONSOLIDATED_SOURCE_PARENTS=gid://shopify/Product/7986530582618|gid://shopify/Product/7986530779226|gid://shopify/Product/7986531696730 REUSED_PARENT=gid://shopify/Product/7986530582618
2026-09-06T14:17:55.038Z,MIM-T-charmed-hoop-earrings,CREATED,gid://shopify/Product/7986364842074,Charmed Hoop Earrings,gid://shopify/Product/7986127700058|gid://shopify/Product/7986139136090,charmed-hoop-earrings-60308176-9570|charmed-hoop-earrings-60309538-901,CONSOLIDATED_SOURCE_PARENTS=gid://shopify/Product/7986364842074|gid://shopify/Product/7986370248794 REUSED_PARENT=gid://shopify/Product/7986364842074
2026-09-06T14:17:59.422Z,MIM-T-charmed-stud-earrings,CREATED,gid://shopify/Product/7986368807002,Charmed Stud Earrings,gid://shopify/Product/7986141069402|gid://shopify/Product/7986204442714,charmed-stud-earrings-60309482-901|charmed-stud-earrings-60319389-6012,CONSOLIDATED_SOURCE_PARENTS=gid://shopify/Product/7986368807002|gid://shopify/Product/7986420613210 REUSED_PARENT=gid://shopify/Product/7986368807002
2026-09-06T14:18:03.845Z,MIM-T-cherry-on-stud-earrings,CREATED,gid://shopify/Product/7986407473242,Cherry on Stud Earrings,gid://shopify/Product/7986187567194|gid://shopify/Product/7986187862106,cherry-on-stud-earrings-60316430-6121|cherry-on-stud-earrings-60316396-908,CONSOLIDATED_SOURCE_PARENTS=gid://shopify/Product/7986407473242|gid://shopify/Product/7986404163674 REUSED_PARENT=gid://shopify/Product/7986407473242
2026-09-06T14:18:08.499Z,MIM-T-cipher-hook-earrings,CREATED,gid://shopify/Product/7986316443738,Cipher Hook Earrings,gid://shopify/Product/7986073665626|gid://shopify/Product/7986073829466,cipher-hook-earrings-60289401-9570|cipher-hook-earrings-60289402-901,CONSOLIDATED_SOURCE_PARENTS=gid://shopify/Product/7986316443738|gid://shopify/Product/7986316607578 REUSED_PARENT=gid://shopify/Product/7986316443738
2026-09-06T14:18:15.416Z,MIM-T-circulate-drop-earrings,CREATED,gid://shopify/Product/7986500010074,Circulate Drop Earrings,gid://shopify/Product/7986455052378|gid://shopify/Product/7986456232026|gid://shopify/Product/7986467602522,circulate-drop-earrings-60294701-908|circulate-drop-earrings-60294715-9570|circulate-drop-earrings-60295236-901,CONSOLIDATED_SOURCE_PARENTS=gid://shopify/Product/7986500010074|gid://shopify/Product/7986501320794|gid://shopify/Product/7986512822362 REUSED_PARENT=gid://shopify/Product/7986500010074
2026-09-06T14:18:22.278Z,MIM-T-circulate-drop-stud-earrings,CREATED,gid://shopify/Product/7986353209434,Circulate Drop Stud Earrings,gid://shopify/Product/7986116853850|gid://shopify/Product/7986117017690|gid://shopify/Product/7986117148762,circulate-drop-stud-earrings-60306597-908|circulate-drop-stud-earrings-60306598-901|circulate-drop-stud-earrings-60306599-9570,CONSOLIDATED_SOURCE_PARENTS=gid://shopify/Product/7986353209434|gid://shopify/Product/7986353373274|gid://shopify/Product/7986353602650 REUSED_PARENT=gid://shopify/Product/7986353209434
2026-09-06T14:18:26.681Z,MIM-T-circulate-hoop-earrings,CREATED,gid://shopify/Product/7986501517402,Circulate Hoop Earrings,gid://shopify/Product/7986456395866|gid://shopify/Product/7986467733594,circulate-hoop-earrings-60294716-9570|circulate-hoop-earrings-60295237-901,CONSOLIDATED_SOURCE_PARENTS=gid://shopify/Product/7986501517402|gid://shopify/Product/7986513051738 REUSED_PARENT=gid://shopify/Product/7986501517402
2026-09-06T14:18:33.543Z,MIM-T-circulate-large-hoop-earrings,CREATED,gid://shopify/Product/7986351374426,Circulate Large Hoop Earrings,gid://shopify/Product/7986118557786|gid://shopify/Product/7986118721626|gid://shopify/Product/7986118885466,circulate-large-hoop-earrings-60306567-9570|circulate-large-hoop-earrings-60306568-908|circulate-large-hoop-earrings-60306569-901,CONSOLIDATED_SOURCE_PARENTS=gid://shopify/Product/7986351374426|gid://shopify/Product/7986351472730|gid://shopify/Product/7986348425306 REUSED_PARENT=gid://shopify/Product/7986351374426
2026-09-06T14:18:37.740Z,MIM-T-circulate-stud-earrings,CREATED,gid://shopify/Product/7986529075290,Circulate Stud Earrings,gid://shopify/Product/7986485887066|gid://shopify/Product/7986486083674,circulate-stud-earrings-60302745-100|circulate-stud-earrings-60302746-6522,CONSOLIDATED_SOURCE_PARENTS=gid://shopify/Product/7986529075290|gid://shopify/Product/7986529239130 REUSED_PARENT=gid://shopify/Product/7986529075290
2026-09-06T14:18:41.834Z,MIM-T-city-scape-drop-earrings,CREATED,gid://shopify/Product/7986515247194,City Scape Drop Earrings,gid://shopify/Product/7986470191194|gid://shopify/Product/7986470387802,city-scape-drop-earrings-60296699-908|city-scape-drop-earrings-60296700-7812,CONSOLIDATED_SOURCE_PARENTS=gid://shopify/Product/7986515247194|gid://shopify/Product/7986515411034 REUSED_PARENT=gid://shopify/Product/7986515247194
2026-09-06T14:18:48.697Z,MIM-T-classic-heart-stud-earrings,CREATED,gid://shopify/Product/7986392367194,Classic Heart Stud Earrings,gid://shopify/Product/7986166956122|gid://shopify/Product/7986167152730|gid://shopify/Product/7986167382106,classic-heart-stud-earrings-60313851-9570|classic-heart-stud-earrings-60313852-908|classic-heart-stud-earrings-60313853-901,CONSOLIDATED_SOURCE_PARENTS=gid://shopify/Product/7986392367194|gid://shopify/Product/7986392531034|gid://shopify/Product/7986392694874 REUSED_PARENT=gid://shopify/Product/7986392367194
2026-09-06T14:18:53.102Z,MIM-T-classique-pearl-drop-earrings,CREATED,gid://shopify/Product/7986405605466,Classique Pearl Drop Earrings,gid://shopify/Product/7986189762650|gid://shopify/Product/7986191597658,classique-pearl-drop-earrings-60316475-901|classique-pearl-drop-earrings-60316464-908,CONSOLIDATED_SOURCE_PARENTS=gid://shopify/Product/7986405605466|gid://shopify/Product/7986407374938 REUSED_PARENT=gid://shopify/Product/7986405605466
2026-09-06T14:18:57.093Z,MIM-T-combat-stud-earrings,CREATED,gid://shopify/Product/7986508038234,Combat Stud Earrings,gid://shopify/Product/7986462425178|gid://shopify/Product/7986464227418,combat-stud-earrings-60295881-901|combat-stud-earrings-60295634-908,CONSOLIDATED_SOURCE_PARENTS=gid://shopify/Product/7986508038234|gid://shopify/Product/7986510266458 REUSED_PARENT=gid://shopify/Product/7986508038234
2026-09-06T14:19:00.986Z,MIM-T-cool-cat-hoop-earrings,CREATED,gid://shopify/Product/7986331943002,Cool Cat Hoop Earrings,gid://shopify/Product/7986092245082|gid://shopify/Product/7986100043866,cool-cat-hoop-earrings-60298280-908|cool-cat-hoop-earrings-60299313-901,CONSOLIDATED_SOURCE_PARENTS=gid://shopify/Product/7986331943002|gid://shopify/Product/7986340757594 REUSED_PARENT=gid://shopify/Product/7986331943002
2026-09-06T14:19:04.919Z,MIM-T-cosmos-stud-earrings,CREATED,gid://shopify/Product/7986501648474,Cosmos Stud Earrings,gid://shopify/Product/7986456592474|gid://shopify/Product/7986460786778,cosmos-stud-earrings-60294717-9570|cosmos-stud-earrings-60294688-277,CONSOLIDATED_SOURCE_PARENTS=gid://shopify/Product/7986501648474|gid://shopify/Product/7986506563674 REUSED_PARENT=gid://shopify/Product/7986501648474
2026-09-06T14:19:09.074Z,MIM-T-croissant-hoop-earrings,CREATED,gid://shopify/Product/7986533990490,Croissant Hoop Earrings,gid://shopify/Product/7986484248666|gid://shopify/Product/7986484412506,croissant-hoop-earrings-60302735-908|croissant-hoop-earrings-60302736-901,CONSOLIDATED_SOURCE_PARENTS=gid://shopify/Product/7986533990490|gid://shopify/Product/7986527797338 REUSED_PARENT=gid://shopify/Product/7986533990490
2026-09-06T14:19:13.068Z,MIM-T-crystalline-mini-fringe-stud-earrings,CREATED,gid://shopify/Product/7986529468506,Crystalline Mini Fringe Stud Earrings,gid://shopify/Product/7986485461082|gid://shopify/Product/7986487459930,crystalline-mini-fringe-stud-earrings-60302585-7549|crystalline-mini-fringe-stud-earrings-60303900-901,CONSOLIDATED_SOURCE_PARENTS=gid://shopify/Product/7986529468506|gid://shopify/Product/7986531074138 REUSED_PARENT=gid://shopify/Product/7986529468506
2026-09-06T14:19:16.958Z,MIM-T-crystalline-stud-earrings,CREATED,gid://shopify/Product/7986418843738,Crystalline Stud Earrings,gid://shopify/Product/7986202181722|gid://shopify/Product/7986190188634,crystalline-stud-earrings-60316579-908|crystalline-stud-earrings-60319326-84,CONSOLIDATED_SOURCE_PARENTS=gid://shopify/Product/7986406293594|gid://shopify/Product/7986418843738 REUSED_PARENT=gid://shopify/Product/7986418843738
2026-09-06T14:19:21.157Z,MIM-T-crystallize-earrings,CREATED,gid://shopify/Product/7986430509146,Crystallize Earrings,gid://shopify/Product/7986228625498|gid://shopify/Product/7986228789338,crystallize-earrings-60323053-901|crystallize-earrings-60323054-3156,CONSOLIDATED_SOURCE_PARENTS=gid://shopify/Product/7986430509146|gid://shopify/Product/7986430705754 REUSED_PARENT=gid://shopify/Product/7986430509146
2026-09-06T14:19:28.018Z,MIM-T-cubic-zirconia-stud-earrings-set,CREATED,gid://shopify/Product/7986399248474,Cubic Zirconia Stud Earrings Set,gid://shopify/Product/7986181374042|gid://shopify/Product/7986181505114|gid://shopify/Product/7986181636186,cubic-zirconia-stud-earrings-set-60314626-908|cubic-zirconia-stud-earrings-set-60314627-901|cubic-zirconia-stud-earrings-set-60314628-9570,CONSOLIDATED_SOURCE_PARENTS=gid://shopify/Product/7986399248474|gid://shopify/Product/7986399412314|gid://shopify/Product/7986399543386 REUSED_PARENT=gid://shopify/Product/7986399248474
2026-09-06T14:19:34.572Z,MIM-T-cue-the-lights-earrings,CREATED,gid://shopify/Product/7986353143898,Cue the Lights Earrings,gid://shopify/Product/7986118262874|gid://shopify/Product/7986118590554|gid://shopify/Product/7986133008474,cue-the-lights-earrings-60306819-686|cue-the-lights-earrings-60306821-901|cue-the-lights-earrings-60308736-955,CONSOLIDATED_SOURCE_PARENTS=gid://shopify/Product/7986353143898|gid://shopify/Product/7986353307738|gid://shopify/Product/7986367332442 REUSED_PARENT=gid://shopify/Product/7986353143898
2026-09-06T14:19:41.331Z,MIM-T-cupid-duo-earrings-set,CREATED,gid://shopify/Product/7986396233818,Cupid Duo Earrings Set,gid://shopify/Product/7986177605722|gid://shopify/Product/7986177769562|gid://shopify/Product/7986177966170,cupid-duo-earrings-set-60314075-908|cupid-duo-earrings-set-60314076-901|cupid-duo-earrings-set-60314077-9570,CONSOLIDATED_SOURCE_PARENTS=gid://shopify/Product/7986396233818|gid://shopify/Product/7986396397658|gid://shopify/Product/7986396528730 REUSED_PARENT=gid://shopify/Product/7986396233818
2026-09-06T14:19:45.324Z,MIM-T-dancefloor-stud-earrings,CREATED,gid://shopify/Product/7986526060634,Dancefloor Stud Earrings,gid://shopify/Product/7986474582106|gid://shopify/Product/7986474877018,dancefloor-stud-earrings-60301754-901|dancefloor-stud-earrings-60301755-908,CONSOLIDATED_SOURCE_PARENTS=gid://shopify/Product/7986526060634|gid://shopify/Product/7986526224474 REUSED_PARENT=gid://shopify/Product/7986526060634
2026-09-06T14:19:52.493Z,MIM-T-daydream-huggie-hoop-earrings,CREATED,gid://shopify/Product/7986324176986,Daydream Huggie Hoop Earrings,gid://shopify/Product/7986082381914|gid://shopify/Product/7986082578522|gid://shopify/Product/7986082742362,daydream-huggie-hoop-earrings-60291747-908|daydream-huggie-hoop-earrings-60291748-9570|daydream-huggie-hoop-earrings-60291749-901,CONSOLIDATED_SOURCE_PARENTS=gid://shopify/Product/7986324176986|gid://shopify/Product/7986324340826|gid://shopify/Product/7986324504666 REUSED_PARENT=gid://shopify/Product/7986324176986
2026-09-06T14:20:02.015Z,MIM-T-daydream-pop-stud-earrings,CREATED,gid://shopify/Product/7986305302618,Daydream Pop Stud Earrings,gid://shopify/Product/7986063867994|gid://shopify/Product/7986064064602|gid://shopify/Product/7986064195674|gid://shopify/Product/7986187370586,daydream-pop-stud-earrings-60285264-827|daydream-pop-stud-earrings-60285265-7970|daydream-pop-stud-earrings-60285266-6662|daydream-pop-stud-earrings-60316429-666,CONSOLIDATED_SOURCE_PARENTS=gid://shopify/Product/7986305302618|gid://shopify/Product/7986305466458|gid://shopify/Product/7986305630298|gid://shopify/Product/7986407243866 REUSED_PARENT=gid://shopify/Product/7986305302618
2026-09-06T14:20:06.316Z,MIM-T-de-fleurs-stud-earrings,CREATED,gid://shopify/Product/7986419630170,De Fleurs Stud Earrings,gid://shopify/Product/7986206933082|gid://shopify/Product/7986204311642,de-fleurs-stud-earrings-60319388-6012|de-fleurs-stud-earrings-60319403-84,CONSOLIDATED_SOURCE_PARENTS=gid://shopify/Product/7986420416602|gid://shopify/Product/7986419630170 REUSED_PARENT=gid://shopify/Product/7986419630170
2026-09-06T14:20:14.200Z,MIM-T-delight-ear-set,CREATED,gid://shopify/Product/7986417696858,Delight Ear Set,gid://shopify/Product/7986205032538|gid://shopify/Product/7986205196378|gid://shopify/Product/7986205392986,delight-ear-set-60319346-908|delight-ear-set-60319347-9570|delight-ear-set-60319348-901,CONSOLIDATED_SOURCE_PARENTS=gid://shopify/Product/7986417696858|gid://shopify/Product/7986417893466|gid://shopify/Product/7986418057306 REUSED_PARENT=gid://shopify/Product/7986417696858
2026-09-06T14:20:18.241Z,MIM-T-delightful-stud-earrings,CREATED,gid://shopify/Product/7986356944986,Delightful Stud Earrings,gid://shopify/Product/7986120753242|gid://shopify/Product/7986120982618,delightful-stud-earrings-60307896-908|delightful-stud-earrings-60307898-9570,CONSOLIDATED_SOURCE_PARENTS=gid://shopify/Product/7986356944986|gid://shopify/Product/7986357108826 REUSED_PARENT=gid://shopify/Product/7986356944986
2026-09-06T14:20:22.495Z,MIM-T-demi-pointe-heart-hoop-earrings,CREATED,gid://shopify/Product/7986355044442,Demi Pointe Heart Hoop Earrings,gid://shopify/Product/7986118754394|gid://shopify/Product/7986118918234,demi-pointe-heart-hoop-earrings-60306620-908|demi-pointe-heart-hoop-earrings-60306621-901,CONSOLIDATED_SOURCE_PARENTS=gid://shopify/Product/7986355044442|gid://shopify/Product/7986351800410 REUSED_PARENT=gid://shopify/Product/7986355044442
2026-09-06T14:20:27.205Z,MIM-T-descent-chain-earrings,CREATED,gid://shopify/Product/7986508562522,Descent Chain Earrings,gid://shopify/Product/7986463211610|gid://shopify/Product/7986468028506,descent-chain-earrings-60296651-908|descent-chain-earrings-60296751-901,CONSOLIDATED_SOURCE_PARENTS=gid://shopify/Product/7986508562522|gid://shopify/Product/7986519900250 REUSED_PARENT=gid://shopify/Product/7986508562522
2026-09-06T14:20:34.066Z,MIM-T-descent-hoop-earrings,CREATED,gid://shopify/Product/7986326306906,Descent Hoop Earrings,gid://shopify/Product/7986089001050|gid://shopify/Product/7986462195802|gid://shopify/Product/7986462359642,descent-hoop-earrings-60297064-9570|descent-hoop-earrings-60296644-908|descent-hoop-earrings-60296645-901,CONSOLIDATED_SOURCE_PARENTS=gid://shopify/Product/7986326306906|gid://shopify/Product/7986507677786|gid://shopify/Product/7986507808858 REUSED_PARENT=gid://shopify/Product/7986326306906
2026-09-06T14:20:38.777Z,MIM-T-descent-huggie-hoop-earrings,CREATED,gid://shopify/Product/7986326143066,Descent Huggie Hoop Earrings,gid://shopify/Product/7986088869978|gid://shopify/Product/7986470256730,descent-huggie-hoop-earrings-60297063-9570|descent-huggie-hoop-earrings-60296794-908,CONSOLIDATED_SOURCE_PARENTS=gid://shopify/Product/7986326143066|gid://shopify/Product/7986515902554 REUSED_PARENT=gid://shopify/Product/7986326143066
2026-09-06T14:20:43.282Z,MIM-T-dia-mim-1-carat-stud-earrings,CREATED,gid://shopify/Product/7986295373914,Dia-Mim 1 Carat Stud Earrings,gid://shopify/Product/7986052857946|gid://shopify/Product/7986058428506,dia-mim-1-carat-stud-earrings-60279268-901|dia-mim-1-carat-stud-earrings-60282407-908,CONSOLIDATED_SOURCE_PARENTS=gid://shopify/Product/7986295373914|gid://shopify/Product/7986300321882 REUSED_PARENT=gid://shopify/Product/7986295373914
2026-09-06T14:20:48.095Z,MIM-T-disco-pave-large-stud-earrings,CREATED,gid://shopify/Product/7986530222170,Disco Pave Large Stud Earrings,gid://shopify/Product/7986486149210|gid://shopify/Product/7986486313050,disco-pave-large-stud-earrings-60302535-7549|disco-pave-large-stud-earrings-60302536-908,CONSOLIDATED_SOURCE_PARENTS=gid://shopify/Product/7986530222170|gid://shopify/Product/7986530386010 REUSED_PARENT=gid://shopify/Product/7986530222170
2026-09-06T14:20:54.444Z,MIM-T-disco-pave-stud-earrings,CREATED,gid://shopify/Product/7986529697882,Disco Pave Stud Earrings,gid://shopify/Product/7986485657690|gid://shopify/Product/7986485854298|gid://shopify/Product/7986486018138,disco-pave-stud-earrings-60302532-908|disco-pave-stud-earrings-60302533-7531|disco-pave-stud-earrings-60302534-7549,CONSOLIDATED_SOURCE_PARENTS=gid://shopify/Product/7986529697882|gid://shopify/Product/7986529861722|gid://shopify/Product/7986530025562 REUSED_PARENT=gid://shopify/Product/7986529697882
2026-09-06T14:21:01.306Z,MIM-T-discotheque-earrings-trio-set,CREATED,gid://shopify/Product/7986534252634,Discotheque Earrings Trio Set,gid://shopify/Product/7986483331162|gid://shopify/Product/7986483495002|gid://shopify/Product/7986483658842,discotheque-earrings-trio-set-60302689-9570|discotheque-earrings-trio-set-60302690-908|discotheque-earrings-trio-set-60302691-901,CONSOLIDATED_SOURCE_PARENTS=gid://shopify/Product/7986534252634|gid://shopify/Product/7986534350938|gid://shopify/Product/7986534449242 REUSED_PARENT=gid://shopify/Product/7986534252634
2026-09-06T14:21:05.914Z,MIM-T-dreamer-stud-earrings,CREATED,gid://shopify/Product/7986300747866,Dreamer Stud Earrings,gid://shopify/Product/7986055151706|gid://shopify/Product/7986074484826,dreamer-stud-earrings-60282106-8815|dreamer-stud-earrings-60289344-4347,CONSOLIDATED_SOURCE_PARENTS=gid://shopify/Product/7986300747866|gid://shopify/Product/7986317754458 REUSED_PARENT=gid://shopify/Product/7986300747866
2026-09-06T14:21:10.112Z,MIM-T-dreams-hoop-earrings,CREATED,gid://shopify/Product/7986331746394,Dreams Hoop Earrings,gid://shopify/Product/7986092310618|gid://shopify/Product/7986092474458,dreams-hoop-earrings-60298354-908|dreams-hoop-earrings-60298355-4059,CONSOLIDATED_SOURCE_PARENTS=gid://shopify/Product/7986331746394|gid://shopify/Product/7986331910234 REUSED_PARENT=gid://shopify/Product/7986331746394
2026-09-06T14:21:14.514Z,MIM-T-dreams-stud-earrings,CREATED,gid://shopify/Product/7986332074074,Dreams Stud Earrings,gid://shopify/Product/7986092605530|gid://shopify/Product/7986092802138,dreams-stud-earrings-60298356-4059|dreams-stud-earrings-60298358-908,CONSOLIDATED_SOURCE_PARENTS=gid://shopify/Product/7986332074074|gid://shopify/Product/7986332237914 REUSED_PARENT=gid://shopify/Product/7986332074074
2026-09-06T14:21:28.620Z,MIM-T-dreamy-stud-earrings,CREATED,gid://shopify/Product/7986323685466,Dreamy Stud Earrings,gid://shopify/Product/7986081923162|gid://shopify/Product/7986181341274|gid://shopify/Product/7986461507674|gid://shopify/Product/7986461671514|gid://shopify/Product/7986477203546|gid://shopify/Product/7986477334618,dreamy-stud-earrings-60291740-7783|dreamy-stud-earrings-60314742-639|dreamy-stud-earrings-60295241-277|dreamy-stud-earrings-60295242-901|dreamy-stud-earrings-60302472-569|dreamy-stud-earrings-60302473-7531,CONSOLIDATED_SOURCE_PARENTS=gid://shopify/Product/7986323685466|gid://shopify/Product/7986402132058|gid://shopify/Product/7986507350106|gid://shopify/Product/7986507546714|gid://shopify/Product/7986521571418|gid://shopify/Product/7986521768026 REUSED_PARENT=gid://shopify/Product/7986323685466
2026-09-06T14:21:33.195Z,MIM-T-dylan-heart-stud-earrings,CREATED,gid://shopify/Product/7986417336410,Dylan Heart Stud Earrings,gid://shopify/Product/7986204737626|gid://shopify/Product/7986204868698,dylan-heart-stud-earrings-60319344-1|dylan-heart-stud-earrings-60319345-666,CONSOLIDATED_SOURCE_PARENTS=gid://shopify/Product/7986417336410|gid://shopify/Product/7986417500250 REUSED_PARENT=gid://shopify/Product/7986417336410
2026-09-06T14:21:37.247Z,MIM-T-effervesce-earrings-set,CREATED,gid://shopify/Product/7986531991642,Effervesce Earrings Set,gid://shopify/Product/7986482053210|gid://shopify/Product/7986482249818,effervesce-earrings-set-60302764-908|effervesce-earrings-set-60302765-901,CONSOLIDATED_SOURCE_PARENTS=gid://shopify/Product/7986531991642|gid://shopify/Product/7986532155482 REUSED_PARENT=gid://shopify/Product/7986531991642
2026-09-06T14:21:43.495Z,MIM-T-en-pointe-earrings-set,CREATED,gid://shopify/Product/7986354487386,En Pointe Earrings Set,gid://shopify/Product/7986118197338|gid://shopify/Product/7986118295642|gid://shopify/Product/7986118459482,en-pointe-earrings-set-60306616-908|en-pointe-earrings-set-60306617-901|en-pointe-earrings-set-60306618-9570,CONSOLIDATED_SOURCE_PARENTS=gid://shopify/Product/7986354487386|gid://shopify/Product/7986354683994|gid://shopify/Product/7986354847834 REUSED_PARENT=gid://shopify/Product/7986354487386
2026-09-06T14:21:52.709Z,MIM-T-en-pointe-hoop-earrings,CREATED,gid://shopify/Product/7986359173210,En Pointe Hoop Earrings,gid://shopify/Product/7986128552026|gid://shopify/Product/7986128715866|gid://shopify/Product/7986191695962|gid://shopify/Product/7986192842842,en-pointe-hoop-earrings-60308122-611|en-pointe-hoop-earrings-60308123-1|en-pointe-hoop-earrings-60316603-101|en-pointe-hoop-earrings-60317436-84,CONSOLIDATED_SOURCE_PARENTS=gid://shopify/Product/7986359173210|gid://shopify/Product/7986359304282|gid://shopify/Product/7986407604314|gid://shopify/Product/7986411929690 REUSED_PARENT=gid://shopify/Product/7986359173210
2026-09-06T14:21:59.263Z,MIM-T-en-pointe-mini-stud-earrings,CREATED,gid://shopify/Product/7986355535962,En Pointe Mini Stud Earrings,gid://shopify/Product/7986121605210|gid://shopify/Product/7986121801818|gid://shopify/Product/7986132910170,en-pointe-mini-stud-earrings-60307759-174|en-pointe-mini-stud-earrings-60307760-1|en-pointe-mini-stud-earrings-60308735-611,CONSOLIDATED_SOURCE_PARENTS=gid://shopify/Product/7986355535962|gid://shopify/Product/7986355667034|gid://shopify/Product/7986367168602 REUSED_PARENT=gid://shopify/Product/7986355535962
2026-09-06T14:22:03.665Z,MIM-T-en-pointe-pearl-hoop-earrings,CREATED,gid://shopify/Product/7986352062554,En Pointe Pearl Hoop Earrings,gid://shopify/Product/7986115805274|gid://shopify/Product/7986115903578,en-pointe-pearl-hoop-earrings-60306622-901|en-pointe-pearl-hoop-earrings-60306623-908,CONSOLIDATED_SOURCE_PARENTS=gid://shopify/Product/7986352062554|gid://shopify/Product/7986352226394 REUSED_PARENT=gid://shopify/Product/7986352062554
2026-09-06T14:22:15.750Z,MIM-T-enamour-huggie-earrings,CREATED,gid://shopify/Product/7986420187226,Enamour Huggie Earrings,gid://shopify/Product/7986204409946|gid://shopify/Product/7986204606554|gid://shopify/Product/7986207293530|gid://shopify/Product/7986494865498|gid://shopify/Product/7986494898266,enamour-huggie-earrings-60319407-126|enamour-huggie-earrings-60319390-6012|enamour-huggie-earrings-60319384-1|enamour-huggie-earrings-60323936-458|enamour-huggie-earrings-60323938-620,CONSOLIDATED_SOURCE_PARENTS=gid://shopify/Product/7986420187226|gid://shopify/Product/7986420777050|gid://shopify/Product/7986419794010|gid://shopify/Product/7986536513626|gid://shopify/Product/7986536677466 REUSED_PARENT=gid://shopify/Product/7986420187226
2026-09-06T14:22:21.895Z,MIM-T-enamour-stud-ear,CREATED,gid://shopify/Product/8023578378330,Enamour Stud Ear,gid://shopify/Product/8023575724122|gid://shopify/Product/8023575887962|gid://shopify/Product/8023576084570,enamour-stud-ear-60326506-993|enamour-stud-ear-60326507-126|enamour-stud-ear-60326508-448,CONSOLIDATED_SOURCE_PARENTS=gid://shopify/Product/8023578378330|gid://shopify/Product/8023578542170|gid://shopify/Product/8023578771546 REUSED_PARENT=gid://shopify/Product/8023578378330
2026-09-06T14:22:25.887Z,MIM-T-encanto-bow-stud-earrings,CREATED,gid://shopify/Product/7986398560346,Encanto Bow Stud Earrings,gid://shopify/Product/7986180030554|gid://shopify/Product/7986180194394,encanto-bow-stud-earrings-60314068-9570|encanto-bow-stud-earrings-60314069-908,CONSOLIDATED_SOURCE_PARENTS=gid://shopify/Product/7986398560346|gid://shopify/Product/7986398756954 REUSED_PARENT=gid://shopify/Product/7986398560346
2026-09-06T14:22:32.953Z,MIM-T-encanto-charm-hoop-earrings,CREATED,gid://shopify/Product/7986388926554,Encanto Charm Hoop Earrings,gid://shopify/Product/7986166333530|gid://shopify/Product/7986166497370|gid://shopify/Product/7986166661210,encanto-charm-hoop-earrings-60313802-9570|encanto-charm-hoop-earrings-60313803-908|encanto-charm-hoop-earrings-60313804-901,CONSOLIDATED_SOURCE_PARENTS=gid://shopify/Product/7986388926554|gid://shopify/Product/7986389024858|gid://shopify/Product/7986389188698 REUSED_PARENT=gid://shopify/Product/7986388926554
2026-09-06T14:22:40.429Z,MIM-T-encanto-drop-earrings,CREATED,gid://shopify/Product/7986408554586,Encanto Drop Earrings,gid://shopify/Product/7986189271130|gid://shopify/Product/7986189631578|gid://shopify/Product/7986191237210,encanto-drop-earrings-60316471-9570|encanto-drop-earrings-60316474-901|encanto-drop-earrings-60316462-908,CONSOLIDATED_SOURCE_PARENTS=gid://shopify/Product/7986408554586|gid://shopify/Product/7986408783962|gid://shopify/Product/7986407047258 REUSED_PARENT=gid://shopify/Product/7986408554586
2026-09-06T14:22:46.866Z,MIM-T-encanto-earrings-and-necklace-set,CREATED,gid://shopify/Product/7986389712986,Encanto Earrings and Necklace Set,gid://shopify/Product/7986167021658|gid://shopify/Product/7986168103002|gid://shopify/Product/7986168266842,encanto-earrings-and-necklace-set-60313828-901|encanto-earrings-and-necklace-set-60313811-9570|encanto-earrings-and-necklace-set-60313812-908,CONSOLIDATED_SOURCE_PARENTS=gid://shopify/Product/7986389712986|gid://shopify/Product/7986390368346|gid://shopify/Product/7986390532186 REUSED_PARENT=gid://shopify/Product/7986389712986
2026-09-06T14:22:53.536Z,MIM-T-encanto-heart-hoop-earrings,CREATED,gid://shopify/Product/7986389352538,Encanto Heart Hoop Earrings,gid://shopify/Product/7986166923354|gid://shopify/Product/7986167087194|gid://shopify/Product/7986167283802,encanto-heart-hoop-earrings-60313805-9570|encanto-heart-hoop-earrings-60313806-908|encanto-heart-hoop-earrings-60313807-901,CONSOLIDATED_SOURCE_PARENTS=gid://shopify/Product/7986389352538|gid://shopify/Product/7986389516378|gid://shopify/Product/7986389680218 REUSED_PARENT=gid://shopify/Product/7986389352538
2026-09-06T14:23:00.500Z,MIM-T-encanto-pearl-stud-earrings,CREATED,gid://shopify/Product/7986390499418,Encanto Pearl Stud Earrings,gid://shopify/Product/7986167840858|gid://shopify/Product/7986168004698|gid://shopify/Product/7986168201306,encanto-pearl-stud-earrings-60313835-9570|encanto-pearl-stud-earrings-60313836-908|encanto-pearl-stud-earrings-60313837-901,CONSOLIDATED_SOURCE_PARENTS=gid://shopify/Product/7986390499418|gid://shopify/Product/7986390630490|gid://shopify/Product/7986390827098 REUSED_PARENT=gid://shopify/Product/7986390499418
2026-09-06T14:23:04.719Z,MIM-T-enchant-pearl-hoop-earrings,CREATED,gid://shopify/Product/7986294718554,Enchant Pearl Hoop Earrings,gid://shopify/Product/7986051809370|gid://shopify/Product/7986052005978,enchant-pearl-hoop-earrings-60278806-9570|enchant-pearl-hoop-earrings-60278807-901,CONSOLIDATED_SOURCE_PARENTS=gid://shopify/Product/7986294718554|gid://shopify/Product/7986294915162 REUSED_PARENT=gid://shopify/Product/7986294718554
2026-09-06T14:23:11.457Z,MIM-T-enchantment-crystal-drop-stud-earrings,CREATED,gid://shopify/Product/7986528747610,Enchantment Crystal Drop Stud Earrings,gid://shopify/Product/7986484838490|gid://shopify/Product/7986484969562|gid://shopify/Product/7986485133402,enchantment-crystal-drop-stud-earrings-60302581-908|enchantment-crystal-drop-stud-earrings-60302582-9570|enchantment-crystal-drop-stud-earrings-60302583-901,CONSOLIDATED_SOURCE_PARENTS=gid://shopify/Product/7986528747610|gid://shopify/Product/7986528944218|gid://shopify/Product/7986529140826 REUSED_PARENT=gid://shopify/Product/7986528747610
2026-09-06T14:23:15.559Z,MIM-T-endlessly-stud-earring-and-necklace-set,CREATED,gid://shopify/Product/7986532581466,Endlessly Stud Earring and Necklace Set,gid://shopify/Product/7986481758298|gid://shopify/Product/7986481922138,endlessly-stud-earring-and-necklace-set-60302677-908|endlessly-stud-earring-and-necklace-set-60302678-9570,CONSOLIDATED_SOURCE_PARENTS=gid://shopify/Product/7986532581466|gid://shopify/Product/7986532745306 REUSED_PARENT=gid://shopify/Product/7986532581466
2026-09-06T14:23:22.154Z,MIM-T-enliven-charm-hoop-earrings,CREATED,gid://shopify/Product/7986349834330,Enliven Charm Hoop Earrings,gid://shopify/Product/7986116919386|gid://shopify/Product/7986117115994|gid://shopify/Product/7986117279834,enliven-charm-hoop-earrings-60306557-908|enliven-charm-hoop-earrings-60306558-901|enliven-charm-hoop-earrings-60306560-9570,CONSOLIDATED_SOURCE_PARENTS=gid://shopify/Product/7986349834330|gid://shopify/Product/7986349998170|gid://shopify/Product/7986350194778 REUSED_PARENT=gid://shopify/Product/7986349834330
2026-09-06T14:23:28.596Z,MIM-T-enliven-large-hoop-earrings,CREATED,gid://shopify/Product/7986350325850,Enliven Large Hoop Earrings,gid://shopify/Product/7986117443674|gid://shopify/Product/7986117640282|gid://shopify/Product/7986117804122,enliven-large-hoop-earrings-60306561-9570|enliven-large-hoop-earrings-60306562-908|enliven-large-hoop-earrings-60306563-901,CONSOLIDATED_SOURCE_PARENTS=gid://shopify/Product/7986350325850|gid://shopify/Product/7986350489690|gid://shopify/Product/7986350653530 REUSED_PARENT=gid://shopify/Product/7986350325850
2026-09-06T14:23:35.110Z,MIM-T-enliven-pearl-drop-earrings,CREATED,gid://shopify/Product/7986349375578,Enliven Pearl Drop Earrings,gid://shopify/Product/7986116362330|gid://shopify/Product/7986116558938|gid://shopify/Product/7986116722778,enliven-pearl-drop-earrings-60306554-908|enliven-pearl-drop-earrings-60306555-901|enliven-pearl-drop-earrings-60306556-9570,CONSOLIDATED_SOURCE_PARENTS=gid://shopify/Product/7986349375578|gid://shopify/Product/7986349572186|gid://shopify/Product/7986349736026 REUSED_PARENT=gid://shopify/Product/7986349375578
2026-09-06T14:23:41.561Z,MIM-T-enliven-stud-earrings,CREATED,gid://shopify/Product/7986506924122,Enliven Stud Earrings,gid://shopify/Product/7986460688474|gid://shopify/Product/7986460885082|gid://shopify/Product/7986460983386,enliven-stud-earrings-60293886-901|enliven-stud-earrings-60293887-9570|enliven-stud-earrings-60293888-908,CONSOLIDATED_SOURCE_PARENTS=gid://shopify/Product/7986506924122|gid://shopify/Product/7986506989658|gid://shopify/Product/7986507055194 REUSED_PARENT=gid://shopify/Product/7986506924122
2026-09-06T14:23:47.913Z,MIM-T-enliven-thread-earrings,CREATED,gid://shopify/Product/7986350817370,Enliven Thread Earrings,gid://shopify/Product/7986117967962|gid://shopify/Product/7986118131802|gid://shopify/Product/7986118393946,enliven-thread-earrings-60306564-901|enliven-thread-earrings-60306565-908|enliven-thread-earrings-60306566-9570,CONSOLIDATED_SOURCE_PARENTS=gid://shopify/Product/7986350817370|gid://shopify/Product/7986351013978|gid://shopify/Product/7986351177818 REUSED_PARENT=gid://shopify/Product/7986350817370
2026-09-06T14:23:52.007Z,MIM-T-era-sterling-silver-hoop-earrings,CREATED,gid://shopify/Product/7986281742426,Era Sterling Silver Hoop Earrings,gid://shopify/Product/7986034933850|gid://shopify/Product/7986035130458,era-sterling-silver-hoop-earrings-60266951-9570|era-sterling-silver-hoop-earrings-60266952-901,CONSOLIDATED_SOURCE_PARENTS=gid://shopify/Product/7986281742426|gid://shopify/Product/7986281939034 REUSED_PARENT=gid://shopify/Product/7986281742426
2026-09-06T14:23:55.872Z,MIM-T-esse-stud-earrings,CREATED,gid://shopify/Product/7986294259802,Esse Stud Earrings,gid://shopify/Product/7986051317850|gid://shopify/Product/7986056069210,esse-stud-earrings-60278739-901|esse-stud-earrings-60282165-908,CONSOLIDATED_SOURCE_PARENTS=gid://shopify/Product/7986294259802|gid://shopify/Product/7986298224730 REUSED_PARENT=gid://shopify/Product/7986294259802
2026-09-06T14:23:59.874Z,MIM-T-essense-pearl-hoop-earrings,CREATED,gid://shopify/Product/7986390237274,Essense Pearl Hoop Earrings,gid://shopify/Product/7986163810394|gid://shopify/Product/7986163974234,essense-pearl-hoop-earrings-60313751-908|essense-pearl-hoop-earrings-60313752-9570,CONSOLIDATED_SOURCE_PARENTS=gid://shopify/Product/7986390237274|gid://shopify/Product/7986390401114 REUSED_PARENT=gid://shopify/Product/7986390237274
2026-09-06T14:24:04.398Z,MIM-T-estoile-hoop-earrings,CREATED,gid://shopify/Product/7986506235994,Estoile Hoop Earrings,gid://shopify/Product/7986460491866|gid://shopify/Product/7986460622938,estoile-hoop-earrings-60294686-908|estoile-hoop-earrings-60294687-901,CONSOLIDATED_SOURCE_PARENTS=gid://shopify/Product/7986506235994|gid://shopify/Product/7986506367066 REUSED_PARENT=gid://shopify/Product/7986506235994
2026-09-06T14:24:08.492Z,MIM-T-eternal-beauty-stud-earrings,CREATED,gid://shopify/Product/7986365202522,Eternal Beauty Stud Earrings,gid://shopify/Product/7986134057050|gid://shopify/Product/7986183438426,eternal-beauty-stud-earrings-60309033-611|eternal-beauty-stud-earrings-60314686-101,CONSOLIDATED_SOURCE_PARENTS=gid://shopify/Product/7986365202522|gid://shopify/Product/7986400886874 REUSED_PARENT=gid://shopify/Product/7986365202522
2026-09-06T14:24:12.487Z,MIM-T-exclaim-stud-earrings,CREATED,gid://shopify/Product/7986517966938,Exclaim Stud Earrings,gid://shopify/Product/7986473402458|gid://shopify/Product/7986473566298,exclaim-stud-earrings-60296724-901|exclaim-stud-earrings-60296726-908,CONSOLIDATED_SOURCE_PARENTS=gid://shopify/Product/7986517966938|gid://shopify/Product/7986518065242 REUSED_PARENT=gid://shopify/Product/7986517966938
2026-09-06T14:24:17.094Z,MIM-T-facette-oversized-stud-earrings,CREATED,gid://shopify/Product/7986522554458,Facette Oversized Stud Earrings,gid://shopify/Product/7986478121050|gid://shopify/Product/7986478317658,facette-oversized-stud-earrings-60302478-908|facette-oversized-stud-earrings-60302479-901,CONSOLIDATED_SOURCE_PARENTS=gid://shopify/Product/7986522554458|gid://shopify/Product/7986522751066 REUSED_PARENT=gid://shopify/Product/7986522554458
2026-09-06T14:24:23.853Z,MIM-T-finito-stud-earrings,CREATED,gid://shopify/Product/7986393350234,Finito Stud Earrings,gid://shopify/Product/7986172002394|gid://shopify/Product/7986172166234|gid://shopify/Product/7986172362842,finito-stud-earrings-60313945-908|finito-stud-earrings-60313946-901|finito-stud-earrings-60313947-9570,CONSOLIDATED_SOURCE_PARENTS=gid://shopify/Product/7986393350234|gid://shopify/Product/7986393481306|gid://shopify/Product/7986393612378 REUSED_PARENT=gid://shopify/Product/7986393350234
2026-09-06T14:24:27.950Z,MIM-T-flare-sterling-silver-single-charm-hoop-earring,CREATED,gid://shopify/Product/7986281316442,Flare Sterling Silver Single Charm Hoop Earring,gid://shopify/Product/7986034344026|gid://shopify/Product/7986034507866,flare-sterling-silver-single-charm-hoop-earring-60269130-9570|flare-sterling-silver-single-charm-hoop-earring-60269131-901,CONSOLIDATED_SOURCE_PARENTS=gid://shopify/Product/7986281316442|gid://shopify/Product/7986281480282 REUSED_PARENT=gid://shopify/Product/7986281316442
2026-09-06T14:24:32.046Z,MIM-T-fleur-crystal-stud-earrings,CREATED,gid://shopify/Product/7986324406362,Fleur Crystal Stud Earrings,gid://shopify/Product/7986086445146|gid://shopify/Product/7986086608986,fleur-crystal-stud-earrings-60291791-9570|fleur-crystal-stud-earrings-60291792-908,CONSOLIDATED_SOURCE_PARENTS=gid://shopify/Product/7986324406362|gid://shopify/Product/7986324537434 REUSED_PARENT=gid://shopify/Product/7986324406362
2026-09-06T14:24:39.624Z,MIM-T-fleur-stud-earrings,CREATED,gid://shopify/Product/7986321653850,Fleur Stud Earrings,gid://shopify/Product/7986083037274|gid://shopify/Product/7986083233882|gid://shopify/Product/7986083364954,fleur-stud-earrings-60291751-9570|fleur-stud-earrings-60291752-908|fleur-stud-earrings-60291753-901,CONSOLIDATED_SOURCE_PARENTS=gid://shopify/Product/7986321653850|gid://shopify/Product/7986321817690|gid://shopify/Product/7986321981530 REUSED_PARENT=gid://shopify/Product/7986321653850
2026-09-06T14:24:44.128Z,MIM-T-florete-stud-earrings,CREATED,gid://shopify/Product/7986357698650,Florete Stud Earrings,gid://shopify/Product/7986121998426|gid://shopify/Product/7986122227802,florete-stud-earrings-60307908-581|florete-stud-earrings-60307911-1,CONSOLIDATED_SOURCE_PARENTS=gid://shopify/Product/7986357698650|gid://shopify/Product/7986357862490 REUSED_PARENT=gid://shopify/Product/7986357698650
2026-09-06T14:24:50.888Z,MIM-T-fond-earrings-set,CREATED,gid://shopify/Product/7986393907290,Fond Earrings Set,gid://shopify/Product/7986169184346|gid://shopify/Product/7986169380954|gid://shopify/Product/7986172493914,fond-earrings-set-60313949-901|fond-earrings-set-60313950-9570|fond-earrings-set-60313948-908,CONSOLIDATED_SOURCE_PARENTS=gid://shopify/Product/7986393907290|gid://shopify/Product/7986394071130|gid://shopify/Product/7986393776218 REUSED_PARENT=gid://shopify/Product/7986393907290
2026-09-06T14:24:55.714Z,MIM-T-forever-love-stud-earrings,CREATED,gid://shopify/Product/7986400428122,Forever Love Stud Earrings,gid://shopify/Product/7986182586458|gid://shopify/Product/7986182750298,forever-love-stud-earrings-60314634-901|forever-love-stud-earrings-60314635-908,CONSOLIDATED_SOURCE_PARENTS=gid://shopify/Product/7986400428122|gid://shopify/Product/7986400591962 REUSED_PARENT=gid://shopify/Product/7986400428122
2026-09-06T14:24:59.693Z,MIM-T-found-link-drop-earrings,CREATED,gid://shopify/Product/7986510987354,Found Link Drop Earrings,gid://shopify/Product/7986465701978|gid://shopify/Product/7986466029658,found-link-drop-earrings-60296670-9570|found-link-drop-earrings-60296672-908,CONSOLIDATED_SOURCE_PARENTS=gid://shopify/Product/7986510987354|gid://shopify/Product/7986511315034 REUSED_PARENT=gid://shopify/Product/7986510987354
2026-09-06T14:25:03.739Z,MIM-T-found-link-stud-earrings,CREATED,gid://shopify/Product/7986510692442,Found Link Stud Earrings,gid://shopify/Product/7986465374298|gid://shopify/Product/7986465538138,found-link-stud-earrings-60296667-908|found-link-stud-earrings-60296669-9570,CONSOLIDATED_SOURCE_PARENTS=gid://shopify/Product/7986510692442|gid://shopify/Product/7986510823514 REUSED_PARENT=gid://shopify/Product/7986510692442
2026-09-06T14:25:08.091Z,MIM-T-fundamentals-sterling-silver-single-stud-e,CREATED,gid://shopify/Product/7986280300634,Fundamentals Sterling Silver Single Stud E,gid://shopify/Product/7986033197146|gid://shopify/Product/7986033328218,fundamentals-sterling-silver-single-stud-e-60266551-901|fundamentals-sterling-silver-single-stud-e-60266552-908,CONSOLIDATED_SOURCE_PARENTS=gid://shopify/Product/7986280300634|gid://shopify/Product/7986280431706 REUSED_PARENT=gid://shopify/Product/7986280300634
2026-09-06T14:25:12.290Z,MIM-T-glistening-earrings,CREATED,gid://shopify/Product/7986323161178,Glistening Earrings,gid://shopify/Product/7986081431642|gid://shopify/Product/7986081628250,glistening-earrings-60291732-297|glistening-earrings-60291733-9573,CONSOLIDATED_SOURCE_PARENTS=gid://shopify/Product/7986323161178|gid://shopify/Product/7986323325018 REUSED_PARENT=gid://shopify/Product/7986323161178
2026-09-06T14:25:19.150Z,MIM-T-glitters-drop-earrings,CREATED,gid://shopify/Product/7986374869082,Glitters Drop Earrings,gid://shopify/Product/7986147983450|gid://shopify/Product/7986149261402|gid://shopify/Product/7986149621850,glitters-drop-earrings-60310715-9570|glitters-drop-earrings-60310722-908|glitters-drop-earrings-60310724-901,CONSOLIDATED_SOURCE_PARENTS=gid://shopify/Product/7986374869082|gid://shopify/Product/7986377293914|gid://shopify/Product/7986377818202 REUSED_PARENT=gid://shopify/Product/7986374869082
2026-09-06T14:25:25.601Z,MIM-T-glitters-earrings-set,CREATED,gid://shopify/Product/7986375327834,Glitters Earrings Set,gid://shopify/Product/7986148180058|gid://shopify/Product/7986148409434|gid://shopify/Product/7986148573274,glitters-earrings-set-60310716-901|glitters-earrings-set-60310717-908|glitters-earrings-set-60310718-9570,CONSOLIDATED_SOURCE_PARENTS=gid://shopify/Product/7986375327834|gid://shopify/Product/7986375622746|gid://shopify/Product/7986375983194 REUSED_PARENT=gid://shopify/Product/7986375327834
2026-09-06T14:25:32.668Z,MIM-T-glitters-thread-earrings,CREATED,gid://shopify/Product/7986376343642,Glitters Thread Earrings,gid://shopify/Product/7986148704346|gid://shopify/Product/7986148900954|gid://shopify/Product/7986149064794,glitters-thread-earrings-60310719-908|glitters-thread-earrings-60310720-901|glitters-thread-earrings-60310721-9570,CONSOLIDATED_SOURCE_PARENTS=gid://shopify/Product/7986376343642|gid://shopify/Product/7986376671322|gid://shopify/Product/7986376999002 REUSED_PARENT=gid://shopify/Product/7986376343642
2026-09-06T14:25:39.628Z,MIM-T-glowy-crystal-stud,CREATED,gid://shopify/Product/7986540707930,Glowy Crystal Stud,gid://shopify/Product/7986491424858|gid://shopify/Product/7986491588698|gid://shopify/Product/7986495160410,glowy-crystal-stud-60325355-993|glowy-crystal-stud-60325356-382|glowy-crystal-stud-60325974-200,CONSOLIDATED_SOURCE_PARENTS=gid://shopify/Product/7986540707930|gid://shopify/Product/7986540806234|gid://shopify/Product/7986540150874 REUSED_PARENT=gid://shopify/Product/7986540707930
2026-09-06T14:25:44.034Z,MIM-T-glowy-crystal-stud-earrings,CREATED,gid://shopify/Product/7986427658330,Glowy Crystal Stud Earrings,gid://shopify/Product/7986215845978|gid://shopify/Product/7986218762330,glowy-crystal-stud-earrings-60321441-297|glowy-crystal-stud-earrings-60321439-458,CONSOLIDATED_SOURCE_PARENTS=gid://shopify/Product/7986427658330|gid://shopify/Product/7986427363418 REUSED_PARENT=gid://shopify/Product/7986427658330
2026-09-06T14:25:50.792Z,MIM-T-goddess-stud-earrings,CREATED,gid://shopify/Product/7986393743450,Goddess Stud Earrings,gid://shopify/Product/7986168692826|gid://shopify/Product/7986169872474|gid://shopify/Product/7986207555674,goddess-stud-earrings-60313866-657|goddess-stud-earrings-60313931-974|goddess-stud-earrings-60319386-3583,CONSOLIDATED_SOURCE_PARENTS=gid://shopify/Product/7986393743450|gid://shopify/Product/7986395218010|gid://shopify/Product/7986420121690 REUSED_PARENT=gid://shopify/Product/7986393743450
2026-09-06T14:25:54.989Z,MIM-T-groove-that-soothes-oversized-hoop-earrings,CREATED,gid://shopify/Product/7986523537498,Groove That Soothes Oversized Hoop Earrings,gid://shopify/Product/7986478776410|gid://shopify/Product/7986478940250,groove-that-soothes-oversized-hoop-earrings-60302429-908|groove-that-soothes-oversized-hoop-earrings-60302430-901,CONSOLIDATED_SOURCE_PARENTS=gid://shopify/Product/7986523537498|gid://shopify/Product/7986523734106 REUSED_PARENT=gid://shopify/Product/7986523537498
2026-09-06T14:25:58.883Z,MIM-T-groove-that-soothes-oversized-stud-earrings,CREATED,gid://shopify/Product/7986523373658,Groove That Soothes Oversized Stud Earrings,gid://shopify/Product/7986478645338|gid://shopify/Product/7986479104090,groove-that-soothes-oversized-stud-earrings-60302428-908|groove-that-soothes-oversized-stud-earrings-60302431-901,CONSOLIDATED_SOURCE_PARENTS=gid://shopify/Product/7986523373658|gid://shopify/Product/7986523930714 REUSED_PARENT=gid://shopify/Product/7986523373658
2026-09-06T14:26:02.975Z,MIM-T-hali-hoop-earring,CREATED,gid://shopify/Product/7986534809690,Hali Hoop Earring,gid://shopify/Product/7986493423706|gid://shopify/Product/7986493620314,hali-hoop-earring-60325210-908|hali-hoop-earring-60325212-9570,CONSOLIDATED_SOURCE_PARENTS=gid://shopify/Product/7986534809690|gid://shopify/Product/7986534973530 REUSED_PARENT=gid://shopify/Product/7986534809690
2026-09-06T14:26:09.738Z,MIM-T-halo-thread-earrings,CREATED,gid://shopify/Product/7986297798746,Halo Thread Earrings,gid://shopify/Product/7986055250010|gid://shopify/Product/7986055413850|gid://shopify/Product/7986056167514,halo-thread-earrings-60282036-1757|halo-thread-earrings-60282037-9570|halo-thread-earrings-60282061-901,CONSOLIDATED_SOURCE_PARENTS=gid://shopify/Product/7986297798746|gid://shopify/Product/7986297962586|gid://shopify/Product/7986298749018 REUSED_PARENT=gid://shopify/Product/7986297798746
2026-09-06T14:26:14.036Z,MIM-T-harmony-charm-huggie-earrings,CREATED,gid://shopify/Product/7986300878938,Harmony Charm Huggie Earrings,gid://shopify/Product/7986055315546|gid://shopify/Product/7986057445466,harmony-charm-huggie-earrings-60282124-3273|harmony-charm-huggie-earrings-60282369-1625,CONSOLIDATED_SOURCE_PARENTS=gid://shopify/Product/7986300878938|gid://shopify/Product/7986299306074 REUSED_PARENT=gid://shopify/Product/7986300878938
2026-09-06T14:26:18.073Z,MIM-T-harmonyka-stud,CREATED,gid://shopify/Product/7986262212698,Harmonyka Stud,gid://shopify/Product/7986014879834|gid://shopify/Product/7986015043674,harmonyka-stud-60243342-9570|harmonyka-stud-60243343-901,CONSOLIDATED_SOURCE_PARENTS=gid://shopify/Product/7986262212698|gid://shopify/Product/7986262343770 REUSED_PARENT=gid://shopify/Product/7986262212698
2026-09-06T14:26:22.043Z,MIM-T-heart-thread-earrings,CREATED,gid://shopify/Product/7986330042458,Heart Thread Earrings,gid://shopify/Product/7986089525338|gid://shopify/Product/7986093850714,heart-thread-earrings-60297115-9570|heart-thread-earrings-60297366-908,CONSOLIDATED_SOURCE_PARENTS=gid://shopify/Product/7986330042458|gid://shopify/Product/7986330337370 REUSED_PARENT=gid://shopify/Product/7986330042458
2026-09-06T14:26:28.964Z,MIM-T-heart-to-heart-earrings,CREATED,gid://shopify/Product/7986373460058,Heart to Heart Earrings,gid://shopify/Product/7986146050138|gid://shopify/Product/7986146443354|gid://shopify/Product/7986146738266,heart-to-heart-earrings-60310706-908|heart-to-heart-earrings-60310707-901|heart-to-heart-earrings-60310708-9570,CONSOLIDATED_SOURCE_PARENTS=gid://shopify/Product/7986373460058|gid://shopify/Product/7986373623898|gid://shopify/Product/7986373754970 REUSED_PARENT=gid://shopify/Product/7986373460058
2026-09-06T14:26:35.949Z,MIM-T-heart-to-heart-hoop-earrings,CREATED,gid://shopify/Product/7986373918810,Heart to Heart Hoop Earrings,gid://shopify/Product/7986146869338|gid://shopify/Product/7986147033178|gid://shopify/Product/7986147229786,heart-to-heart-hoop-earrings-60310709-901|heart-to-heart-hoop-earrings-60310710-908|heart-to-heart-hoop-earrings-60310711-9570,CONSOLIDATED_SOURCE_PARENTS=gid://shopify/Product/7986373918810|gid://shopify/Product/7986374082650|gid://shopify/Product/7986374246490 REUSED_PARENT=gid://shopify/Product/7986373918810
2026-09-06T14:26:43.424Z,MIM-T-heart-to-heart-stud,CREATED,gid://shopify/Product/7986405638234,Heart to Heart Stud,gid://shopify/Product/7986185928794|gid://shopify/Product/7986187042906|gid://shopify/Product/7986187337818,heart-to-heart-stud-60316407-9570|heart-to-heart-stud-60316421-901|heart-to-heart-stud-60316393-908,CONSOLIDATED_SOURCE_PARENTS=gid://shopify/Product/7986405638234|gid://shopify/Product/7986406916186|gid://shopify/Product/7986403704922 REUSED_PARENT=gid://shopify/Product/7986405638234
2026-09-06T14:26:47.930Z,MIM-T-hearted-hoops,CREATED,gid://shopify/Product/7986408456282,Hearted Hoops,gid://shopify/Product/7986189107290|gid://shopify/Product/7986191073370,hearted-hoops-60316470-9570|hearted-hoops-60316461-908,CONSOLIDATED_SOURCE_PARENTS=gid://shopify/Product/7986408456282|gid://shopify/Product/7986406883418 REUSED_PARENT=gid://shopify/Product/7986408456282
2026-09-06T14:26:52.025Z,MIM-T-heartfelt-stud-earrings-set,CREATED,gid://shopify/Product/7986397216858,Heartfelt Stud Earrings Set,gid://shopify/Product/7986178588762|gid://shopify/Product/7986178719834,heartfelt-stud-earrings-set-60314081-908|heartfelt-stud-earrings-set-60314082-901,CONSOLIDATED_SOURCE_PARENTS=gid://shopify/Product/7986397216858|gid://shopify/Product/7986397380698 REUSED_PARENT=gid://shopify/Product/7986397216858
2026-09-06T14:26:58.998Z,MIM-T-hype-drop-earrings,CREATED,gid://shopify/Product/7986326044762,Hype Drop Earrings,gid://shopify/Product/7986084970586|gid://shopify/Product/7986086838362|gid://shopify/Product/7986087034970,hype-drop-earrings-60291821-1|hype-drop-earrings-60291909-124|hype-drop-earrings-60291910-7783,CONSOLIDATED_SOURCE_PARENTS=gid://shopify/Product/7986326044762|gid://shopify/Product/7986327650394|gid://shopify/Product/7986327814234 REUSED_PARENT=gid://shopify/Product/7986326044762
2026-09-06T14:27:02.984Z,MIM-T-i-feel-love-hook-earrings,CREATED,gid://shopify/Product/7986526978138,I Feel Love Hook Earrings,gid://shopify/Product/7986475106394|gid://shopify/Product/7986482085978,i-feel-love-hook-earrings-60302449-908|i-feel-love-hook-earrings-60302679-9541,CONSOLIDATED_SOURCE_PARENTS=gid://shopify/Product/7986526978138|gid://shopify/Product/7986532941914 REUSED_PARENT=gid://shopify/Product/7986526978138
2026-09-06T14:27:07.183Z,MIM-T-identity-stud-earrings-and-necklace-set,CREATED,gid://shopify/Product/7986532352090,Identity Stud Earrings and Necklace Set,gid://shopify/Product/7986481594458|gid://shopify/Product/7986487820378,identity-stud-earrings-and-necklace-set-60302676-901|identity-stud-earrings-and-necklace-set-60302675-908,CONSOLIDATED_SOURCE_PARENTS=gid://shopify/Product/7986532352090|gid://shopify/Product/7986532188250 REUSED_PARENT=gid://shopify/Product/7986532352090
2026-09-06T14:27:11.176Z,MIM-T-idol-earrings-set,CREATED,gid://shopify/Product/7986332663898,Idol Earrings Set,gid://shopify/Product/7986092998746|gid://shopify/Product/7986096767066,idol-earrings-set-60298285-908|idol-earrings-set-60298499-901,CONSOLIDATED_SOURCE_PARENTS=gid://shopify/Product/7986332663898|gid://shopify/Product/7986335383642 REUSED_PARENT=gid://shopify/Product/7986332663898
2026-09-06T14:27:18.344Z,MIM-T-illumine-earrings-and-necklace-set,CREATED,gid://shopify/Product/7986529763418,Illumine Earrings and Necklace Set,gid://shopify/Product/7986486575194|gid://shopify/Product/7986486739034|gid://shopify/Product/7986486902874,illumine-earrings-and-necklace-set-60302749-901|illumine-earrings-and-necklace-set-60302750-908|illumine-earrings-and-necklace-set-60302751-9570,CONSOLIDATED_SOURCE_PARENTS=gid://shopify/Product/7986529763418|gid://shopify/Product/7986529894490|gid://shopify/Product/7986530058330 REUSED_PARENT=gid://shopify/Product/7986529763418
2026-09-06T14:27:25.409Z,MIM-T-illusion-hoop-earrings,CREATED,gid://shopify/Product/7986527338586,Illusion Hoop Earrings,gid://shopify/Product/7986475630682|gid://shopify/Product/7986475794522|gid://shopify/Product/7986475958362,illusion-hoop-earrings-60302451-908|illusion-hoop-earrings-60302452-901|illusion-hoop-earrings-60302453-9570,CONSOLIDATED_SOURCE_PARENTS=gid://shopify/Product/7986527338586|gid://shopify/Product/7986527436890|gid://shopify/Product/7986527567962 REUSED_PARENT=gid://shopify/Product/7986527338586
2026-09-06T14:27:31.862Z,MIM-T-in-a-dream-stud-earrings,CREATED,gid://shopify/Product/7986367758426,In a Dream Stud Earrings,gid://shopify/Product/7986133532762|gid://shopify/Product/7986133794906|gid://shopify/Product/7986133925978,in-a-dream-stud-earrings-60308938-908|in-a-dream-stud-earrings-60308939-321|in-a-dream-stud-earrings-60308940-901,CONSOLIDATED_SOURCE_PARENTS=gid://shopify/Product/7986367758426|gid://shopify/Product/7986367889498|gid://shopify/Product/7986368053338 REUSED_PARENT=gid://shopify/Product/7986367758426
2026-09-06T14:27:38.312Z,MIM-T-in-a-knot-stud-earrings,CREATED,gid://shopify/Product/7986330370138,In a Knot Stud Earrings,gid://shopify/Product/7986089885786|gid://shopify/Product/7986469601370|gid://shopify/Product/7986469765210,in-a-knot-stud-earrings-60297117-9570|in-a-knot-stud-earrings-60296696-901|in-a-knot-stud-earrings-60296697-908,CONSOLIDATED_SOURCE_PARENTS=gid://shopify/Product/7986330370138|gid://shopify/Product/7986514788442|gid://shopify/Product/7986514919514 REUSED_PARENT=gid://shopify/Product/7986330370138
2026-09-06T14:27:42.101Z,MIM-T-in-knots-hoop,CREATED,gid://shopify/Product/7986539954266,In Knots Hoop,gid://shopify/Product/7986491359322|gid://shopify/Product/7986491523162,in-knots-hoop-60325304-901|in-knots-hoop-60325305-908,CONSOLIDATED_SOURCE_PARENTS=gid://shopify/Product/7986539954266|gid://shopify/Product/7986540085338 REUSED_PARENT=gid://shopify/Product/7986539954266
2026-09-06T14:27:46.094Z,MIM-T-in-knots-stud,CREATED,gid://shopify/Product/7986540740698,In Knots Stud,gid://shopify/Product/7986492473434|gid://shopify/Product/7986492637274,in-knots-stud-60325311-901|in-knots-stud-60325312-908,CONSOLIDATED_SOURCE_PARENTS=gid://shopify/Product/7986540740698|gid://shopify/Product/7986540871770 REUSED_PARENT=gid://shopify/Product/7986540740698
2026-09-06T14:27:50.497Z,MIM-T-instrumental-huggie-hoop-earrings,CREATED,gid://shopify/Product/7986335350874,Instrumental Huggie Hoop Earrings,gid://shopify/Product/7986096308314|gid://shopify/Product/7986469699674,instrumental-huggie-hoop-earrings-60298442-908|instrumental-huggie-hoop-earrings-60300514-901,CONSOLIDATED_SOURCE_PARENTS=gid://shopify/Product/7986335350874|gid://shopify/Product/7986514755674 REUSED_PARENT=gid://shopify/Product/7986335350874
2026-09-06T14:27:54.388Z,MIM-T-into-the-fold-wide-hoop-earrings,CREATED,gid://shopify/Product/7986336727130,Into the Fold Wide Hoop Earrings,gid://shopify/Product/7986098864218|gid://shopify/Product/7986099126362,into-the-fold-wide-hoop-earrings-60298550-908|into-the-fold-wide-hoop-earrings-60298551-901,CONSOLIDATED_SOURCE_PARENTS=gid://shopify/Product/7986336727130|gid://shopify/Product/7986336923738 REUSED_PARENT=gid://shopify/Product/7986336727130
2026-09-06T14:28:01.249Z,MIM-T-joplin-stud-earrings,CREATED,gid://shopify/Product/7986306154586,Joplin Stud Earrings,gid://shopify/Product/7986061181018|gid://shopify/Product/7986061344858|gid://shopify/Product/7986064621658,joplin-stud-earrings-60285157-901|joplin-stud-earrings-60285160-908|joplin-stud-earrings-60285156-9570,CONSOLIDATED_SOURCE_PARENTS=gid://shopify/Product/7986306154586|gid://shopify/Product/7986306285658|gid://shopify/Product/7986305957978 REUSED_PARENT=gid://shopify/Product/7986306154586
2026-09-06T14:28:05.139Z,MIM-T-juicy-hoop-earrings,CREATED,gid://shopify/Product/7986533367898,Juicy Hoop Earrings,gid://shopify/Product/7986483593306|gid://shopify/Product/7986483757146,juicy-hoop-earrings-60302730-908|juicy-hoop-earrings-60302731-901,CONSOLIDATED_SOURCE_PARENTS=gid://shopify/Product/7986533367898|gid://shopify/Product/7986533564506 REUSED_PARENT=gid://shopify/Product/7986533367898
2026-09-06T14:28:12.718Z,MIM-T-just-perfect-pearl-stud-earrings,CREATED,gid://shopify/Product/7986376769626,Just Perfect Pearl Stud Earrings,gid://shopify/Product/7986146902106|gid://shopify/Product/7986147065946|gid://shopify/Product/7986147295322,just-perfect-pearl-stud-earrings-60310755-9570|just-perfect-pearl-stud-earrings-60310756-908|just-perfect-pearl-stud-earrings-60310757-901,CONSOLIDATED_SOURCE_PARENTS=gid://shopify/Product/7986376769626|gid://shopify/Product/7986376966234|gid://shopify/Product/7986377097306 REUSED_PARENT=gid://shopify/Product/7986376769626
2026-09-06T14:28:16.714Z,MIM-T-kaleidos-huggie,CREATED,gid://shopify/Product/7986540544090,Kaleidos Huggie,gid://shopify/Product/7986492178522|gid://shopify/Product/7986492309594,kaleidos-huggie-60325309-993|kaleidos-huggie-60325310-4174,CONSOLIDATED_SOURCE_PARENTS=gid://shopify/Product/7986540544090|gid://shopify/Product/7986540675162 REUSED_PARENT=gid://shopify/Product/7986540544090
2026-09-06T14:28:20.848Z,MIM-T-kingdom-drop-earrings,CREATED,gid://shopify/Product/7986289573978,Kingdom Drop Earrings,gid://shopify/Product/7986042175578|gid://shopify/Product/7986042339418,kingdom-drop-earrings-60273880-4059|kingdom-drop-earrings-60273882-9909,CONSOLIDATED_SOURCE_PARENTS=gid://shopify/Product/7986289573978|gid://shopify/Product/7986289737818 REUSED_PARENT=gid://shopify/Product/7986289573978
2026-09-06T14:28:27.362Z,MIM-T-knot-me-micro-hoop-earrings,CREATED,gid://shopify/Product/7986337251418,Knot Me Micro Hoop Earrings,gid://shopify/Product/7986099388506|gid://shopify/Product/7986099454042|gid://shopify/Product/7986103058522,knot-me-micro-hoop-earrings-60298554-901|knot-me-micro-hoop-earrings-60298555-908|knot-me-micro-hoop-earrings-60299075-9570,CONSOLIDATED_SOURCE_PARENTS=gid://shopify/Product/7986337251418|gid://shopify/Product/7986337448026|gid://shopify/Product/7986340003930 REUSED_PARENT=gid://shopify/Product/7986337251418
2026-09-06T14:28:33.610Z,MIM-T-knot-me-micro-stud-earrings,CREATED,gid://shopify/Product/7986337644634,Knot Me Micro Stud Earrings,gid://shopify/Product/7986099486810|gid://shopify/Product/7986099552346|gid://shopify/Product/7986103189594,knot-me-micro-stud-earrings-60298556-908|knot-me-micro-stud-earrings-60298557-901|knot-me-micro-stud-earrings-60299076-9570,CONSOLIDATED_SOURCE_PARENTS=gid://shopify/Product/7986337644634|gid://shopify/Product/7986337841242|gid://shopify/Product/7986340167770 REUSED_PARENT=gid://shopify/Product/7986337644634
2026-09-06T14:28:37.703Z,MIM-T-la-la-stud-earrings,CREATED,gid://shopify/Product/7986281250906,La-La Stud Earrings,gid://shopify/Product/7986034376794|gid://shopify/Product/7986036047962,la-la-stud-earrings-60267241-969|la-la-stud-earrings-60267285-9841,CONSOLIDATED_SOURCE_PARENTS=gid://shopify/Product/7986281250906|gid://shopify/Product/7986282528858 REUSED_PARENT=gid://shopify/Product/7986281250906
2026-09-06T14:28:41.903Z,MIM-T-lace-heart-hoop-earrings,CREATED,gid://shopify/Product/7986412126298,Lace Heart Hoop Earrings,gid://shopify/Product/7986193465434|gid://shopify/Product/7986193662042,lace-heart-hoop-earrings-60316668-6121|lace-heart-hoop-earrings-60316669-686,CONSOLIDATED_SOURCE_PARENTS=gid://shopify/Product/7986412126298|gid://shopify/Product/7986409177178 REUSED_PARENT=gid://shopify/Product/7986412126298
2026-09-06T14:28:46.659Z,MIM-T-lace-heart-stud-earrings,CREATED,gid://shopify/Product/7986411896922,Lace Heart Stud Earrings,gid://shopify/Product/7986193137754|gid://shopify/Product/7986193268826,lace-heart-stud-earrings-60316666-6121|lace-heart-stud-earrings-60316667-686,CONSOLIDATED_SOURCE_PARENTS=gid://shopify/Product/7986411896922|gid://shopify/Product/7986412027994 REUSED_PARENT=gid://shopify/Product/7986411896922
2026-09-06T14:28:50.505Z,MIM-T-le-clique-earrings-and-necklace-set,CREATED,gid://shopify/Product/7986529435738,Le Clique Earrings and Necklace Set,gid://shopify/Product/7986486247514|gid://shopify/Product/7986486411354,le-clique-earrings-and-necklace-set-60302747-908|le-clique-earrings-and-necklace-set-60302748-901,CONSOLIDATED_SOURCE_PARENTS=gid://shopify/Product/7986529435738|gid://shopify/Product/7986529599578 REUSED_PARENT=gid://shopify/Product/7986529435738
2026-09-06T14:28:57.263Z,MIM-T-lets-connect-hoop-earrings,CREATED,gid://shopify/Product/7986377850970,Lets Connect Hoop Earrings,gid://shopify/Product/7986150277210|gid://shopify/Product/7986153652314|gid://shopify/Product/7986153750618,lets-connect-hoop-earrings-60311140-9570|lets-connect-hoop-earrings-60311138-908|lets-connect-hoop-earrings-60311139-901,CONSOLIDATED_SOURCE_PARENTS=gid://shopify/Product/7986377850970|gid://shopify/Product/7986377588826|gid://shopify/Product/7986377687130 REUSED_PARENT=gid://shopify/Product/7986377850970
2026-09-06T14:29:03.509Z,MIM-T-lets-groove-hoop-earrings,CREATED,gid://shopify/Product/7986335678554,Lets Groove Hoop Earrings,gid://shopify/Product/7986096668762|gid://shopify/Product/7986096832602|gid://shopify/Product/7986101780570,lets-groove-hoop-earrings-60298444-908|lets-groove-hoop-earrings-60298445-901|lets-groove-hoop-earrings-60299189-9570,CONSOLIDATED_SOURCE_PARENTS=gid://shopify/Product/7986335678554|gid://shopify/Product/7986335842394|gid://shopify/Product/7986339545178 REUSED_PARENT=gid://shopify/Product/7986335678554
2026-09-06T14:29:07.708Z,MIM-T-lets-groove-large-hoop-earrings,CREATED,gid://shopify/Product/7986336006234,Lets Groove Large Hoop Earrings,gid://shopify/Product/7986096996442|gid://shopify/Product/7986097127514,lets-groove-large-hoop-earrings-60298447-901|lets-groove-large-hoop-earrings-60298448-908,CONSOLIDATED_SOURCE_PARENTS=gid://shopify/Product/7986336006234|gid://shopify/Product/7986336137306 REUSED_PARENT=gid://shopify/Product/7986336006234
2026-09-06T14:29:14.052Z,MIM-T-lets-groove-stud-earrings,CREATED,gid://shopify/Product/7986336301146,Lets Groove Stud Earrings,gid://shopify/Product/7986097291354|gid://shopify/Product/7986097422426|gid://shopify/Product/7986102960218,lets-groove-stud-earrings-60298449-908|lets-groove-stud-earrings-60298450-901|lets-groove-stud-earrings-60299051-9570,CONSOLIDATED_SOURCE_PARENTS=gid://shopify/Product/7986336301146|gid://shopify/Product/7986336464986|gid://shopify/Product/7986339905626 REUSED_PARENT=gid://shopify/Product/7986336301146
2026-09-06T14:29:18.357Z,MIM-T-lets-groove-thin-hoop-earrings,CREATED,gid://shopify/Product/7986336628826,Lets Groove Thin Hoop Earrings,gid://shopify/Product/7986097619034|gid://shopify/Product/7986097717338,lets-groove-thin-hoop-earrings-60298451-901|lets-groove-thin-hoop-earrings-60298452-908,CONSOLIDATED_SOURCE_PARENTS=gid://shopify/Product/7986336628826|gid://shopify/Product/7986336792666 REUSED_PARENT=gid://shopify/Product/7986336628826
2026-09-06T14:29:23.075Z,MIM-T-link-up-hoop-earrings,CREATED,gid://shopify/Product/7986357764186,Link Up Hoop Earrings,gid://shopify/Product/7986120589402|gid://shopify/Product/7986120720474,link-up-hoop-earrings-60307846-908|link-up-hoop-earrings-60307847-901,CONSOLIDATED_SOURCE_PARENTS=gid://shopify/Product/7986357764186|gid://shopify/Product/7986357928026 REUSED_PARENT=gid://shopify/Product/7986357764186
2026-09-06T14:29:27.778Z,MIM-T-lively-charm-hoop-earrings,CREATED,gid://shopify/Product/7986289705050,Lively Charm Hoop Earrings,gid://shopify/Product/7986041749594|gid://shopify/Product/7986041946202,lively-charm-hoop-earrings-60274262-4059|lively-charm-hoop-earrings-60274264-667,CONSOLIDATED_SOURCE_PARENTS=gid://shopify/Product/7986289705050|gid://shopify/Product/7986289901658 REUSED_PARENT=gid://shopify/Product/7986289705050
2026-09-06T14:29:32.100Z,MIM-T-lockette-charm-hoop-earrings,CREATED,gid://shopify/Product/7986408259674,Lockette Charm Hoop Earrings,gid://shopify/Product/7986188779610|gid://shopify/Product/7986190745690,lockette-charm-hoop-earrings-60316469-9570|lockette-charm-hoop-earrings-60316459-908,CONSOLIDATED_SOURCE_PARENTS=gid://shopify/Product/7986408259674|gid://shopify/Product/7986406522970 REUSED_PARENT=gid://shopify/Product/7986408259674
2026-09-06T14:29:38.735Z,MIM-T-lockette-stud-earrings,CREATED,gid://shopify/Product/7986408685658,Lockette Stud Earrings,gid://shopify/Product/7986189434970|gid://shopify/Product/7986190549082|gid://shopify/Product/7986192318554,lockette-stud-earrings-60316473-901|lockette-stud-earrings-60316458-908|lockette-stud-earrings-60316468-9570,CONSOLIDATED_SOURCE_PARENTS=gid://shopify/Product/7986408685658|gid://shopify/Product/7986406359130|gid://shopify/Product/7986408095834 REUSED_PARENT=gid://shopify/Product/7986408685658
2026-09-06T14:29:42.831Z,MIM-T-love-and-luck-stud-earrings,CREATED,gid://shopify/Product/7986375131226,Love & Luck Stud Earrings,gid://shopify/Product/7986144182362|gid://shopify/Product/7986144378970,love-luck-stud-earrings-60310666-908|love-luck-stud-earrings-60310667-9570,CONSOLIDATED_SOURCE_PARENTS=gid://shopify/Product/7986375131226|gid://shopify/Product/7986371887194 REUSED_PARENT=gid://shopify/Product/7986375131226
2026-09-06T14:29:46.723Z,MIM-T-love-bound-drop-ear,CREATED,gid://shopify/Product/7986540904538,Love Bound Drop Ear,gid://shopify/Product/7986491916378|gid://shopify/Product/7986493489242,love-bound-drop-ear-60325358-908|love-bound-drop-ear-60325318-901,CONSOLIDATED_SOURCE_PARENTS=gid://shopify/Product/7986540904538|gid://shopify/Product/7986535399514 REUSED_PARENT=gid://shopify/Product/7986540904538
2026-09-06T14:29:50.716Z,MIM-T-love-bound-stud,CREATED,gid://shopify/Product/7986540839002,Love Bound Stud,gid://shopify/Product/7986491752538|gid://shopify/Product/7986493653082,love-bound-stud-60325357-908|love-bound-stud-60325319-901,CONSOLIDATED_SOURCE_PARENTS=gid://shopify/Product/7986540839002|gid://shopify/Product/7986535596122 REUSED_PARENT=gid://shopify/Product/7986540839002
2026-09-06T14:29:54.913Z,MIM-T-lovely-charm-hoop-earrings,CREATED,gid://shopify/Product/7986393874522,Lovely Charm Hoop Earrings,gid://shopify/Product/7986168791130|gid://shopify/Product/7986168823898,lovely-charm-hoop-earrings-60313867-908|lovely-charm-hoop-earrings-60313868-9570,CONSOLIDATED_SOURCE_PARENTS=gid://shopify/Product/7986393874522|gid://shopify/Product/7986394005594 REUSED_PARENT=gid://shopify/Product/7986393874522
2026-09-06T14:29:58.805Z,MIM-T-lovely-enamel-stud-earrings,CREATED,gid://shopify/Product/7986392858714,Lovely Enamel Stud Earrings,gid://shopify/Product/7986167578714|gid://shopify/Product/7986167906394,lovely-enamel-stud-earrings-60313854-126|lovely-enamel-stud-earrings-60313855-657,CONSOLIDATED_SOURCE_PARENTS=gid://shopify/Product/7986392858714|gid://shopify/Product/7986393022554 REUSED_PARENT=gid://shopify/Product/7986392858714
2026-09-06T14:30:03.004Z,MIM-T-lovely-heart-drop-earrings,CREATED,gid://shopify/Product/7986394300506,Lovely Heart Drop Earrings,gid://shopify/Product/7986165416026|gid://shopify/Product/7986165514330,lovely-heart-drop-earrings-60313870-9570|lovely-heart-drop-earrings-60313871-908,CONSOLIDATED_SOURCE_PARENTS=gid://shopify/Product/7986394300506|gid://shopify/Product/7986394464346 REUSED_PARENT=gid://shopify/Product/7986394300506
2026-09-06T14:30:09.865Z,MIM-T-lovely-stud-earrings,CREATED,gid://shopify/Product/7986393186394,Lovely Stud Earrings,gid://shopify/Product/7986168070234|gid://shopify/Product/7986168430682|gid://shopify/Product/7986168528986,lovely-stud-earrings-60313857-9570|lovely-stud-earrings-60313858-908|lovely-stud-earrings-60313859-901,CONSOLIDATED_SOURCE_PARENTS=gid://shopify/Product/7986393186394|gid://shopify/Product/7986393284698|gid://shopify/Product/7986393415770 REUSED_PARENT=gid://shopify/Product/7986393186394
2026-09-06T14:30:16.316Z,MIM-T-lovely-thread-earrings,CREATED,gid://shopify/Product/7986395021402,Lovely Thread Earrings,gid://shopify/Product/7986166104154|gid://shopify/Product/7986166267994|gid://shopify/Product/7986166399066,lovely-thread-earrings-60313875-908|lovely-thread-earrings-60313876-9570|lovely-thread-earrings-60313877-901,CONSOLIDATED_SOURCE_PARENTS=gid://shopify/Product/7986395021402|gid://shopify/Product/7986392170586|gid://shopify/Product/7986392465498 REUSED_PARENT=gid://shopify/Product/7986395021402
2026-09-06T14:30:23.484Z,MIM-T-lover-heart-earrings-and-necklace-set,CREATED,gid://shopify/Product/7986391482458,Lover Heart Earrings and Necklace Set,gid://shopify/Product/7986161811546|gid://shopify/Product/7986169479258|gid://shopify/Product/7986169610330,lover-heart-earrings-and-necklace-set-60313759-1|lover-heart-earrings-and-necklace-set-60313994-174|lover-heart-earrings-and-necklace-set-60313995-178,CONSOLIDATED_SOURCE_PARENTS=gid://shopify/Product/7986391482458|gid://shopify/Product/7986397413466|gid://shopify/Product/7986397577306 REUSED_PARENT=gid://shopify/Product/7986391482458
2026-09-06T14:30:38.230Z,MIM-T-lover-heart-stud-earrings,CREATED,gid://shopify/Product/7986374508634,Lover Heart Stud Earrings,gid://shopify/Product/7986142806106|gid://shopify/Product/7986142969946|gid://shopify/Product/7986162401370|gid://shopify/Product/7986191859802|gid://shopify/Product/7986476875866|gid://shopify/Product/7986477039706,lover-heart-stud-earrings-60310658-1|lover-heart-stud-earrings-60310659-178|lover-heart-stud-earrings-60313735-4155|lover-heart-stud-earrings-60316605-101|lover-heart-stud-earrings-60302469-6522|lover-heart-stud-earrings-60302470-100,CONSOLIDATED_SOURCE_PARENTS=gid://shopify/Product/7986374508634|gid://shopify/Product/7986374705242|gid://shopify/Product/7986388861018|gid://shopify/Product/7986407768154|gid://shopify/Product/7986521276506|gid://shopify/Product/7986521407578 REUSED_PARENT=gid://shopify/Product/7986374508634
2026-09-06T14:30:45.090Z,MIM-T-lucent-hoop-earrings,CREATED,gid://shopify/Product/7986265030746,Lucent Hoop Earrings,gid://shopify/Product/7986017173594|gid://shopify/Product/7986017337434|gid://shopify/Product/7986019303514,lucent-hoop-earrings-60243558-9570|lucent-hoop-earrings-60243559-901|lucent-hoop-earrings-60244121-908,CONSOLIDATED_SOURCE_PARENTS=gid://shopify/Product/7986265030746|gid://shopify/Product/7986265194586|gid://shopify/Product/7986266570842 REUSED_PARENT=gid://shopify/Product/7986265030746
2026-09-06T14:30:49.287Z,MIM-T-lucent-small-hoop-earrings,CREATED,gid://shopify/Product/7986521014362,Lucent Small Hoop Earrings,gid://shopify/Product/7986476417114|gid://shopify/Product/7986476613722,lucent-small-hoop-earrings-60302383-901|lucent-small-hoop-earrings-60302384-908,CONSOLIDATED_SOURCE_PARENTS=gid://shopify/Product/7986521014362|gid://shopify/Product/7986521112666 REUSED_PARENT=gid://shopify/Product/7986521014362
2026-09-06T14:30:55.536Z,MIM-T-lumi-drop-ear,CREATED,gid://shopify/Product/7986540118106,Lumi Drop Ear,gid://shopify/Product/7986492932186|gid://shopify/Product/7986493096026|gid://shopify/Product/7986493259866,lumi-drop-ear-60325207-908|lumi-drop-ear-60325208-901|lumi-drop-ear-60325209-9570,CONSOLIDATED_SOURCE_PARENTS=gid://shopify/Product/7986540118106|gid://shopify/Product/7986540216410|gid://shopify/Product/7986534678618 REUSED_PARENT=gid://shopify/Product/7986540118106
2026-09-06T14:30:59.569Z,MIM-T-lumina-lrg-stud,CREATED,gid://shopify/Product/7986537070682,Lumina Lrg Stud,gid://shopify/Product/7986488672346|gid://shopify/Product/7986489491546,lumina-lrg-stud-60325332-200|lumina-lrg-stud-60325338-2344,CONSOLIDATED_SOURCE_PARENTS=gid://shopify/Product/7986537070682|gid://shopify/Product/7986538250330 REUSED_PARENT=gid://shopify/Product/7986537070682
2026-09-06T14:31:06.492Z,MIM-T-lumina-stud,CREATED,gid://shopify/Product/7986537496666,Lumina Stud,gid://shopify/Product/7986489000026|gid://shopify/Product/7986489163866|gid://shopify/Product/7986489360474,lumina-stud-60325335-908|lumina-stud-60325336-901|lumina-stud-60325337-9570,CONSOLIDATED_SOURCE_PARENTS=gid://shopify/Product/7986537496666|gid://shopify/Product/7986537758810|gid://shopify/Product/7986537988186 REUSED_PARENT=gid://shopify/Product/7986537496666
2026-09-06T14:31:10.690Z,MIM-T-lune-charm-hoop-earrings,CREATED,gid://shopify/Product/7986523668570,Lune Charm Hoop Earrings,gid://shopify/Product/7986479464538|gid://shopify/Product/7986479595610,lune-charm-hoop-earrings-60302354-901|lune-charm-hoop-earrings-60302355-908,CONSOLIDATED_SOURCE_PARENTS=gid://shopify/Product/7986523668570|gid://shopify/Product/7986523832410 REUSED_PARENT=gid://shopify/Product/7986523668570
2026-09-06T14:31:14.890Z,MIM-T-lune-stud-earrings,CREATED,gid://shopify/Product/7986371133530,Lune Stud Earrings,gid://shopify/Product/7986140184666|gid://shopify/Product/7986479300698,lune-stud-earrings-60310076-9570|lune-stud-earrings-60302353-901,CONSOLIDATED_SOURCE_PARENTS=gid://shopify/Product/7986371133530|gid://shopify/Product/7986523504730 REUSED_PARENT=gid://shopify/Product/7986371133530
2026-09-06T14:31:19.292Z,MIM-T-mae-stud-earrings,CREATED,gid://shopify/Product/7986268405850,Mae Stud Earrings,gid://shopify/Product/7986020974682|gid://shopify/Product/7986021105754,mae-stud-earrings-60251384-124|mae-stud-earrings-60251386-297,CONSOLIDATED_SOURCE_PARENTS=gid://shopify/Product/7986268405850|gid://shopify/Product/7986268536922 REUSED_PARENT=gid://shopify/Product/7986268405850
2026-09-06T14:31:23.798Z,MIM-T-magie-double-hoop-earrings,CREATED,gid://shopify/Product/7986407112794,Magie Double Hoop Earrings,gid://shopify/Product/7986191106138|gid://shopify/Product/7986191532122,magie-double-hoop-earrings-60316596-657|magie-double-hoop-earrings-60316599-9787,CONSOLIDATED_SOURCE_PARENTS=gid://shopify/Product/7986407112794|gid://shopify/Product/7986407407706 REUSED_PARENT=gid://shopify/Product/7986407112794
2026-09-06T14:31:27.995Z,MIM-T-marina-huggie,CREATED,gid://shopify/Product/7986537431130,Marina Huggie,gid://shopify/Product/7986489655386|gid://shopify/Product/7986489786458,marina-huggie-60325237-908|marina-huggie-60325238-901,CONSOLIDATED_SOURCE_PARENTS=gid://shopify/Product/7986537431130|gid://shopify/Product/7986537594970 REUSED_PARENT=gid://shopify/Product/7986537431130
2026-09-06T14:31:34.328Z,MIM-T-marina-link-stud,CREATED,gid://shopify/Product/7986536972378,Marina Link Stud,gid://shopify/Product/7986489131098|gid://shopify/Product/7986489294938|gid://shopify/Product/7986489458778,marina-link-stud-60325234-908|marina-link-stud-60325235-901|marina-link-stud-60325236-9570,CONSOLIDATED_SOURCE_PARENTS=gid://shopify/Product/7986536972378|gid://shopify/Product/7986537136218|gid://shopify/Product/7986537234522 REUSED_PARENT=gid://shopify/Product/7986536972378
2026-09-06T14:31:40.797Z,MIM-T-marina-mini-hoop,CREATED,gid://shopify/Product/7986538741850,Marina Mini Hoop,gid://shopify/Product/7986491293786|gid://shopify/Product/7986491490394|gid://shopify/Product/7986491621466,marina-mini-hoop-60325246-908|marina-mini-hoop-60325247-901|marina-mini-hoop-60325249-9570,CONSOLIDATED_SOURCE_PARENTS=gid://shopify/Product/7986538741850|gid://shopify/Product/7986538872922|gid://shopify/Product/7986539036762 REUSED_PARENT=gid://shopify/Product/7986538741850
2026-09-06T14:31:47.452Z,MIM-T-marina-stud,CREATED,gid://shopify/Product/7986536546394,Marina Stud,gid://shopify/Product/7986488639578|gid://shopify/Product/7986488803418|gid://shopify/Product/7986488967258,marina-stud-60325231-908|marina-stud-60325232-901|marina-stud-60325233-9570,CONSOLIDATED_SOURCE_PARENTS=gid://shopify/Product/7986536546394|gid://shopify/Product/7986536710234|gid://shopify/Product/7986536874074 REUSED_PARENT=gid://shopify/Product/7986536546394
2026-09-06T14:31:51.547Z,MIM-T-marla-hoop-earrings,CREATED,gid://shopify/Product/7986427625562,Marla Hoop Earrings,gid://shopify/Product/7986224005210|gid://shopify/Product/7986225119322,marla-hoop-earrings-60322279-8836|marla-hoop-earrings-60321461-908,CONSOLIDATED_SOURCE_PARENTS=gid://shopify/Product/7986427625562|gid://shopify/Product/7986427396186 REUSED_PARENT=gid://shopify/Product/7986427625562
2026-09-06T14:31:58.517Z,MIM-T-maybelle-necklace-earrings-set,CREATED,gid://shopify/Product/7986422055002,Maybelle Necklace Earrings Set,gid://shopify/Product/7986206802010|gid://shopify/Product/7986207031386|gid://shopify/Product/7986207260762,maybelle-necklace-earrings-set-60319420-908|maybelle-necklace-earrings-set-60319421-9570|maybelle-necklace-earrings-set-60319422-901,CONSOLIDATED_SOURCE_PARENTS=gid://shopify/Product/7986422055002|gid://shopify/Product/7986422186074|gid://shopify/Product/7986419335258 REUSED_PARENT=gid://shopify/Product/7986422055002
2026-09-06T14:32:02.914Z,MIM-T-melody-duo-hoop-earrings,CREATED,gid://shopify/Product/7986334367834,Melody Duo Hoop Earrings,gid://shopify/Product/7986098831450|gid://shopify/Product/7986098962522,melody-duo-hoop-earrings-60298404-908|melody-duo-hoop-earrings-60298405-901,CONSOLIDATED_SOURCE_PARENTS=gid://shopify/Product/7986334367834|gid://shopify/Product/7986334531674 REUSED_PARENT=gid://shopify/Product/7986334367834
2026-09-06T14:32:07.318Z,MIM-T-meteor-hoop-earrings,CREATED,gid://shopify/Product/7986500567130,Meteor Hoop Earrings,gid://shopify/Product/7986455511130|gid://shopify/Product/7986461769818,meteor-hoop-earrings-60294706-901|meteor-hoop-earrings-60294778-908,CONSOLIDATED_SOURCE_PARENTS=gid://shopify/Product/7986500567130|gid://shopify/Product/7986507579482 REUSED_PARENT=gid://shopify/Product/7986500567130
2026-09-06T14:32:11.926Z,MIM-T-miami-pave-stud-earrings,CREATED,gid://shopify/Product/7986325192794,Miami Pave Stud Earrings,gid://shopify/Product/7986087264346|gid://shopify/Product/7986087428186,miami-pave-stud-earrings-60291805-9570|miami-pave-stud-earrings-60291806-9573,CONSOLIDATED_SOURCE_PARENTS=gid://shopify/Product/7986325192794|gid://shopify/Product/7986325389402 REUSED_PARENT=gid://shopify/Product/7986325192794
2026-09-06T14:32:16.024Z,MIM-T-mim-classics-earrings-pack,CREATED,gid://shopify/Product/7986428248154,Mim Classics Earrings Pack,gid://shopify/Product/7986215944282|gid://shopify/Product/7986216108122,mim-classics-earrings-pack-60321419-908|mim-classics-earrings-pack-60321420-9570,CONSOLIDATED_SOURCE_PARENTS=gid://shopify/Product/7986428248154|gid://shopify/Product/7986428379226 REUSED_PARENT=gid://shopify/Product/7986428248154
2026-09-06T14:32:22.984Z,MIM-T-mimco-heart-cluster-stud-earrings,CREATED,gid://shopify/Product/7986399805530,Mimco Heart Cluster Stud Earrings,gid://shopify/Product/7986182226010|gid://shopify/Product/7986182488154|gid://shopify/Product/7986182651994,mimco-heart-cluster-stud-earrings-60314660-908|mimco-heart-cluster-stud-earrings-60314661-901|mimco-heart-cluster-stud-earrings-60314662-9570,CONSOLIDATED_SOURCE_PARENTS=gid://shopify/Product/7986399805530|gid://shopify/Product/7986399969370|gid://shopify/Product/7986400133210 REUSED_PARENT=gid://shopify/Product/7986399805530
2026-09-06T14:32:26.979Z,MIM-T-mini-enamel-hoop-earrings,CREATED,gid://shopify/Product/7986389614682,Mini Enamel Hoop Earrings,gid://shopify/Product/7986163056730|gid://shopify/Product/7986163253338,mini-enamel-hoop-earrings-60313742-657|mini-enamel-hoop-earrings-60313743-1,CONSOLIDATED_SOURCE_PARENTS=gid://shopify/Product/7986389614682|gid://shopify/Product/7986389778522 REUSED_PARENT=gid://shopify/Product/7986389614682
2026-09-06T14:32:31.076Z,MIM-T-mini-mim-sterling-silver-single-pin-earring,CREATED,gid://shopify/Product/7986290622554,Mini Mim Sterling Silver Single Pin Earring,gid://shopify/Product/7986042830938|gid://shopify/Product/7986043027546,mini-mim-sterling-silver-single-pin-earring-60274293-9570|mini-mim-sterling-silver-single-pin-earring-60274295-908,CONSOLIDATED_SOURCE_PARENTS=gid://shopify/Product/7986290622554|gid://shopify/Product/7986287575130 REUSED_PARENT=gid://shopify/Product/7986290622554
2026-09-06T14:32:35.273Z,MIM-T-mini-mim-sterling-silver-single-stud-earring,CREATED,gid://shopify/Product/7986287509594,Mini Mim Sterling Silver Single Stud Earring,gid://shopify/Product/7986041913434|gid://shopify/Product/7986042273882,mini-mim-sterling-silver-single-stud-earring-60273115-9570|mini-mim-sterling-silver-single-stud-earring-60273175-901,CONSOLIDATED_SOURCE_PARENTS=gid://shopify/Product/7986287509594|gid://shopify/Product/7986287837274 REUSED_PARENT=gid://shopify/Product/7986287509594
2026-09-06T14:32:39.164Z,MIM-T-mirage-hoop-earrings,CREATED,gid://shopify/Product/7986353864794,Mirage Hoop Earrings,gid://shopify/Product/7986120065114|gid://shopify/Product/7986485723226,mirage-hoop-earrings-60307098-9570|mirage-hoop-earrings-60302743-908,CONSOLIDATED_SOURCE_PARENTS=gid://shopify/Product/7986353864794|gid://shopify/Product/7986528976986 REUSED_PARENT=gid://shopify/Product/7986353864794
2026-09-06T14:32:45.412Z,MIM-T-miss-mim-hoop-earrings,CREATED,gid://shopify/Product/7986377130074,Miss Mim Hoop Earrings,gid://shopify/Product/7986148507738|gid://shopify/Product/7986148638810|gid://shopify/Product/7986148835418,miss-mim-hoop-earrings-60310984-908|miss-mim-hoop-earrings-60310985-9570|miss-mim-hoop-earrings-60310986-901,CONSOLIDATED_SOURCE_PARENTS=gid://shopify/Product/7986377130074|gid://shopify/Product/7986377261146|gid://shopify/Product/7986377392218 REUSED_PARENT=gid://shopify/Product/7986377130074
2026-09-06T14:32:52.824Z,MIM-T-mod-stud-earrings,CREATED,gid://shopify/Product/7986306449498,Mod Stud Earrings,gid://shopify/Product/7986061508698|gid://shopify/Product/7986077827162|gid://shopify/Product/7986077991002,mod-stud-earrings-60285168-1|mod-stud-earrings-60290074-4347|mod-stud-earrings-60290075-6513,CONSOLIDATED_SOURCE_PARENTS=gid://shopify/Product/7986306449498|gid://shopify/Product/7986316836954|gid://shopify/Product/7986316968026 REUSED_PARENT=gid://shopify/Product/7986306449498
2026-09-06T14:32:56.975Z,MIM-T-mystique-earrings-duo-set,CREATED,gid://shopify/Product/7986528223322,Mystique Earrings Duo Set,gid://shopify/Product/7986484379738|gid://shopify/Product/7986484543578,mystique-earrings-duo-set-60302695-901|mystique-earrings-duo-set-60302696-908,CONSOLIDATED_SOURCE_PARENTS=gid://shopify/Product/7986528223322|gid://shopify/Product/7986528354394 REUSED_PARENT=gid://shopify/Product/7986528223322
2026-09-06T14:33:00.932Z,MIM-T-mythical-stud-earrings,CREATED,gid://shopify/Product/7986290851930,Mythical Stud Earrings,gid://shopify/Product/7986046730330|gid://shopify/Product/7986046828634,mythical-stud-earrings-60276253-2351|mythical-stud-earrings-60276254-9573,CONSOLIDATED_SOURCE_PARENTS=gid://shopify/Product/7986290851930|gid://shopify/Product/7986290983002 REUSED_PARENT=gid://shopify/Product/7986290851930
2026-09-06T14:33:04.710Z,MIM-T-nevada-stud-earrings,CREATED,gid://shopify/Product/7986330730586,Nevada Stud Earrings,gid://shopify/Product/7986090279002|gid://shopify/Product/7986466259034,nevada-stud-earrings-60297119-124|nevada-stud-earrings-60295037-1,CONSOLIDATED_SOURCE_PARENTS=gid://shopify/Product/7986330730586|gid://shopify/Product/7986511642714 REUSED_PARENT=gid://shopify/Product/7986330730586
2026-09-06T14:33:08.781Z,MIM-T-nimbus-charm-hoop-earrings,CREATED,gid://shopify/Product/7986417664090,Nimbus Charm Hoop Earrings,gid://shopify/Product/7986200903770|gid://shopify/Product/7986201100378,nimbus-charm-hoop-earrings-60319318-901|nimbus-charm-hoop-earrings-60319319-908,CONSOLIDATED_SOURCE_PARENTS=gid://shopify/Product/7986417664090|gid://shopify/Product/7986417827930 REUSED_PARENT=gid://shopify/Product/7986417664090
2026-09-06T14:33:15.722Z,MIM-T-nimbus-earrings-set,CREATED,gid://shopify/Product/7986417238106,Nimbus Earrings Set,gid://shopify/Product/7986200281178|gid://shopify/Product/7986200477786|gid://shopify/Product/7986200674394,nimbus-earrings-set-60319314-908|nimbus-earrings-set-60319315-9570|nimbus-earrings-set-60319316-901,CONSOLIDATED_SOURCE_PARENTS=gid://shopify/Product/7986417238106|gid://shopify/Product/7986417369178|gid://shopify/Product/7986417533018 REUSED_PARENT=gid://shopify/Product/7986417238106
2026-09-06T14:33:20.226Z,MIM-T-nimbus-huggie-hoop-earrings,CREATED,gid://shopify/Product/7986417991770,Nimbus Huggie Hoop Earrings,gid://shopify/Product/7986201264218|gid://shopify/Product/7986201460826,nimbus-huggie-hoop-earrings-60319320-908|nimbus-huggie-hoop-earrings-60319322-901,CONSOLIDATED_SOURCE_PARENTS=gid://shopify/Product/7986417991770|gid://shopify/Product/7986418221146 REUSED_PARENT=gid://shopify/Product/7986417991770
2026-09-06T14:33:25.245Z,MIM-T-on-the-rocks-huggie-hoop-earrings,CREATED,gid://shopify/Product/7986333089882,On the Rocks Huggie Hoop Earrings,gid://shopify/Product/7986093654106|gid://shopify/Product/7986094309466,on-the-rocks-huggie-hoop-earrings-60298339-908|on-the-rocks-huggie-hoop-earrings-60298341-268,CONSOLIDATED_SOURCE_PARENTS=gid://shopify/Product/7986333089882|gid://shopify/Product/7986333384794 REUSED_PARENT=gid://shopify/Product/7986333089882
2026-09-06T14:33:29.342Z,MIM-T-on-the-rocks-large-stud-earrings,CREATED,gid://shopify/Product/7986333515866,On the Rocks Large Stud Earrings,gid://shopify/Product/7986094506074|gid://shopify/Product/7986094702682,on-the-rocks-large-stud-earrings-60298344-908|on-the-rocks-large-stud-earrings-60298345-268,CONSOLIDATED_SOURCE_PARENTS=gid://shopify/Product/7986333515866|gid://shopify/Product/7986333614170 REUSED_PARENT=gid://shopify/Product/7986333515866
2026-09-06T14:33:33.946Z,MIM-T-oracle-stud,CREATED,gid://shopify/Product/7986536579162,Oracle Stud,gid://shopify/Product/7986488246362|gid://shopify/Product/7986494144602,oracle-stud-60325329-382|oracle-stud-60325322-993,CONSOLIDATED_SOURCE_PARENTS=gid://shopify/Product/7986536579162|gid://shopify/Product/7986536120410 REUSED_PARENT=gid://shopify/Product/7986536579162
2026-09-06T14:33:37.944Z,MIM-T-orchestra-stud-earrings,CREATED,gid://shopify/Product/7986271027290,Orchestra Stud Earrings,gid://shopify/Product/7986023792730|gid://shopify/Product/7986024022106,orchestra-stud-earrings-60256184-9413|orchestra-stud-earrings-60256185-444,CONSOLIDATED_SOURCE_PARENTS=gid://shopify/Product/7986271027290|gid://shopify/Product/7986271256666 REUSED_PARENT=gid://shopify/Product/7986271027290
2026-09-06T14:33:42.436Z,MIM-T-ornate-stud-earring,CREATED,gid://shopify/Product/7986271322202,Ornate Stud Earring,gid://shopify/Product/7986024087642|gid://shopify/Product/7986024251482,ornate-stud-earring-60256766-9570|ornate-stud-earring-60256769-908,CONSOLIDATED_SOURCE_PARENTS=gid://shopify/Product/7986271322202|gid://shopify/Product/7986271518810 REUSED_PARENT=gid://shopify/Product/7986271322202
2026-09-06T14:33:46.545Z,MIM-T-paradisal-double-hoop-earrings,CREATED,gid://shopify/Product/7986501845082,Paradisal Double Hoop Earrings,gid://shopify/Product/7986456723546|gid://shopify/Product/7986460426330,paradisal-double-hoop-earrings-60294719-9570|paradisal-double-hoop-earrings-60294763-908,CONSOLIDATED_SOURCE_PARENTS=gid://shopify/Product/7986501845082|gid://shopify/Product/7986505678938 REUSED_PARENT=gid://shopify/Product/7986501845082
2026-09-06T14:33:52.791Z,MIM-T-passionate-heart-hoop-earrings,CREATED,gid://shopify/Product/7986527600730,Passionate Heart Hoop Earrings,gid://shopify/Product/7986476056666|gid://shopify/Product/7986476187738|gid://shopify/Product/7986476351578,passionate-heart-hoop-earrings-60302464-908|passionate-heart-hoop-earrings-60302465-901|passionate-heart-hoop-earrings-60302466-9570,CONSOLIDATED_SOURCE_PARENTS=gid://shopify/Product/7986527600730|gid://shopify/Product/7986527633498|gid://shopify/Product/7986527666266 REUSED_PARENT=gid://shopify/Product/7986527600730
2026-09-06T14:33:58.778Z,MIM-T-pearlina-double-hoop-earrings,CREATED,gid://shopify/Product/7986365071450,Pearlina Double Hoop Earrings,gid://shopify/Product/7986129240154|gid://shopify/Product/7986129469530|gid://shopify/Product/7986129731674,pearlina-double-hoop-earrings-60308182-185|pearlina-double-hoop-earrings-60308183-9599|pearlina-double-hoop-earrings-60308184-84,CONSOLIDATED_SOURCE_PARENTS=gid://shopify/Product/7986365071450|gid://shopify/Product/7986361794650|gid://shopify/Product/7986361925722 REUSED_PARENT=gid://shopify/Product/7986365071450
2026-09-06T14:34:02.638Z,MIM-T-pelle-hoop-earrings,CREATED,gid://shopify/Product/7986533662810,Pelle Hoop Earrings,gid://shopify/Product/7986483888218|gid://shopify/Product/7986484052058,pelle-hoop-earrings-60302732-908|pelle-hoop-earrings-60302733-901,CONSOLIDATED_SOURCE_PARENTS=gid://shopify/Product/7986533662810|gid://shopify/Product/7986533826650 REUSED_PARENT=gid://shopify/Product/7986533662810
2026-09-06T14:34:09.175Z,MIM-T-pirouette-earrings-trio-set,CREATED,gid://shopify/Product/7986534514778,Pirouette Earrings Trio Set,gid://shopify/Product/7986483822682|gid://shopify/Product/7986483986522|gid://shopify/Product/7986484183130,pirouette-earrings-trio-set-60302692-901|pirouette-earrings-trio-set-60302693-908|pirouette-earrings-trio-set-60302694-9570,CONSOLIDATED_SOURCE_PARENTS=gid://shopify/Product/7986534514778|gid://shopify/Product/7986527895642|gid://shopify/Product/7986528092250 REUSED_PARENT=gid://shopify/Product/7986534514778
2026-09-06T14:34:13.321Z,MIM-T-promenade-earrings,CREATED,gid://shopify/Product/7986431492186,Promenade Earrings,gid://shopify/Product/7986229837914|gid://shopify/Product/7986230001754,promenade-earrings-60323092-901|promenade-earrings-60323093-908,CONSOLIDATED_SOURCE_PARENTS=gid://shopify/Product/7986431492186|gid://shopify/Product/7986431721562 REUSED_PARENT=gid://shopify/Product/7986431492186
2026-09-06T14:34:17.570Z,MIM-T-pulse-hoop-earrings,CREATED,gid://shopify/Product/7986526388314,Pulse Hoop Earrings,gid://shopify/Product/7986475040858|gid://shopify/Product/7986475204698,pulse-hoop-earrings-60301941-908|pulse-hoop-earrings-60301944-901,CONSOLIDATED_SOURCE_PARENTS=gid://shopify/Product/7986526388314|gid://shopify/Product/7986526552154 REUSED_PARENT=gid://shopify/Product/7986526388314
2026-09-06T14:34:21.599Z,MIM-T-purete-charm-hoop-earrings,CREATED,gid://shopify/Product/7986524029018,Purete Charm Hoop Earrings,gid://shopify/Product/7986479759450|gid://shopify/Product/7986479923290,purete-charm-hoop-earrings-60302356-908|purete-charm-hoop-earrings-60302358-901,CONSOLIDATED_SOURCE_PARENTS=gid://shopify/Product/7986524029018|gid://shopify/Product/7986524192858 REUSED_PARENT=gid://shopify/Product/7986524029018
2026-09-06T14:34:25.395Z,MIM-T-put-a-bow-on-it-stud-earrings,CREATED,gid://shopify/Product/7986348818522,Put a Bow on It Stud Earrings,gid://shopify/Product/7986115739738|gid://shopify/Product/7986115936346,put-a-bow-on-it-stud-earrings-60306535-908|put-a-bow-on-it-stud-earrings-60306536-9570,CONSOLIDATED_SOURCE_PARENTS=gid://shopify/Product/7986348818522|gid://shopify/Product/7986349015130 REUSED_PARENT=gid://shopify/Product/7986348818522
2026-09-06T14:34:29.244Z,MIM-T-raze-stud-earrings,CREATED,gid://shopify/Product/7986330206298,Raze Stud Earrings,gid://shopify/Product/7986089721946|gid://shopify/Product/7986474352730,raze-stud-earrings-60297116-9570|raze-stud-earrings-60296737-901,CONSOLIDATED_SOURCE_PARENTS=gid://shopify/Product/7986330206298|gid://shopify/Product/7986519375962 REUSED_PARENT=gid://shopify/Product/7986330206298
2026-09-06T14:34:32.811Z,MIM-T-refina-drop-ear,CREATED,gid://shopify/Product/7986537824346,Refina Drop Ear,gid://shopify/Product/7986489098330|gid://shopify/Product/7986489262170,refina-drop-ear-60325290-9573|refina-drop-ear-60325291-974,CONSOLIDATED_SOURCE_PARENTS=gid://shopify/Product/7986537824346|gid://shopify/Product/7986537955418 REUSED_PARENT=gid://shopify/Product/7986537824346
2026-09-06T14:34:36.617Z,MIM-T-refina-lrg-hoop,CREATED,gid://shopify/Product/7986538414170,Refina Lrg Hoop,gid://shopify/Product/7986489720922|gid://shopify/Product/7986489884762,refina-lrg-hoop-60325294-9573|refina-lrg-hoop-60325295-974,CONSOLIDATED_SOURCE_PARENTS=gid://shopify/Product/7986538414170|gid://shopify/Product/7986538610778 REUSED_PARENT=gid://shopify/Product/7986538414170
2026-09-06T14:34:40.610Z,MIM-T-refina-sml-hoop,CREATED,gid://shopify/Product/7986538119258,Refina Sml Hoop,gid://shopify/Product/7986489426010|gid://shopify/Product/7986489589850,refina-sml-hoop-60325292-9573|refina-sml-hoop-60325293-974,CONSOLIDATED_SOURCE_PARENTS=gid://shopify/Product/7986538119258|gid://shopify/Product/7986538283098 REUSED_PARENT=gid://shopify/Product/7986538119258
2026-09-06T14:34:47.377Z,MIM-T-reflect-stud-earrings,CREATED,gid://shopify/Product/7986376114266,Reflect Stud Earrings,gid://shopify/Product/7986149163098|gid://shopify/Product/7986149326938|gid://shopify/Product/7986149490778,reflect-stud-earrings-60310750-908|reflect-stud-earrings-60310751-901|reflect-stud-earrings-60310752-9570,CONSOLIDATED_SOURCE_PARENTS=gid://shopify/Product/7986376114266|gid://shopify/Product/7986376245338|gid://shopify/Product/7986376409178 REUSED_PARENT=gid://shopify/Product/7986376114266
2026-09-06T14:34:54.264Z,MIM-T-reflection-hoop-earrings,CREATED,gid://shopify/Product/7986296946778,Reflection Hoop Earrings,gid://shopify/Product/7986050007130|gid://shopify/Product/7986050138202|gid://shopify/Product/7986050269274,reflection-hoop-earrings-60278856-9570|reflection-hoop-earrings-60278857-901|reflection-hoop-earrings-60278858-908,CONSOLIDATED_SOURCE_PARENTS=gid://shopify/Product/7986296946778|gid://shopify/Product/7986297110618|gid://shopify/Product/7986297241690 REUSED_PARENT=gid://shopify/Product/7986296946778
2026-09-06T14:34:58.019Z,MIM-T-reflection-stud-earrings,CREATED,gid://shopify/Product/7986296356954,Reflection Stud Earrings,gid://shopify/Product/7986049482842|gid://shopify/Product/7986052890714,reflection-stud-earrings-60278850-901|reflection-stud-earrings-60278849-9570,CONSOLIDATED_SOURCE_PARENTS=gid://shopify/Product/7986296356954|gid://shopify/Product/7986296193114 REUSED_PARENT=gid://shopify/Product/7986296356954
2026-09-06T14:35:01.921Z,MIM-T-reflective-drop-earrings,CREATED,gid://shopify/Product/7986511478874,Reflective Drop Earrings,gid://shopify/Product/7986466193498|gid://shopify/Product/7986466357338,reflective-drop-earrings-60296673-908|reflective-drop-earrings-60296675-7812,CONSOLIDATED_SOURCE_PARENTS=gid://shopify/Product/7986511478874|gid://shopify/Product/7986511675482 REUSED_PARENT=gid://shopify/Product/7986511478874
2026-09-06T14:35:06.243Z,MIM-T-reflective-ear-cuff-set,CREATED,gid://shopify/Product/7986509480026,Reflective Ear Cuff Set,gid://shopify/Product/7986464292954|gid://shopify/Product/7986464456794,reflective-ear-cuff-set-60296658-7812|reflective-ear-cuff-set-60296659-358,CONSOLIDATED_SOURCE_PARENTS=gid://shopify/Product/7986509480026|gid://shopify/Product/7986509643866 REUSED_PARENT=gid://shopify/Product/7986509480026
2026-09-06T14:35:10.002Z,MIM-T-reflective-earrings,CREATED,gid://shopify/Product/7986508890202,Reflective Earrings,gid://shopify/Product/7986463637594|gid://shopify/Product/7986463801434,reflective-earrings-60296653-7812|reflective-earrings-60296654-358,CONSOLIDATED_SOURCE_PARENTS=gid://shopify/Product/7986508890202|gid://shopify/Product/7986509054042 REUSED_PARENT=gid://shopify/Product/7986508890202
2026-09-06T14:35:14.095Z,MIM-T-reflective-pearl-hoop-earrings,CREATED,gid://shopify/Product/7986509971546,Reflective Pearl Hoop Earrings,gid://shopify/Product/7986464751706|gid://shopify/Product/7986464915546,reflective-pearl-hoop-earrings-60296661-901|reflective-pearl-hoop-earrings-60296662-908,CONSOLIDATED_SOURCE_PARENTS=gid://shopify/Product/7986509971546|gid://shopify/Product/7986510168154 REUSED_PARENT=gid://shopify/Product/7986509971546
2026-09-06T14:35:18.137Z,MIM-T-reflective-stud-earrings,CREATED,gid://shopify/Product/7986509217882,Reflective Stud Earrings,gid://shopify/Product/7986463965274|gid://shopify/Product/7986464096346,reflective-stud-earrings-60296655-358|reflective-stud-earrings-60296657-7812,CONSOLIDATED_SOURCE_PARENTS=gid://shopify/Product/7986509217882|gid://shopify/Product/7986509348954 REUSED_PARENT=gid://shopify/Product/7986509217882
2026-09-06T14:35:22.196Z,MIM-T-reflective-stud-earrings-set,CREATED,gid://shopify/Product/7986325553242,Reflective Stud Earrings Set,gid://shopify/Product/7986084479066|gid://shopify/Product/7986084610138,reflective-stud-earrings-set-60291814-908|reflective-stud-earrings-set-60291815-9570,CONSOLIDATED_SOURCE_PARENTS=gid://shopify/Product/7986325553242|gid://shopify/Product/7986325749850 REUSED_PARENT=gid://shopify/Product/7986325553242
2026-09-06T14:35:26.179Z,MIM-T-reminiscent-duo-hoop-earrings,CREATED,gid://shopify/Product/7986322276442,Reminiscent Duo Hoop Earrings,gid://shopify/Product/7986084380762|gid://shopify/Product/7986458034266,reminiscent-duo-hoop-earrings-60291758-908|reminiscent-duo-hoop-earrings-60292560-901,CONSOLIDATED_SOURCE_PARENTS=gid://shopify/Product/7986322276442|gid://shopify/Product/7986503319642 REUSED_PARENT=gid://shopify/Product/7986322276442
2026-09-06T14:35:30.684Z,MIM-T-resonance-pop-stud-earrings,CREATED,gid://shopify/Product/7986406555738,Resonance Pop Stud Earrings,gid://shopify/Product/7986186715226|gid://shopify/Product/7986187206746,resonance-pop-stud-earrings-60316416-657|resonance-pop-stud-earrings-60316424-126,CONSOLIDATED_SOURCE_PARENTS=gid://shopify/Product/7986406555738|gid://shopify/Product/7986407080026 REUSED_PARENT=gid://shopify/Product/7986406555738
2026-09-06T14:35:39.389Z,MIM-T-revive-stud-earrings,CREATED,gid://shopify/Product/7986322604122,Revive Stud Earrings,gid://shopify/Product/7986084708442|gid://shopify/Product/7986084872282|gid://shopify/Product/7986085068890|gid://shopify/Product/7986085232730,revive-stud-earrings-60291763-9570|revive-stud-earrings-60291764-901|revive-stud-earrings-60291765-908|revive-stud-earrings-60291767-100,CONSOLIDATED_SOURCE_PARENTS=gid://shopify/Product/7986322604122|gid://shopify/Product/7986322767962|gid://shopify/Product/7986322931802|gid://shopify/Product/7986323095642 REUSED_PARENT=gid://shopify/Product/7986322604122
2026-09-06T14:35:43.486Z,MIM-T-rhythm-hoop-earrings,CREATED,gid://shopify/Product/7986332532826,Rhythm Hoop Earrings,gid://shopify/Product/7986093064282|gid://shopify/Product/7986093260890,rhythm-hoop-earrings-60298361-908|rhythm-hoop-earrings-60298362-901,CONSOLIDATED_SOURCE_PARENTS=gid://shopify/Product/7986332532826|gid://shopify/Product/7986332696666 REUSED_PARENT=gid://shopify/Product/7986332532826
2026-09-06T14:35:49.629Z,MIM-T-riff-huggie-hoop-earrings,CREATED,gid://shopify/Product/7986332860506,Riff Huggie Hoop Earrings,gid://shopify/Product/7986093424730|gid://shopify/Product/7986093588570|gid://shopify/Product/7986101944410,riff-huggie-hoop-earrings-60298363-908|riff-huggie-hoop-earrings-60298364-901|riff-huggie-hoop-earrings-60299042-9570,CONSOLIDATED_SOURCE_PARENTS=gid://shopify/Product/7986332860506|gid://shopify/Product/7986333024346|gid://shopify/Product/7986339151962 REUSED_PARENT=gid://shopify/Product/7986332860506
2026-09-06T14:35:53.828Z,MIM-T-ring-ring-stud-earrings,CREATED,gid://shopify/Product/7986374213722,Ring Ring Stud Earrings,gid://shopify/Product/7986142675034|gid://shopify/Product/7986146082906,ring-ring-stud-earrings-60310625-1|ring-ring-stud-earrings-60310624-686,CONSOLIDATED_SOURCE_PARENTS=gid://shopify/Product/7986374213722|gid://shopify/Product/7986374017114 REUSED_PARENT=gid://shopify/Product/7986374213722
2026-09-06T14:35:57.923Z,MIM-T-ringlet-drop-earrings,CREATED,gid://shopify/Product/7986282987610,Ringlet Drop Earrings,gid://shopify/Product/7986036211802|gid://shopify/Product/7986036342874,ringlet-drop-earrings-60269368-908|ringlet-drop-earrings-60269369-9570,CONSOLIDATED_SOURCE_PARENTS=gid://shopify/Product/7986282987610|gid://shopify/Product/7986283151450 REUSED_PARENT=gid://shopify/Product/7986282987610
2026-09-06T14:36:02.019Z,MIM-T-rock-chick-earrings-set,CREATED,gid://shopify/Product/7986332827738,Rock Chick Earrings Set,gid://shopify/Product/7986093195354|gid://shopify/Product/7986093359194,rock-chick-earrings-set-60298286-908|rock-chick-earrings-set-60298287-901,CONSOLIDATED_SOURCE_PARENTS=gid://shopify/Product/7986332827738|gid://shopify/Product/7986332991578 REUSED_PARENT=gid://shopify/Product/7986332827738
2026-09-06T14:36:06.322Z,MIM-T-salute-stud-earrings,CREATED,gid://shopify/Product/7986512560218,Salute Stud Earrings,gid://shopify/Product/7986467274842|gid://shopify/Product/7986467438682,salute-stud-earrings-60295234-7732|salute-stud-earrings-60295235-908,CONSOLIDATED_SOURCE_PARENTS=gid://shopify/Product/7986512560218|gid://shopify/Product/7986512691290 REUSED_PARENT=gid://shopify/Product/7986512560218
2026-09-06T14:36:10.418Z,MIM-T-scoop-hoop-earrings,CREATED,gid://shopify/Product/7986354585690,Scoop Hoop Earrings,gid://shopify/Product/7986120622170|gid://shopify/Product/7986120786010,scoop-hoop-earrings-60306889-686|scoop-hoop-earrings-60306890-1,CONSOLIDATED_SOURCE_PARENTS=gid://shopify/Product/7986354585690|gid://shopify/Product/7986354782298 REUSED_PARENT=gid://shopify/Product/7986354585690
2026-09-06T14:36:14.732Z,MIM-T-scoop-small-hoop-earrings,CREATED,gid://shopify/Product/7986363236442,Scoop Small Hoop Earrings,gid://shopify/Product/7986131664986|gid://shopify/Product/7986131894362,scoop-small-hoop-earrings-60308290-686|scoop-small-hoop-earrings-60308291-1,CONSOLIDATED_SOURCE_PARENTS=gid://shopify/Product/7986363236442|gid://shopify/Product/7986363433050 REUSED_PARENT=gid://shopify/Product/7986363236442
2026-09-06T14:36:18.619Z,MIM-T-serene-drop-ear,CREATED,gid://shopify/Product/7986539429978,Serene Drop Ear,gid://shopify/Product/7986490802266|gid://shopify/Product/7986490966106,serene-drop-ear-60325301-382|serene-drop-ear-60325302-993,CONSOLIDATED_SOURCE_PARENTS=gid://shopify/Product/7986539429978|gid://shopify/Product/7986539593818 REUSED_PARENT=gid://shopify/Product/7986539429978
2026-09-06T14:36:25.164Z,MIM-T-shimmer-sterling-silver-single-stud-earring,CREATED,gid://shopify/Product/7986285183066,Shimmer Sterling Silver Single Stud Earring,gid://shopify/Product/7986038505562|gid://shopify/Product/7986038669402|gid://shopify/Product/7986038866010,shimmer-sterling-silver-single-stud-earring-60271276-9570|shimmer-sterling-silver-single-stud-earring-60271277-901|shimmer-sterling-silver-single-stud-earring-60271278-908,CONSOLIDATED_SOURCE_PARENTS=gid://shopify/Product/7986285183066|gid://shopify/Product/7986285379674|gid://shopify/Product/7986285576282 REUSED_PARENT=gid://shopify/Product/7986285183066
2026-09-06T14:36:32.638Z,MIM-T-signatura-charm-hoop-earrings,CREATED,gid://shopify/Product/7986420023386,Signatura Charm Hoop Earrings,gid://shopify/Product/7986204213338|gid://shopify/Product/7986205294682|gid://shopify/Product/7986207326298,signatura-charm-hoop-earrings-60319406-901|signatura-charm-hoop-earrings-60319394-908|signatura-charm-hoop-earrings-60319405-9570,CONSOLIDATED_SOURCE_PARENTS=gid://shopify/Product/7986420023386|gid://shopify/Product/7986421432410|gid://shopify/Product/7986419859546 REUSED_PARENT=gid://shopify/Product/7986420023386
2026-09-06T14:36:37.142Z,MIM-T-slay-to-the-rhythm-statement-fringe-earrings,CREATED,gid://shopify/Product/7986522062938,Slay to the Rhythm Statement Fringe Earrings,gid://shopify/Product/7986477400154|gid://shopify/Product/7986477563994,slay-to-the-rhythm-statement-fringe-earrings-60302421-908|slay-to-the-rhythm-statement-fringe-earrings-60302422-901,CONSOLIDATED_SOURCE_PARENTS=gid://shopify/Product/7986522062938|gid://shopify/Product/7986522226778 REUSED_PARENT=gid://shopify/Product/7986522062938
2026-09-06T14:36:41.033Z,MIM-T-smitten-heart-stud-earrings,CREATED,gid://shopify/Product/7986362384474,Smitten Heart Stud Earrings,gid://shopify/Product/7986130550874|gid://shopify/Product/7986130649178,smitten-heart-stud-earrings-60308204-908|smitten-heart-stud-earrings-60308205-9570,CONSOLIDATED_SOURCE_PARENTS=gid://shopify/Product/7986362384474|gid://shopify/Product/7986362548314 REUSED_PARENT=gid://shopify/Product/7986362384474
2026-09-06T14:36:45.232Z,MIM-T-so-lucky-single-stud-earring,CREATED,gid://shopify/Product/7986274369626,So Lucky Single Stud Earring,gid://shopify/Product/7986027036762|gid://shopify/Product/7986027200602,so-lucky-single-stud-earring-60261185-908|so-lucky-single-stud-earring-60261186-901,CONSOLIDATED_SOURCE_PARENTS=gid://shopify/Product/7986274369626|gid://shopify/Product/7986274566234 REUSED_PARENT=gid://shopify/Product/7986274369626
2026-09-06T14:36:49.533Z,MIM-T-so-ornate-drop-earrings,CREATED,gid://shopify/Product/7986358255706,So Ornate Drop Earrings,gid://shopify/Product/7986121310298|gid://shopify/Product/7986141986906,so-ornate-drop-earrings-60307861-1|so-ornate-drop-earrings-60309534-7508,CONSOLIDATED_SOURCE_PARENTS=gid://shopify/Product/7986358255706|gid://shopify/Product/7986369658970 REUSED_PARENT=gid://shopify/Product/7986358255706
2026-09-06T14:36:53.525Z,MIM-T-so-ornate-earrings,CREATED,gid://shopify/Product/7986355241050,So Ornate Earrings,gid://shopify/Product/7986121900122|gid://shopify/Product/7986122063962,so-ornate-earrings-60307865-7508|so-ornate-earrings-60307866-321,CONSOLIDATED_SOURCE_PARENTS=gid://shopify/Product/7986355241050|gid://shopify/Product/7986355470426 REUSED_PARENT=gid://shopify/Product/7986355241050
2026-09-06T14:37:02.948Z,MIM-T-so-ornate-hoop-earrings,CREATED,gid://shopify/Product/7986410061914,So Ornate Hoop Earrings,gid://shopify/Product/7986194841690|gid://shopify/Product/7986121572442|gid://shopify/Product/7986121703514|gid://shopify/Product/7986194972762,so-ornate-hoop-earrings-60307862-7508|so-ornate-hoop-earrings-60307863-321|so-ornate-hoop-earrings-60317448-84|so-ornate-hoop-earrings-60317449-9787,CONSOLIDATED_SOURCE_PARENTS=gid://shopify/Product/7986358354010|gid://shopify/Product/7986355109978|gid://shopify/Product/7986410061914|gid://shopify/Product/7986410225754 REUSED_PARENT=gid://shopify/Product/7986410061914
2026-09-06T14:37:07.042Z,MIM-T-so-smooth-pearl-drop-earrings,CREATED,gid://shopify/Product/7986337906778,So Smooth Pearl Drop Earrings,gid://shopify/Product/7986098995290|gid://shopify/Product/7986099093594,so-smooth-pearl-drop-earrings-60298461-908|so-smooth-pearl-drop-earrings-60298462-9570,CONSOLIDATED_SOURCE_PARENTS=gid://shopify/Product/7986337906778|gid://shopify/Product/7986338037850 REUSED_PARENT=gid://shopify/Product/7986337906778
2026-09-06T14:37:14.006Z,MIM-T-so-smooth-stud-earrings,CREATED,gid://shopify/Product/7986334957658,So Smooth Stud Earrings,gid://shopify/Product/7986096210010|gid://shopify/Product/7986096406618|gid://shopify/Product/7986470060122,so-smooth-stud-earrings-60298463-9570|so-smooth-stud-earrings-60298464-908|so-smooth-stud-earrings-60300516-901,CONSOLIDATED_SOURCE_PARENTS=gid://shopify/Product/7986334957658|gid://shopify/Product/7986335154266|gid://shopify/Product/7986515214426 REUSED_PARENT=gid://shopify/Product/7986334957658
2026-09-06T14:37:20.456Z,MIM-T-splash-drop-earrings,CREATED,gid://shopify/Product/7986311594074,Splash Drop Earrings,gid://shopify/Product/7986071568474|gid://shopify/Product/7986071896154|gid://shopify/Product/7986072092762,splash-drop-earrings-60288033-901|splash-drop-earrings-60288162-297|splash-drop-earrings-60288163-124,CONSOLIDATED_SOURCE_PARENTS=gid://shopify/Product/7986311594074|gid://shopify/Product/7986311921754|gid://shopify/Product/7986312052826 REUSED_PARENT=gid://shopify/Product/7986311594074
2026-09-06T14:37:24.656Z,MIM-T-splice-charm-hoop-earrings,CREATED,gid://shopify/Product/7986288427098,Splice Charm Hoop Earrings,gid://shopify/Product/7986043486298|gid://shopify/Product/7986043781210,splice-charm-hoop-earrings-60274091-9570|splice-charm-hoop-earrings-60274093-908,CONSOLIDATED_SOURCE_PARENTS=gid://shopify/Product/7986288427098|gid://shopify/Product/7986288689242 REUSED_PARENT=gid://shopify/Product/7986288427098
2026-09-06T14:37:28.740Z,MIM-T-splice-jewel-stud-earrings,CREATED,gid://shopify/Product/7986287542362,Splice Jewel Stud Earrings,gid://shopify/Product/7986041684058|gid://shopify/Product/7986043977818,splice-jewel-stud-earrings-60271389-297|splice-jewel-stud-earrings-60274168-100,CONSOLIDATED_SOURCE_PARENTS=gid://shopify/Product/7986287542362|gid://shopify/Product/7986288885850 REUSED_PARENT=gid://shopify/Product/7986287542362
2026-09-06T14:37:32.746Z,MIM-T-star-struck-chain-stud-earrings,CREATED,gid://shopify/Product/7986332794970,Star Struck Chain Stud Earrings,gid://shopify/Product/7986093293658|gid://shopify/Product/7986093457498,star-struck-chain-stud-earrings-60298337-908|star-struck-chain-stud-earrings-60298338-901,CONSOLIDATED_SOURCE_PARENTS=gid://shopify/Product/7986332794970|gid://shopify/Product/7986332926042 REUSED_PARENT=gid://shopify/Product/7986332794970
2026-09-06T14:37:39.505Z,MIM-T-stardom-earrings-trio-set,CREATED,gid://shopify/Product/7986530746458,Stardom Earrings Trio Set,gid://shopify/Product/7986486509658|gid://shopify/Product/7986486640730|gid://shopify/Product/7986486804570,stardom-earrings-trio-set-60302592-901|stardom-earrings-trio-set-60302593-908|stardom-earrings-trio-set-60302594-9570,CONSOLIDATED_SOURCE_PARENTS=gid://shopify/Product/7986530746458|gid://shopify/Product/7986530943066|gid://shopify/Product/7986531139674 REUSED_PARENT=gid://shopify/Product/7986530746458
2026-09-06T14:37:44.011Z,MIM-T-static-bar-stud-earring,CREATED,gid://shopify/Product/7986268700762,Static Bar Stud Earring,gid://shopify/Product/7986021138522|gid://shopify/Product/7986021269594,static-bar-stud-earring-60252921-9570|static-bar-stud-earring-60252922-901,CONSOLIDATED_SOURCE_PARENTS=gid://shopify/Product/7986268700762|gid://shopify/Product/7986268831834 REUSED_PARENT=gid://shopify/Product/7986268700762
2026-09-06T14:37:48.106Z,MIM-T-studio-54-pave-clip-on-earrings,CREATED,gid://shopify/Product/7986528911450,Studio 54 Pave Clip on Earrings,gid://shopify/Product/7986485330010|gid://shopify/Product/7986485493850,studio-54-pave-clip-on-earrings-60302700-908|studio-54-pave-clip-on-earrings-60302701-901,CONSOLIDATED_SOURCE_PARENTS=gid://shopify/Product/7986528911450|gid://shopify/Product/7986529108058 REUSED_PARENT=gid://shopify/Product/7986528911450
2026-09-06T14:37:55.173Z,MIM-T-supermicra-halo-stud-earrings,CREATED,gid://shopify/Product/7986309824602,Supermicra Halo Stud Earrings,gid://shopify/Product/7986065735770|gid://shopify/Product/7986065899610|gid://shopify/Product/7986072289370,supermicra-halo-stud-earrings-60286513-3109|supermicra-halo-stud-earrings-60286515-1|supermicra-halo-stud-earrings-60288203-100,CONSOLIDATED_SOURCE_PARENTS=gid://shopify/Product/7986309824602|gid://shopify/Product/7986309922906|gid://shopify/Product/7986312249434 REUSED_PARENT=gid://shopify/Product/7986309824602
2026-09-06T14:38:01.624Z,MIM-T-superstar-earrings-set,CREATED,gid://shopify/Product/7986332270682,Superstar Earrings Set,gid://shopify/Product/7986092638298|gid://shopify/Product/7986092834906|gid://shopify/Product/7986097029210,superstar-earrings-set-60298282-908|superstar-earrings-set-60298283-901|superstar-earrings-set-60298501-9570,CONSOLIDATED_SOURCE_PARENTS=gid://shopify/Product/7986332270682|gid://shopify/Product/7986332434522|gid://shopify/Product/7986335580250 REUSED_PARENT=gid://shopify/Product/7986332270682
2026-09-06T14:38:05.665Z,MIM-T-swirl-it-stud-earrings,CREATED,gid://shopify/Product/7986517573722,Swirl It Stud Earrings,gid://shopify/Product/7986473042010|gid://shopify/Product/7986473205850,swirl-it-stud-earrings-60296720-908|swirl-it-stud-earrings-60296722-901,CONSOLIDATED_SOURCE_PARENTS=gid://shopify/Product/7986517573722|gid://shopify/Product/7986517803098 REUSED_PARENT=gid://shopify/Product/7986517573722
2026-09-06T14:38:09.508Z,MIM-T-tempo-hoop-earrings,CREATED,gid://shopify/Product/7986525732954,Tempo Hoop Earrings,gid://shopify/Product/7986481070170|gid://shopify/Product/7986481201242,tempo-hoop-earrings-60301749-901|tempo-hoop-earrings-60301750-908,CONSOLIDATED_SOURCE_PARENTS=gid://shopify/Product/7986525732954|gid://shopify/Product/7986525896794 REUSED_PARENT=gid://shopify/Product/7986525732954
2026-09-06T14:38:13.705Z,MIM-T-temptation-chain-stud-earrings,CREATED,gid://shopify/Product/7986377523290,Temptation Chain Stud Earrings,gid://shopify/Product/7986148966490|gid://shopify/Product/7986484674650,temptation-chain-stud-earrings-60310994-358|temptation-chain-stud-earrings-60302578-908,CONSOLIDATED_SOURCE_PARENTS=gid://shopify/Product/7986377523290|gid://shopify/Product/7986528583770 REUSED_PARENT=gid://shopify/Product/7986377523290
2026-09-06T14:38:17.596Z,MIM-T-the-chorus-hoop-earrings,CREATED,gid://shopify/Product/7986335252570,The Chorus Hoop Earrings,gid://shopify/Product/7986096504922|gid://shopify/Product/7986469306458,the-chorus-hoop-earrings-60298465-908|the-chorus-hoop-earrings-60300512-901,CONSOLIDATED_SOURCE_PARENTS=gid://shopify/Product/7986335252570|gid://shopify/Product/7986514395226 REUSED_PARENT=gid://shopify/Product/7986335252570
2026-09-06T14:38:21.386Z,MIM-T-the-edge-hoop-earrings,CREATED,gid://shopify/Product/7986337415258,The Edge Hoop Earrings,gid://shopify/Product/7986098405466|gid://shopify/Product/7986470223962,the-edge-hoop-earrings-60298456-908|the-edge-hoop-earrings-60300517-901,CONSOLIDATED_SOURCE_PARENTS=gid://shopify/Product/7986337415258|gid://shopify/Product/7986515378266 REUSED_PARENT=gid://shopify/Product/7986337415258
2026-09-06T14:38:28.042Z,MIM-T-the-edge-huggie-hoop-earrings,CREATED,gid://shopify/Product/7986336989274,The Edge Huggie Hoop Earrings,gid://shopify/Product/7986097881178|gid://shopify/Product/7986098045018|gid://shopify/Product/7986469896282,the-edge-huggie-hoop-earrings-60298453-908|the-edge-huggie-hoop-earrings-60298454-9570|the-edge-huggie-hoop-earrings-60300515-901,CONSOLIDATED_SOURCE_PARENTS=gid://shopify/Product/7986336989274|gid://shopify/Product/7986337120346|gid://shopify/Product/7986515017818 REUSED_PARENT=gid://shopify/Product/7986336989274
2026-09-06T14:38:32.035Z,MIM-T-the-edge-large-hoop-earrings,CREATED,gid://shopify/Product/7986337579098,The Edge Large Hoop Earrings,gid://shopify/Product/7986098602074|gid://shopify/Product/7986470355034,the-edge-large-hoop-earrings-60298457-908|the-edge-large-hoop-earrings-60300518-901,CONSOLIDATED_SOURCE_PARENTS=gid://shopify/Product/7986337579098|gid://shopify/Product/7986515574874 REUSED_PARENT=gid://shopify/Product/7986337579098
2026-09-06T14:38:36.233Z,MIM-T-the-podium-hoop-earrings,CREATED,gid://shopify/Product/7986533498970,The Podium Hoop Earrings,gid://shopify/Product/7986483626074|gid://shopify/Product/7986483789914,the-podium-hoop-earrings-60302777-901|the-podium-hoop-earrings-60302778-908,CONSOLIDATED_SOURCE_PARENTS=gid://shopify/Product/7986533498970|gid://shopify/Product/7986533630042 REUSED_PARENT=gid://shopify/Product/7986533498970
2026-09-06T14:38:40.228Z,MIM-T-the-podium-twist-hoop-earrings,CREATED,gid://shopify/Product/7986525110362,The Podium Twist Hoop Earrings,gid://shopify/Product/7986479988826|gid://shopify/Product/7986480152666,the-podium-twist-hoop-earrings-60302439-908|the-podium-twist-hoop-earrings-60302440-901,CONSOLIDATED_SOURCE_PARENTS=gid://shopify/Product/7986525110362|gid://shopify/Product/7986525274202 REUSED_PARENT=gid://shopify/Product/7986525110362
2026-09-06T14:38:44.119Z,MIM-T-theia-earrings-set,CREATED,gid://shopify/Product/7986378604634,Theia Earrings Set,gid://shopify/Product/7986150473818|gid://shopify/Product/7986150637658,theia-earrings-set-60311141-908|theia-earrings-set-60311142-9570,CONSOLIDATED_SOURCE_PARENTS=gid://shopify/Product/7986378604634|gid://shopify/Product/7986378834010 REUSED_PARENT=gid://shopify/Product/7986378604634
2026-09-06T14:38:47.908Z,MIM-T-tidal-beaded-earring,CREATED,gid://shopify/Product/8023577919578,Tidal Beaded Earring,gid://shopify/Product/8023575330906|gid://shopify/Product/8023575527514,tidal-beaded-earring-60326490-620|tidal-beaded-earring-60326492-2344,CONSOLIDATED_SOURCE_PARENTS=gid://shopify/Product/8023577919578|gid://shopify/Product/8023578181722 REUSED_PARENT=gid://shopify/Product/8023577919578
2026-09-06T14:38:52.107Z,MIM-T-tidal-ear-jacket,CREATED,gid://shopify/Product/8023577690202,Tidal Ear Jacket,gid://shopify/Product/8023575167066|gid://shopify/Product/8023576313946,tidal-ear-jacket-60326489-297|tidal-ear-jacket-60326488-993,CONSOLIDATED_SOURCE_PARENTS=gid://shopify/Product/8023577690202|gid://shopify/Product/8023578837082 REUSED_PARENT=gid://shopify/Product/8023577690202
2026-09-06T14:38:56.407Z,MIM-T-tie-a-bow-hoop-earrings,CREATED,gid://shopify/Product/7986406457434,Tie a Bow Hoop Earrings,gid://shopify/Product/7986190352474|gid://shopify/Product/7986192056410,tie-a-bow-hoop-earrings-60316583-908|tie-a-bow-hoop-earrings-60316608-9570,CONSOLIDATED_SOURCE_PARENTS=gid://shopify/Product/7986406457434|gid://shopify/Product/7986407899226 REUSED_PARENT=gid://shopify/Product/7986406457434
2026-09-06T14:39:00.849Z,MIM-T-tie-a-bow-stud-earrings,CREATED,gid://shopify/Product/7986405900378,Tie a Bow Stud Earrings,gid://shopify/Product/7986186092634|gid://shopify/Product/7986188058714,tie-a-bow-stud-earrings-60316409-9570|tie-a-bow-stud-earrings-60316397-908,CONSOLIDATED_SOURCE_PARENTS=gid://shopify/Product/7986405900378|gid://shopify/Product/7986404327514 REUSED_PARENT=gid://shopify/Product/7986405900378
2026-09-06T14:39:05.010Z,MIM-T-tie-the-knot-stud-earrings,CREATED,gid://shopify/Product/7986357436506,Tie the Knot Stud Earrings,gid://shopify/Product/7986121506906|gid://shopify/Product/7986121769050,tie-the-knot-stud-earrings-60307905-908|tie-the-knot-stud-earrings-60307906-9570,CONSOLIDATED_SOURCE_PARENTS=gid://shopify/Product/7986357436506|gid://shopify/Product/7986357600346 REUSED_PARENT=gid://shopify/Product/7986357436506
2026-09-06T14:39:09.207Z,MIM-T-too-cute-hoop-earrings,CREATED,gid://shopify/Product/7986352357466,Too Cute Hoop Earrings,gid://shopify/Product/7986121539674|gid://shopify/Product/7986121637978,too-cute-hoop-earrings-60306910-901|too-cute-hoop-earrings-60306911-908,CONSOLIDATED_SOURCE_PARENTS=gid://shopify/Product/7986352357466|gid://shopify/Product/7986352586842 REUSED_PARENT=gid://shopify/Product/7986352357466
2026-09-06T14:39:13.324Z,MIM-T-tracked-huggie-hoop-earrings,CREATED,gid://shopify/Product/7986330533978,Tracked Huggie Hoop Earrings,gid://shopify/Product/7986090049626|gid://shopify/Product/7986472878170,tracked-huggie-hoop-earrings-60297118-9570|tracked-huggie-hoop-earrings-60296718-908,CONSOLIDATED_SOURCE_PARENTS=gid://shopify/Product/7986330533978|gid://shopify/Product/7986517409882 REUSED_PARENT=gid://shopify/Product/7986330533978
2026-09-06T14:39:17.705Z,MIM-T-treasure-earrings,CREATED,gid://shopify/Product/7986429689946,Treasure Earrings,gid://shopify/Product/7986228002906|gid://shopify/Product/7986231083098,treasure-earrings-60323081-3156|treasure-earrings-60323080-8836,CONSOLIDATED_SOURCE_PARENTS=gid://shopify/Product/7986429689946|gid://shopify/Product/7986429591642 REUSED_PARENT=gid://shopify/Product/7986429689946
2026-09-06T14:39:22.005Z,MIM-T-tresor-hoop,CREATED,gid://shopify/Product/7986420645978,Tresor Hoop,gid://shopify/Product/7986204967002|gid://shopify/Product/7986205163610,tresor-hoop-60319410-657|tresor-hoop-60319411-6012,CONSOLIDATED_SOURCE_PARENTS=gid://shopify/Product/7986420645978|gid://shopify/Product/7986420809818 REUSED_PARENT=gid://shopify/Product/7986420645978
2026-09-06T14:39:26.103Z,MIM-T-trinket-stud-earrings,CREATED,gid://shopify/Product/7986405376090,Trinket Stud Earrings,gid://shopify/Product/7986185732186|gid://shopify/Product/7986186584154,trinket-stud-earrings-60316406-84|trinket-stud-earrings-60316415-9787,CONSOLIDATED_SOURCE_PARENTS=gid://shopify/Product/7986405376090|gid://shopify/Product/7986406391898 REUSED_PARENT=gid://shopify/Product/7986405376090
2026-09-06T14:39:30.096Z,MIM-T-twiggy-pearl-stud-earrings,CREATED,gid://shopify/Product/7986306318426,Twiggy Pearl Stud Earrings,gid://shopify/Product/7986061672538|gid://shopify/Product/7986061869146,twiggy-pearl-stud-earrings-60285311-511|twiggy-pearl-stud-earrings-60285312-6662,CONSOLIDATED_SOURCE_PARENTS=gid://shopify/Product/7986306318426|gid://shopify/Product/7986306515034 REUSED_PARENT=gid://shopify/Product/7986306318426
2026-09-06T14:39:34.139Z,MIM-T-twinkle-drop-earrings,CREATED,gid://shopify/Product/7986277777498,Twinkle Drop Earrings,gid://shopify/Product/7986030313562|gid://shopify/Product/7986034573402,twinkle-drop-earrings-60263619-124|twinkle-drop-earrings-60267246-9817,CONSOLIDATED_SOURCE_PARENTS=gid://shopify/Product/7986277777498|gid://shopify/Product/7986281414746 REUSED_PARENT=gid://shopify/Product/7986277777498
2026-09-06T14:39:37.954Z,MIM-T-twirl-stud-earrings,CREATED,gid://shopify/Product/7986275811418,Twirl Stud Earrings,gid://shopify/Product/7986028544090|gid://shopify/Product/7986034212954,twirl-stud-earrings-60260639-9570|twirl-stud-earrings-60267238-9909,CONSOLIDATED_SOURCE_PARENTS=gid://shopify/Product/7986275811418|gid://shopify/Product/7986281087066 REUSED_PARENT=gid://shopify/Product/7986275811418
2026-09-06T14:39:42.078Z,MIM-T-urban-drop-earrings,CREATED,gid://shopify/Product/7986500206682,Urban Drop Earrings,gid://shopify/Product/7986455216218|gid://shopify/Product/7986455347290,urban-drop-earrings-60294703-908|urban-drop-earrings-60294704-901,CONSOLIDATED_SOURCE_PARENTS=gid://shopify/Product/7986500206682|gid://shopify/Product/7986500370522 REUSED_PARENT=gid://shopify/Product/7986500206682
2026-09-06T14:39:46.275Z,MIM-T-vela-huggie-hoop-earrings,CREATED,gid://shopify/Product/7986371526746,Vela Huggie Hoop Earrings,gid://shopify/Product/7986141233242|gid://shopify/Product/7986141397082,vela-huggie-hoop-earrings-60310258-908|vela-huggie-hoop-earrings-60310259-901,CONSOLIDATED_SOURCE_PARENTS=gid://shopify/Product/7986371526746|gid://shopify/Product/7986371690586 REUSED_PARENT=gid://shopify/Product/7986371526746
2026-09-06T14:39:50.268Z,MIM-T-vela-large-huggie-hoop-earrings,CREATED,gid://shopify/Product/7986364022874,Vela Large Huggie Hoop Earrings,gid://shopify/Product/7986131861594|gid://shopify/Product/7986131992666,vela-large-huggie-hoop-earrings-60308268-908|vela-large-huggie-hoop-earrings-60308269-901,CONSOLIDATED_SOURCE_PARENTS=gid://shopify/Product/7986364022874|gid://shopify/Product/7986364186714 REUSED_PARENT=gid://shopify/Product/7986364022874
2026-09-06T14:39:56.173Z,MIM-T-venue-huggie-hoop-earrings,CREATED,gid://shopify/Product/7986339446874,Venue Huggie Hoop Earrings,gid://shopify/Product/7986102272090|gid://shopify/Product/7986102567002|gid://shopify/Product/7986102730842,venue-huggie-hoop-earrings-60299044-901|venue-huggie-hoop-earrings-60299045-908|venue-huggie-hoop-earrings-60299046-9570,CONSOLIDATED_SOURCE_PARENTS=gid://shopify/Product/7986339446874|gid://shopify/Product/7986339610714|gid://shopify/Product/7986339741786 REUSED_PARENT=gid://shopify/Product/7986339446874
2026-09-06T14:40:00.305Z,MIM-T-verse-crystal-stud-earrings,CREATED,gid://shopify/Product/7986335416410,Verse Crystal Stud Earrings,gid://shopify/Product/7986096635994|gid://shopify/Product/7986103287898,verse-crystal-stud-earrings-60298466-908|verse-crystal-stud-earrings-60299098-901,CONSOLIDATED_SOURCE_PARENTS=gid://shopify/Product/7986335416410|gid://shopify/Product/7986340331610 REUSED_PARENT=gid://shopify/Product/7986335416410
2026-09-06T14:40:04.195Z,MIM-T-vibe-chain-stud-earrings,CREATED,gid://shopify/Product/7986333450330,Vibe Chain Stud Earrings,gid://shopify/Product/7986094178394|gid://shopify/Product/7986094342234,vibe-chain-stud-earrings-60298367-908|vibe-chain-stud-earrings-60298368-901,CONSOLIDATED_SOURCE_PARENTS=gid://shopify/Product/7986333450330|gid://shopify/Product/7986333646938 REUSED_PARENT=gid://shopify/Product/7986333450330
2026-09-06T14:40:11.056Z,MIM-T-vision-hoop-earrings,CREATED,gid://shopify/Product/7986295177306,Vision Hoop Earrings,gid://shopify/Product/7986052071514|gid://shopify/Product/7986056757338|gid://shopify/Product/7986058231898,vision-hoop-earrings-60280726-9439|vision-hoop-earrings-60282368-1|vision-hoop-earrings-60282398-8813,CONSOLIDATED_SOURCE_PARENTS=gid://shopify/Product/7986295177306|gid://shopify/Product/7986299175002|gid://shopify/Product/7986300125274 REUSED_PARENT=gid://shopify/Product/7986295177306
2026-09-06T14:40:15.972Z,MIM-T-vivacity-earrings-set,CREATED,gid://shopify/Product/7986532319322,Vivacity Earrings Set,gid://shopify/Product/7986482380890|gid://shopify/Product/7986482544730,vivacity-earrings-set-60302766-901|vivacity-earrings-set-60302767-908,CONSOLIDATED_SOURCE_PARENTS=gid://shopify/Product/7986532319322|gid://shopify/Product/7986532483162 REUSED_PARENT=gid://shopify/Product/7986532319322
2026-09-06T14:40:22.628Z,MIM-T-weave-around-stud-earrings,CREATED,gid://shopify/Product/7986328338522,Weave Around Stud Earrings,gid://shopify/Product/7986091425882|gid://shopify/Product/7986474057818|gid://shopify/Product/7986474156122,weave-around-stud-earrings-60297086-9570|weave-around-stud-earrings-60296733-908|weave-around-stud-earrings-60296734-901,CONSOLIDATED_SOURCE_PARENTS=gid://shopify/Product/7986328338522|gid://shopify/Product/7986518687834|gid://shopify/Product/7986518818906 REUSED_PARENT=gid://shopify/Product/7986328338522
2026-09-06T14:40:29.897Z,MIM-T-westlyn-heart-duo-hoop-earrings,CREATED,gid://shopify/Product/7986418155610,Westlyn Heart Duo Hoop Earrings,gid://shopify/Product/7986205589594|gid://shopify/Product/7986205720666|gid://shopify/Product/7986205884506,westlyn-heart-duo-hoop-earrings-60319350-901|westlyn-heart-duo-hoop-earrings-60319351-908|westlyn-heart-duo-hoop-earrings-60319352-9570,CONSOLIDATED_SOURCE_PARENTS=gid://shopify/Product/7986418155610|gid://shopify/Product/7986418319450|gid://shopify/Product/7986418483290 REUSED_PARENT=gid://shopify/Product/7986418155610
2026-09-06T14:40:34.002Z,MIM-T-what-a-treasure-stud-earrings,CREATED,gid://shopify/Product/7986354061402,What a Treasure Stud Earrings,gid://shopify/Product/7986119802970|gid://shopify/Product/7986119999578,what-a-treasure-stud-earrings-60306845-901|what-a-treasure-stud-earrings-60306846-908,CONSOLIDATED_SOURCE_PARENTS=gid://shopify/Product/7986354061402|gid://shopify/Product/7986354192474 REUSED_PARENT=gid://shopify/Product/7986354061402
2026-09-06T14:40:40.957Z,MIM-T-wistful-stud-earrings,CREATED,gid://shopify/Product/7986530156634,Wistful Stud Earrings,gid://shopify/Product/7986486050906|gid://shopify/Product/7986486214746|gid://shopify/Product/7986486345818,wistful-stud-earrings-60302589-9570|wistful-stud-earrings-60302590-908|wistful-stud-earrings-60302591-901,CONSOLIDATED_SOURCE_PARENTS=gid://shopify/Product/7986530156634|gid://shopify/Product/7986530353242|gid://shopify/Product/7986530517082 REUSED_PARENT=gid://shopify/Product/7986530156634
