timestamp,style_group_id,status,parent_id,parent_title,child_ids,child_handles,message
2026-08-27T13:39:42.771Z,MIM-T-blondie-mini-tote-bag,CREATED,gid://shopify/Product/8411978235978,Blondie Mini Tote Bag,gid://shopify/Product/8407688839242|gid://shopify/Product/8407688872010,blondie-mini-tote-bag-60318053|blondie-mini-tote-bag-60318052,
2026-08-27T14:27:20.979Z,MIM-T-blondie-mini-tote-bag,FAILED,gid://shopify/Product/8412021063754,Blondie Mini Tote Bag,,blondie-mini-tote-bag-60318053|blondie-mini-tote-bag-60318052,"HTTP 400: {""errors"":[{""message"":""Invalid variables parameter.""}]}"
2026-09-02T00:22:31.280Z,MIM-T-blondie-mini-tote-bag,FAILED,gid://shopify/Product/8420273160266,Blondie Mini Tote Bag,,blondie-mini-tote-bag-60318053|blondie-mini-tote-bag-60318052,"HTTP 400: {""errors"":[{""message"":""Invalid variables parameter.""}]}"
2026-09-02T00:25:51.942Z,MIM-T-blondie-mini-tote-bag,FAILED,gid://shopify/Product/DRYRUN-MIM-T-blondie-mini-tote-bag,Blondie Mini Tote Bag,,blondie-mini-tote-bag-60318053|blondie-mini-tote-bag-60318052,"HTTP 400: {""errors"":[{""message"":""Invalid variables parameter.""}]}"
2026-09-02T00:43:55.881Z,MIM-T-blondie-mini-tote-bag,FAILED,gid://shopify/Product/DRYRUN-MIM-T-blondie-mini-tote-bag,Blondie Mini Tote Bag,,blondie-mini-tote-bag-60318053|blondie-mini-tote-bag-60318052,"HTTP 400: {""errors"":[{""message"":""Invalid variables parameter.""}]}"
2026-09-02T00:50:24.137Z,MIM-T-blondie-mini-tote-bag,CREATED,gid://shopify/Product/DRYRUN-MIM-T-blondie-mini-tote-bag,Blondie Mini Tote Bag,gid://shopify/Product/8407688839242|gid://shopify/Product/8407688872010,blondie-mini-tote-bag-60318053|blondie-mini-tote-bag-60318052,
2026-09-02T00:50:48.215Z,MIM-T-blondie-mini-tote-bag,CREATED,gid://shopify/Product/8420281745482,Blondie Mini Tote Bag,gid://shopify/Product/8407688839242|gid://shopify/Product/8407688872010,blondie-mini-tote-bag-60318053|blondie-mini-tote-bag-60318052,
2026-09-02T01:14:27.610Z,MIM-T-clique-sterling-silver-necklace,CREATED,gid://shopify/Product/8257044414538,Clique Sterling Silver Necklace,gid://shopify/Product/8256869924938|gid://shopify/Product/8256869761098|gid://shopify/Product/8256870088778,clique-sterling-silver-necklace-60274019-9570|clique-sterling-silver-necklace-60274020-901|clique-sterling-silver-necklace-60274021-908,CONSOLIDATED_SOURCE_PARENTS=gid://shopify/Product/8257044250698|gid://shopify/Product/8257044414538|gid://shopify/Product/8257044578378 REUSED_PARENT=gid://shopify/Product/8257044414538
2026-09-03T06:48:17.240Z,MIM-T-linked-up-huggie-earrings,CREATED,gid://shopify/Product/7986536022106,Linked Up Huggie Earrings,gid://shopify/Product/7986494734426|gid://shopify/Product/7986494799962|gid://shopify/Product/7986494832730,linked-up-huggie-earrings-60323931-8836|linked-up-huggie-earrings-60323932-620|linked-up-huggie-earrings-60323934-433,CONSOLIDATED_SOURCE_PARENTS=gid://shopify/Product/7986536022106|gid://shopify/Product/7986536185946|gid://shopify/Product/7986536349786 REUSED_PARENT=gid://shopify/Product/7986536022106
2026-09-03T06:48:39.049Z,MIM-T-linked-up-huggie-earrings,CREATED,gid://shopify/Product/7986536022106,Linked Up Huggie Earrings,gid://shopify/Product/7986494734426|gid://shopify/Product/7986494799962|gid://shopify/Product/7986494832730,linked-up-huggie-earrings-60323931-8836|linked-up-huggie-earrings-60323932-620|linked-up-huggie-earrings-60323934-433,CONSOLIDATED_SOURCE_PARENTS=gid://shopify/Product/7986536022106|gid://shopify/Product/7986536185946|gid://shopify/Product/7986536349786 REUSED_PARENT=gid://shopify/Product/7986536022106
2026-09-04T02:06:12.184Z,MIM-T-afterparty-crossbody-bag,CREATED,gid://shopify/Product/7986340200538,Afterparty Crossbody Bag,gid://shopify/Product/7986102468698|gid://shopify/Product/7986102665306,afterparty-crossbody-bag-60299144-3637|afterparty-crossbody-bag-60299145-100,CONSOLIDATED_SOURCE_PARENTS=gid://shopify/Product/7986340200538|gid://shopify/Product/7986340397146 REUSED_PARENT=gid://shopify/Product/7986340200538
2026-09-04T02:06:14.642Z,MIM-T-afterparty-multi-wear-shoulder-bag,CREATED,gid://shopify/Product/7986340823130,Afterparty Multi-Wear Shoulder Bag,gid://shopify/Product/7986100109402|gid://shopify/Product/7986100306010|gid://shopify/Product/7986102796378|gid://shopify/Product/7986102992986|gid://shopify/Product/7986475827290,afterparty-multi-wear-shoulder-bag-60299149-3637|afterparty-multi-wear-shoulder-bag-60299150-100|afterparty-multi-wear-shoulder-bag-60299147-6522|afterparty-multi-wear-shoulder-bag-60299148-1752|afterparty-multi-wear-shoulder-bag-60301505-901,CONSOLIDATED_SOURCE_PARENTS=gid://shopify/Product/7986340823130|gid://shopify/Product/7986340986970|gid://shopify/Product/7986340560986|gid://shopify/Product/7986340724826|gid://shopify/Product/7986520981594 REUSED_PARENT=gid://shopify/Product/7986340823130
2026-09-04T02:06:15.971Z,MIM-T-alina-shoulder-bag,CREATED,gid://shopify/Product/7986370216026,Alina Shoulder Bag,gid://shopify/Product/7986138873946|gid://shopify/Product/7986139103322|gid://shopify/Product/7986139234394,alina-shoulder-bag-60309338-1|alina-shoulder-bag-60309339-9501|alina-shoulder-bag-60309340-441,CONSOLIDATED_SOURCE_PARENTS=gid://shopify/Product/7986370216026|gid://shopify/Product/7986370412634|gid://shopify/Product/7986370543706 REUSED_PARENT=gid://shopify/Product/7986370216026
2026-09-04T02:06:19.864Z,MIM-T-allure-crossbody-bag,CREATED,gid://shopify/Product/7986338463834,Allure Crossbody Bag,gid://shopify/Product/7986100731994|gid://shopify/Product/7986100863066|gid://shopify/Product/7986101026906|gid://shopify/Product/7986101190746|gid://shopify/Product/7986110103642|gid://shopify/Product/7986110267482|gid://shopify/Product/7986472190042|gid://shopify/Product/7986472321114,allure-crossbody-bag-60299125-3637|allure-crossbody-bag-60299126-100|allure-crossbody-bag-60299127-3718|allure-crossbody-bag-60299128-901|allure-crossbody-bag-60304118-686|allure-crossbody-bag-60304119-263|allure-crossbody-bag-60299867-725|allure-crossbody-bag-60299868-7531,CONSOLIDATED_SOURCE_PARENTS=gid://shopify/Product/7986338463834|gid://shopify/Product/7986338627674|gid://shopify/Product/7986338758746|gid://shopify/Product/7986338889818|gid://shopify/Product/7986342232154|gid://shopify/Product/7986342395994|gid://shopify/Product/7986518163546|gid://shopify/Product/7986518294618 REUSED_PARENT=gid://shopify/Product/7986338463834
2026-09-04T02:06:20.785Z,MIM-T-arc-hobo-bag,CREATED,gid://shopify/Product/7986360352858,Arc Hobo Bag,gid://shopify/Product/7986125406298|gid://shopify/Product/7986126159962,arc-hobo-bag-60308033-1|arc-hobo-bag-60308038-9501,CONSOLIDATED_SOURCE_PARENTS=gid://shopify/Product/7986360352858|gid://shopify/Product/7986361008218 REUSED_PARENT=gid://shopify/Product/7986360352858
2026-09-04T02:06:29.016Z,MIM-T-bay-crossbody-bag,CREATED,gid://shopify/Product/7986323619930,Bay Crossbody Bag,gid://shopify/Product/7986081955930|gid://shopify/Product/7986082152538|gid://shopify/Product/7986082316378|gid://shopify/Product/7986109415514|gid://shopify/Product/7986109579354|gid://shopify/Product/7986109743194|gid://shopify/Product/7986122621018|gid://shopify/Product/7986133270618|gid://shopify/Product/7986134876250|gid://shopify/Product/7986137890906|gid://shopify/Product/7986137989210|gid://shopify/Product/7986140741722|gid://shopify/Product/7986197266522|gid://shopify/Product/7986207916122|gid://shopify/Product/7986468126810|gid://shopify/Product/7986468290650,bay-crossbody-bag-60290772-3637|bay-crossbody-bag-60290773-100|bay-crossbody-bag-60290774-974|bay-crossbody-bag-60305435-238|bay-crossbody-bag-60305436-9013|bay-crossbody-bag-60305437-4068|bay-crossbody-bag-60307815-321|bay-crossbody-bag-60308596-2351|bay-crossbody-bag-60309145-441|bay-crossbody-bag-60309143-106|bay-crossbody-bag-60309144-6525|bay-crossbody-bag-60310173-9501|bay-crossbody-bag-60318039-413|bay-crossbody-bag-60320611-118|bay-crossbody-bag-60300501-334|bay-crossbody-bag-60300502-7531,CONSOLIDATED_SOURCE_PARENTS=gid://shopify/Product/7986323619930|gid://shopify/Product/7986323783770|gid://shopify/Product/7986323914842|gid://shopify/Product/7986348163162|gid://shopify/Product/7986344951898|gid://shopify/Product/7986345115738|gid://shopify/Product/7986356486234|gid://shopify/Product/7986364514394|gid://shopify/Product/7986365169754|gid://shopify/Product/7986368118874|gid://shopify/Product/7986368249946|gid://shopify/Product/7986368610394|gid://shopify/Product/7986415173722|gid://shopify/Product/7986423365722|gid://shopify/Product/7986520096858|gid://shopify/Product/7986520227930 REUSED_PARENT=gid://shopify/Product/7986323619930
2026-09-04T02:06:31.650Z,MIM-T-bay-strap-crossbody-bag,CREATED,gid://shopify/Product/7986374180954,Bay Strap Crossbody Bag,gid://shopify/Product/7986145394778|gid://shopify/Product/7986145558618|gid://shopify/Product/7986152472666|gid://shopify/Product/7986181931098|gid://shopify/Product/7986193760346|gid://shopify/Product/7986198904922,bay-strap-crossbody-bag-60310531-974|bay-strap-crossbody-bag-60310532-2351|bay-strap-crossbody-bag-60311848-100|bay-strap-crossbody-bag-60314894-6121|bay-strap-crossbody-bag-60317949-203|bay-strap-crossbody-bag-60318163-602,CONSOLIDATED_SOURCE_PARENTS=gid://shopify/Product/7986374180954|gid://shopify/Product/7986374344794|gid://shopify/Product/7986378932314|gid://shopify/Product/7986401640538|gid://shopify/Product/7986409111642|gid://shopify/Product/7986414616666 REUSED_PARENT=gid://shopify/Product/7986374180954
2026-09-04T02:06:33.071Z,MIM-T-bay-tote-bag,CREATED,gid://shopify/Product/7986378670170,Bay Tote Bag,gid://shopify/Product/7986152079450|gid://shopify/Product/7986152276058|gid://shopify/Product/7986194350170,bay-tote-bag-60311843-974|bay-tote-bag-60311844-2351|bay-tote-bag-60317235-9501,CONSOLIDATED_SOURCE_PARENTS=gid://shopify/Product/7986378670170|gid://shopify/Product/7986378801242|gid://shopify/Product/7986409603162 REUSED_PARENT=gid://shopify/Product/7986378670170
2026-09-04T02:06:34.813Z,MIM-T-betsy-shoulder-bag,CREATED,gid://shopify/Product/7986320703578,Betsy Shoulder Bag,gid://shopify/Product/7986078482522|gid://shopify/Product/7986079039578|gid://shopify/Product/7986079203418|gid://shopify/Product/7986079334490,betsy-shoulder-bag-60290270-974|betsy-shoulder-bag-60290238-100|betsy-shoulder-bag-60290239-3637|betsy-shoulder-bag-60290243-901,CONSOLIDATED_SOURCE_PARENTS=gid://shopify/Product/7986320703578|gid://shopify/Product/7986318377050|gid://shopify/Product/7986318540890|gid://shopify/Product/7986318671962 REUSED_PARENT=gid://shopify/Product/7986320703578
2026-09-04T02:06:35.943Z,MIM-T-bloom-clutch-evening-bag,CREATED,gid://shopify/Product/7986274533466,Bloom Clutch Evening Bag,gid://shopify/Product/7986027003994|gid://shopify/Product/7986027069530,bloom-clutch-evening-bag-60258721-115|bloom-clutch-evening-bag-60262994-7009,CONSOLIDATED_SOURCE_PARENTS=gid://shopify/Product/7986274533466|gid://shopify/Product/7986274435162 REUSED_PARENT=gid://shopify/Product/7986274533466
2026-09-04T02:06:36.755Z,MIM-T-bloom-micro-tote-bag,CREATED,gid://shopify/Product/7986272010330,Bloom Micro Tote Bag,gid://shopify/Product/7986024480858|gid://shopify/Product/7986024644698,bloom-micro-tote-bag-60255298-100|bloom-micro-tote-bag-60255299-6697,CONSOLIDATED_SOURCE_PARENTS=gid://shopify/Product/7986272010330|gid://shopify/Product/7986272174170 REUSED_PARENT=gid://shopify/Product/7986272010330
2026-09-04T02:06:37.636Z,MIM-T-bloom-mini-tote-bag,CREATED,gid://shopify/Product/7986272501850,Bloom Mini Tote Bag,gid://shopify/Product/7986025267290|gid://shopify/Product/7986038374490,bloom-mini-tote-bag-60258683-974|bloom-mini-tote-bag-60270544-8916,CONSOLIDATED_SOURCE_PARENTS=gid://shopify/Product/7986272501850|gid://shopify/Product/7986284855386 REUSED_PARENT=gid://shopify/Product/7986272501850
2026-09-04T02:06:38.480Z,MIM-T-brittany-mini-tote-bag,CREATED,gid://shopify/Product/7986422808666,Brittany Mini Tote Bag,gid://shopify/Product/7986208571482|gid://shopify/Product/7986208735322,brittany-mini-tote-bag-60319802-448|brittany-mini-tote-bag-60319804-9787,CONSOLIDATED_SOURCE_PARENTS=gid://shopify/Product/7986422808666|gid://shopify/Product/7986422972506 REUSED_PARENT=gid://shopify/Product/7986422808666
2026-09-04T02:06:39.523Z,MIM-T-brittany-tote-bag,CREATED,gid://shopify/Product/7986423169114,Brittany Tote Bag,gid://shopify/Product/7986208833626|gid://shopify/Product/7986208997466,brittany-tote-bag-60319806-9787|brittany-tote-bag-60319807-448,CONSOLIDATED_SOURCE_PARENTS=gid://shopify/Product/7986423169114|gid://shopify/Product/7986423332954 REUSED_PARENT=gid://shopify/Product/7986423169114
2026-09-04T02:06:40.749Z,MIM-T-buckle-up-mini-shoulder-bag,CREATED,gid://shopify/Product/7986510561370,Buckle Up Mini Shoulder Bag,gid://shopify/Product/7986464817242|gid://shopify/Product/7986464981082,buckle-up-mini-shoulder-bag-60295731-7569|buckle-up-mini-shoulder-bag-60295732-202,CONSOLIDATED_SOURCE_PARENTS=gid://shopify/Product/7986510561370|gid://shopify/Product/7986510757978 REUSED_PARENT=gid://shopify/Product/7986510561370
2026-09-04T02:06:41.674Z,MIM-T-casa-shoulder-bag,CREATED,gid://shopify/Product/7986318213210,Casa Shoulder Bag,gid://shopify/Product/7986078842970|gid://shopify/Product/7986080940122,casa-shoulder-bag-60290232-100|casa-shoulder-bag-60290477-7783,CONSOLIDATED_SOURCE_PARENTS=gid://shopify/Product/7986318213210|gid://shopify/Product/7986319261786 REUSED_PARENT=gid://shopify/Product/7986318213210
2026-09-04T02:06:42.595Z,MIM-T-cedar-bucket-bag,CREATED,gid://shopify/Product/7986388533338,Cedar Bucket Bag,gid://shopify/Product/7986160795738|gid://shopify/Product/7986160959578,cedar-bucket-bag-60313108-1|cedar-bucket-bag-60313109-254,CONSOLIDATED_SOURCE_PARENTS=gid://shopify/Product/7986388533338|gid://shopify/Product/7986388664410 REUSED_PARENT=gid://shopify/Product/7986388533338
2026-09-04T02:06:43.720Z,MIM-T-cedar-crossbody-bag,CREATED,gid://shopify/Product/7986385584218,Cedar Crossbody Bag,gid://shopify/Product/7986157912154|gid://shopify/Product/7986161090650,cedar-crossbody-bag-60313111-1|cedar-crossbody-bag-60313110-254,CONSOLIDATED_SOURCE_PARENTS=gid://shopify/Product/7986385584218|gid://shopify/Product/7986385453146 REUSED_PARENT=gid://shopify/Product/7986385584218
2026-09-04T02:06:45.056Z,MIM-T-centre-stage-mini-bowler-bag,CREATED,gid://shopify/Product/7986522882138,Centre Stage Mini Bowler Bag,gid://shopify/Product/7986478415962|gid://shopify/Product/7986480185434|gid://shopify/Product/7986480349274,centre-stage-mini-bowler-bag-60302328-254|centre-stage-mini-bowler-bag-60301644-3637|centre-stage-mini-bowler-bag-60301645-2348,CONSOLIDATED_SOURCE_PARENTS=gid://shopify/Product/7986522882138|gid://shopify/Product/7986524749914|gid://shopify/Product/7986524913754 REUSED_PARENT=gid://shopify/Product/7986522882138
2026-09-04T02:06:46.381Z,MIM-T-centre-stage-mini-tote-bag,CREATED,gid://shopify/Product/7986521473114,Centre Stage Mini Tote Bag,gid://shopify/Product/7986476318810|gid://shopify/Product/7986476515418|gid://shopify/Product/7986478252122,centre-stage-mini-tote-bag-60301551-254|centre-stage-mini-tote-bag-60301552-3637|centre-stage-mini-tote-bag-60302327-2348,CONSOLIDATED_SOURCE_PARENTS=gid://shopify/Product/7986521473114|gid://shopify/Product/7986521604186|gid://shopify/Product/7986522685530 REUSED_PARENT=gid://shopify/Product/7986521473114
2026-09-04T02:06:47.197Z,MIM-T-chelsea-crossbody-bag,CREATED,gid://shopify/Product/7986367397978,Chelsea Crossbody Bag,gid://shopify/Product/7986138218586|gid://shopify/Product/7986138349658,chelsea-crossbody-bag-60309163-982|chelsea-crossbody-bag-60309164-6525,CONSOLIDATED_SOURCE_PARENTS=gid://shopify/Product/7986367397978|gid://shopify/Product/7986367594586 REUSED_PARENT=gid://shopify/Product/7986367397978
2026-09-04T02:06:48.226Z,MIM-T-classico-flap-over-crossbody-bag,CREATED,gid://shopify/Product/7986292097114,Classico Flap Over Crossbody Bag,gid://shopify/Product/7986048172122|gid://shopify/Product/7986048335962,classico-flap-over-crossbody-bag-60276323-2351|classico-flap-over-crossbody-bag-60276325-9601,CONSOLIDATED_SOURCE_PARENTS=gid://shopify/Product/7986292097114|gid://shopify/Product/7986292260954 REUSED_PARENT=gid://shopify/Product/7986292097114
2026-09-04T02:06:51.491Z,MIM-T-classico-shoulder-bag,CREATED,gid://shopify/Product/7986290884698,Classico Shoulder Bag,gid://shopify/Product/7986046861402|gid://shopify/Product/7986048434266|gid://shopify/Product/7986048598106|gid://shopify/Product/7986053513306|gid://shopify/Product/7986060099674|gid://shopify/Product/7986060329050,classico-shoulder-bag-60277403-1752|classico-shoulder-bag-60277457-974|classico-shoulder-bag-60277458-9439|classico-shoulder-bag-60281322-898|classico-shoulder-bag-60282740-9621|classico-shoulder-bag-60282795-1492,CONSOLIDATED_SOURCE_PARENTS=gid://shopify/Product/7986290884698|gid://shopify/Product/7986292588634|gid://shopify/Product/7986292752474|gid://shopify/Product/7986299404378|gid://shopify/Product/7986301829210|gid://shopify/Product/7986301993050 REUSED_PARENT=gid://shopify/Product/7986290884698
2026-09-04T02:06:53.245Z,MIM-T-cleo-crossbody-bag,CREATED,gid://shopify/Product/7986383585370,Cleo Crossbody Bag,gid://shopify/Product/7986154274906|gid://shopify/Product/7986154438746|gid://shopify/Product/7986157453402,cleo-crossbody-bag-60312130-2348|cleo-crossbody-bag-60312131-101|cleo-crossbody-bag-60312129-1,CONSOLIDATED_SOURCE_PARENTS=gid://shopify/Product/7986383585370|gid://shopify/Product/7986383683674|gid://shopify/Product/7986383388762 REUSED_PARENT=gid://shopify/Product/7986383585370
2026-09-04T02:06:54.981Z,MIM-T-cleo-tote-bag,CREATED,gid://shopify/Product/7986383093850,Cleo Tote Bag,gid://shopify/Product/7986157125722|gid://shopify/Product/7986157256794,cleo-tote-bag-60312127-2348|cleo-tote-bag-60312128-1,CONSOLIDATED_SOURCE_PARENTS=gid://shopify/Product/7986383093850|gid://shopify/Product/7986383257690 REUSED_PARENT=gid://shopify/Product/7986383093850
2026-09-04T02:07:00.615Z,MIM-T-cove-slim-shoulder-bag,CREATED,gid://shopify/Product/7986383945818,Cove Slim Shoulder Bag,gid://shopify/Product/7986154602586|gid://shopify/Product/7986154766426|gid://shopify/Product/7986154930266|gid://shopify/Product/7986155126874|gid://shopify/Product/7986155225178|gid://shopify/Product/7986183143514|gid://shopify/Product/7986194612314|gid://shopify/Product/7986209390682,cove-slim-shoulder-bag-60312105-3718|cove-slim-shoulder-bag-60312107-1|cove-slim-shoulder-bag-60312108-657|cove-slim-shoulder-bag-60312109-100|cove-slim-shoulder-bag-60312110-2348|cove-slim-shoulder-bag-60314917-6121|cove-slim-shoulder-bag-60318016-202|cove-slim-shoulder-bag-60319888-9961,CONSOLIDATED_SOURCE_PARENTS=gid://shopify/Product/7986383781978|gid://shopify/Product/7986383945818|gid://shopify/Product/7986384076890|gid://shopify/Product/7986384240730|gid://shopify/Product/7986384371802|gid://shopify/Product/7986402820186|gid://shopify/Product/7986412814426|gid://shopify/Product/7986423660634 REUSED_PARENT=gid://shopify/Product/7986383945818
2026-09-04T02:07:02.236Z,MIM-T-cremorne-crossbody-bag,CREATED,gid://shopify/Product/7986357338202,Cremorne Crossbody Bag,gid://shopify/Product/7986120196186|gid://shopify/Product/7986125570138|gid://shopify/Product/7986125733978|gid://shopify/Product/7986126225498,cremorne-crossbody-bag-60307827-3024|cremorne-crossbody-bag-60308011-9439|cremorne-crossbody-bag-60308012-476|cremorne-crossbody-bag-60307988-3637,CONSOLIDATED_SOURCE_PARENTS=gid://shopify/Product/7986357338202|gid://shopify/Product/7986357403738|gid://shopify/Product/7986357567578|gid://shopify/Product/7986357796954 REUSED_PARENT=gid://shopify/Product/7986357338202
2026-09-04T02:07:05.328Z,MIM-T-cremorne-mini-tote-bag,CREATED,gid://shopify/Product/7986357207130,Cremorne Mini Tote Bag,gid://shopify/Product/7986120097882|gid://shopify/Product/7986125897818|gid://shopify/Product/7986126061658|gid://shopify/Product/7986126258266,cremorne-mini-tote-bag-60307826-3024|cremorne-mini-tote-bag-60308013-3637|cremorne-mini-tote-bag-60308014-9439|cremorne-mini-tote-bag-60308015-476,CONSOLIDATED_SOURCE_PARENTS=gid://shopify/Product/7986357207130|gid://shopify/Product/7986357731418|gid://shopify/Product/7986357895258|gid://shopify/Product/7986358059098 REUSED_PARENT=gid://shopify/Product/7986357207130
2026-09-04T02:07:06.866Z,MIM-T-cremorne-tote-bag,CREATED,gid://shopify/Product/7986357043290,Cremorne Tote Bag,gid://shopify/Product/7986119901274|gid://shopify/Product/7986126422106|gid://shopify/Product/7986126585946,cremorne-tote-bag-60307825-3024|cremorne-tote-bag-60308016-3637|cremorne-tote-bag-60308017-9439,CONSOLIDATED_SOURCE_PARENTS=gid://shopify/Product/7986357043290|gid://shopify/Product/7986358288474|gid://shopify/Product/7986358321242 REUSED_PARENT=gid://shopify/Product/7986357043290
2026-09-04T02:07:09.321Z,MIM-T-d-vine-camera-crossbody-bag,CREATED,gid://shopify/Product/7986304352346,D-Vine Camera Crossbody Bag,gid://shopify/Product/7986059149402|gid://shopify/Product/7986059247706|gid://shopify/Product/7986059477082|gid://shopify/Product/7986067701850|gid://shopify/Product/7986068291674,d-vine-camera-crossbody-bag-60283816-1492|d-vine-camera-crossbody-bag-60283817-2351|d-vine-camera-crossbody-bag-60283818-974|d-vine-camera-crossbody-bag-60286052-1702|d-vine-camera-crossbody-bag-60286686-7895,CONSOLIDATED_SOURCE_PARENTS=gid://shopify/Product/7986304352346|gid://shopify/Product/7986301173850|gid://shopify/Product/7986301370458|gid://shopify/Product/7986308120666|gid://shopify/Product/7986308710490 REUSED_PARENT=gid://shopify/Product/7986304352346
2026-09-04T02:07:10.868Z,MIM-T-d-vine-cross-body-bag,CREATED,gid://shopify/Product/7986269913178,D-Vine Cross Body Bag,gid://shopify/Product/7986022449242|gid://shopify/Product/7986027757658,d-vine-cross-body-bag-60252978-9514|d-vine-cross-body-bag-60262724-9529,CONSOLIDATED_SOURCE_PARENTS=gid://shopify/Product/7986269913178|gid://shopify/Product/7986275024986 REUSED_PARENT=gid://shopify/Product/7986269913178
2026-09-04T02:07:13.317Z,MIM-T-d-vine-crossbody-bag,CREATED,gid://shopify/Product/7986269651034,D-Vine Crossbody Bag,gid://shopify/Product/7986022285402|gid://shopify/Product/7986024939610|gid://shopify/Product/7986027855962,d-vine-crossbody-bag-60252977-1492|d-vine-crossbody-bag-60258656-974|d-vine-crossbody-bag-60262725-2351,CONSOLIDATED_SOURCE_PARENTS=gid://shopify/Product/7986269651034|gid://shopify/Product/7986272239706|gid://shopify/Product/7986275221594 REUSED_PARENT=gid://shopify/Product/7986269651034
2026-09-04T02:07:16.490Z,MIM-T-d-vine-grab-crossbody-bag,CREATED,gid://shopify/Product/7986298191962,D-Vine Grab Crossbody Bag,gid://shopify/Product/7986056134746|gid://shopify/Product/7986056364122|gid://shopify/Product/7986056527962|gid://shopify/Product/7986067472474|gid://shopify/Product/7986068389978,d-vine-grab-crossbody-bag-60281068-2351|d-vine-grab-crossbody-bag-60281069-974|d-vine-grab-crossbody-bag-60281070-1492|d-vine-grab-crossbody-bag-60286051-3109|d-vine-grab-crossbody-bag-60286687-7895,CONSOLIDATED_SOURCE_PARENTS=gid://shopify/Product/7986298191962|gid://shopify/Product/7986298355802|gid://shopify/Product/7986298519642|gid://shopify/Product/7986307956826|gid://shopify/Product/7986308874330 REUSED_PARENT=gid://shopify/Product/7986298191962
2026-09-04T02:07:19.258Z,MIM-T-d-vine-sling-crossbody-bag,CREATED,gid://shopify/Product/7986278662234,D-Vine Sling Crossbody Bag,gid://shopify/Product/7986031263834|gid://shopify/Product/7986031427674|gid://shopify/Product/7986037882970|gid://shopify/Product/7986044043354|gid://shopify/Product/7986054889562,d-vine-sling-crossbody-bag-60266738-1492|d-vine-sling-crossbody-bag-60266739-2351|d-vine-sling-crossbody-bag-60270520-100|d-vine-sling-crossbody-bag-60274430-8921|d-vine-sling-crossbody-bag-60281041-3031,CONSOLIDATED_SOURCE_PARENTS=gid://shopify/Product/7986278662234|gid://shopify/Product/7986278793306|gid://shopify/Product/7986284331098|gid://shopify/Product/7986288525402|gid://shopify/Product/7986297274458 REUSED_PARENT=gid://shopify/Product/7986278662234
2026-09-04T02:07:20.584Z,MIM-T-d-vine-worker-tote-bag,CREATED,gid://shopify/Product/7986302091354,D-Vine Worker Tote Bag,gid://shopify/Product/7986060132442|gid://shopify/Product/7986060263514,d-vine-worker-tote-bag-60283824-1492|d-vine-worker-tote-bag-60283825-2351,CONSOLIDATED_SOURCE_PARENTS=gid://shopify/Product/7986302091354|gid://shopify/Product/7986302255194 REUSED_PARENT=gid://shopify/Product/7986302091354
2026-09-04T02:07:22.121Z,MIM-T-darcy-bowler-bag,CREATED,gid://shopify/Product/7986360516698,Darcy Bowler Bag,gid://shopify/Product/7986125668442|gid://shopify/Product/7986125832282|gid://shopify/Product/7986125996122,darcy-bowler-bag-60308034-3637|darcy-bowler-bag-60308035-9599|darcy-bowler-bag-60308037-1085,CONSOLIDATED_SOURCE_PARENTS=gid://shopify/Product/7986360516698|gid://shopify/Product/7986360680538|gid://shopify/Product/7986360844378 REUSED_PARENT=gid://shopify/Product/7986360516698
2026-09-04T02:07:23.857Z,MIM-T-darcy-bwlr-bg,CREATED,gid://shopify/Product/7986348884058,Darcy Bwlr Bg,gid://shopify/Product/7986111938650|gid://shopify/Product/7986112135258|gid://shopify/Product/7986115248218,darcy-bwlr-bg-60306163-1085|darcy-bwlr-bg-60306164-3637|darcy-bwlr-bg-60306162-9599,CONSOLIDATED_SOURCE_PARENTS=gid://shopify/Product/7986348884058|gid://shopify/Product/7986349080666|gid://shopify/Product/7986348687450 REUSED_PARENT=gid://shopify/Product/7986348884058
2026-09-04T02:07:24.815Z,MIM-T-darcy-crossbody-bag,CREATED,gid://shopify/Product/7986357370970,Darcy Crossbody Bag,gid://shopify/Product/7986125471834|gid://shopify/Product/7986126028890,darcy-crossbody-bag-60307967-9599|darcy-crossbody-bag-60307969-1085,CONSOLIDATED_SOURCE_PARENTS=gid://shopify/Product/7986357370970|gid://shopify/Product/7986357633114 REUSED_PARENT=gid://shopify/Product/7986357370970
2026-09-04T02:07:25.961Z,MIM-T-darcy-tote,CREATED,gid://shopify/Product/7986348359770,Darcy Tote,gid://shopify/Product/7986115051610|gid://shopify/Product/7986115117146,darcy-tote-60306159-3637|darcy-tote-60306161-9599,CONSOLIDATED_SOURCE_PARENTS=gid://shopify/Product/7986348359770|gid://shopify/Product/7986348523610 REUSED_PARENT=gid://shopify/Product/7986348359770
2026-09-04T02:07:27.440Z,MIM-T-darcy-tote-bag,CREATED,gid://shopify/Product/7986361303130,Darcy Tote Bag,gid://shopify/Product/7986126389338|gid://shopify/Product/7986126553178,darcy-tote-bag-60308039-3637|darcy-tote-bag-60308040-9599,CONSOLIDATED_SOURCE_PARENTS=gid://shopify/Product/7986361303130|gid://shopify/Product/7986361499738 REUSED_PARENT=gid://shopify/Product/7986361303130
2026-09-04T02:07:30.971Z,MIM-T-daydream-hip-bag,CREATED,gid://shopify/Product/7986258280538,Daydream Hip Bag,gid://shopify/Product/7986011439194|gid://shopify/Product/7986011603034|gid://shopify/Product/7986013896794|gid://shopify/Product/7986014814298|gid://shopify/Product/7986016518234|gid://shopify/Product/7986018615386|gid://shopify/Product/7986018811994|gid://shopify/Product/7986020352090,daydream-hip-bag-60223061-9621|daydream-hip-bag-60223221-706|daydream-hip-bag-60214334-1|daydream-hip-bag-60232485-1781|daydream-hip-bag-60242787-290|daydream-hip-bag-60243709-9830|daydream-hip-bag-60243711-9864|daydream-hip-bag-60250941-124,CONSOLIDATED_SOURCE_PARENTS=gid://shopify/Product/7986258280538|gid://shopify/Product/7986258477146|gid://shopify/Product/7986260934746|gid://shopify/Product/7986262540378|gid://shopify/Product/7986263720026|gid://shopify/Product/7986266079322|gid://shopify/Product/7986266243162|gid://shopify/Product/7986267750490 REUSED_PARENT=gid://shopify/Product/7986258280538
2026-09-04T02:07:32.052Z,MIM-T-deco-crossbody-bag,CREATED,gid://shopify/Product/7986318835802,Deco Crossbody Bag,gid://shopify/Product/7986079498330|gid://shopify/Product/7986079662170,deco-crossbody-bag-60290245-100|deco-crossbody-bag-60290246-7746,CONSOLIDATED_SOURCE_PARENTS=gid://shopify/Product/7986318835802|gid://shopify/Product/7986318999642 REUSED_PARENT=gid://shopify/Product/7986318835802
2026-09-04T02:07:35.415Z,MIM-T-dolly-shoulder-bag,CREATED,gid://shopify/Product/7986413011034,Dolly Shoulder Bag,gid://shopify/Product/7986100469850|gid://shopify/Product/7986100633690|gid://shopify/Product/7986198020186|gid://shopify/Product/7986209194074|gid://shopify/Product/7986473107546|gid://shopify/Product/7986473238618|gid://shopify/Product/7986473369690,dolly-shoulder-bag-60299155-100|dolly-shoulder-bag-60299156-7679|dolly-shoulder-bag-60318045-1|dolly-shoulder-bag-60319812-9961|dolly-shoulder-bag-60296876-3637|dolly-shoulder-bag-60296877-950|dolly-shoulder-bag-60296879-3718,CONSOLIDATED_SOURCE_PARENTS=gid://shopify/Product/7986341150810|gid://shopify/Product/7986338332762|gid://shopify/Product/7986413011034|gid://shopify/Product/7986423496794|gid://shopify/Product/7986519212122|gid://shopify/Product/7986519408730|gid://shopify/Product/7986519572570 REUSED_PARENT=gid://shopify/Product/7986413011034
2026-09-04T02:07:36.726Z,MIM-T-donna-crossbody-bag,CREATED,gid://shopify/Product/7986341412954,Donna Crossbody Bag,gid://shopify/Product/7986105057370|gid://shopify/Product/7986476777562|gid://shopify/Product/7986479366234,donna-crossbody-bag-60299418-2348|donna-crossbody-bag-60302388-3637|donna-crossbody-bag-60301633-302,CONSOLIDATED_SOURCE_PARENTS=gid://shopify/Product/7986341412954|gid://shopify/Product/7986521342042|gid://shopify/Product/7986524127322 REUSED_PARENT=gid://shopify/Product/7986341412954
2026-09-04T02:07:38.300Z,MIM-T-donna-large-zip-hobo-bag,CREATED,gid://shopify/Product/7986340888666,Donna Large Zip Hobo Bag,gid://shopify/Product/7986104238170|gid://shopify/Product/7986110398554|gid://shopify/Product/7986479202394,donna-large-zip-hobo-bag-60299414-302|donna-large-zip-hobo-bag-60304120-3637|donna-large-zip-hobo-bag-60301632-254,CONSOLIDATED_SOURCE_PARENTS=gid://shopify/Product/7986340888666|gid://shopify/Product/7986342527066|gid://shopify/Product/7986523963482 REUSED_PARENT=gid://shopify/Product/7986340888666
2026-09-04T02:07:40.116Z,MIM-T-donna-small-zip-hobo-bag,CREATED,gid://shopify/Product/7986341052506,Donna Small Zip Hobo Bag,gid://shopify/Product/7986104467546|gid://shopify/Product/7986104664154|gid://shopify/Product/7986104860762|gid://shopify/Product/7986110595162,donna-small-zip-hobo-bag-60299415-302|donna-small-zip-hobo-bag-60299416-2348|donna-small-zip-hobo-bag-60299417-254|donna-small-zip-hobo-bag-60304121-3637,CONSOLIDATED_SOURCE_PARENTS=gid://shopify/Product/7986341052506|gid://shopify/Product/7986341249114|gid://shopify/Product/7986341347418|gid://shopify/Product/7986342690906 REUSED_PARENT=gid://shopify/Product/7986341052506
2026-09-04T02:07:43.421Z,MIM-T-drift-flapover-shoulder-bag,CREATED,gid://shopify/Product/7986329550938,Drift Flapover Shoulder Bag,gid://shopify/Product/7986089263194|gid://shopify/Product/7986089427034|gid://shopify/Product/7986089590874|gid://shopify/Product/7986101223514,drift-flapover-shoulder-bag-60297231-3718|drift-flapover-shoulder-bag-60297232-7569|drift-flapover-shoulder-bag-60297233-3637|drift-flapover-shoulder-bag-60299372-901,CONSOLIDATED_SOURCE_PARENTS=gid://shopify/Product/7986329550938|gid://shopify/Product/7986329747546|gid://shopify/Product/7986329911386|gid://shopify/Product/7986338398298 REUSED_PARENT=gid://shopify/Product/7986329550938
2026-09-04T02:07:45.268Z,MIM-T-drift-shoulder-bag,CREATED,gid://shopify/Product/7986340921434,Drift Shoulder Bag,gid://shopify/Product/7986100240474|gid://shopify/Product/7986100666458|gid://shopify/Product/7986100830298|gid://shopify/Product/7986106957914,drift-shoulder-bag-60299315-116|drift-shoulder-bag-60299317-9480|drift-shoulder-bag-60299355-334|drift-shoulder-bag-60299406-100,CONSOLIDATED_SOURCE_PARENTS=gid://shopify/Product/7986340921434|gid://shopify/Product/7986341216346|gid://shopify/Product/7986341314650|gid://shopify/Product/7986339676250 REUSED_PARENT=gid://shopify/Product/7986340921434
2026-09-04T02:07:47.337Z,MIM-T-eclipse-shoulder-bag,CREATED,gid://shopify/Product/7986503483482,Eclipse Shoulder Bag,gid://shopify/Product/7986458198106|gid://shopify/Product/7986458361946|gid://shopify/Product/7986459213914|gid://shopify/Product/7986461868122|gid://shopify/Product/7986462031962,eclipse-shoulder-bag-60292657-9621|eclipse-shoulder-bag-60292659-901|eclipse-shoulder-bag-60293854-3637|eclipse-shoulder-bag-60295700-7610|eclipse-shoulder-bag-60295701-7576,CONSOLIDATED_SOURCE_PARENTS=gid://shopify/Product/7986503483482|gid://shopify/Product/7986503647322|gid://shopify/Product/7986505285722|gid://shopify/Product/7986507776090|gid://shopify/Product/7986507939930 REUSED_PARENT=gid://shopify/Product/7986503483482
2026-09-04T02:07:48.343Z,MIM-T-electro-sling-cross-body-bag,CREATED,gid://shopify/Product/7986272698458,Electro Sling Cross Body Bag,gid://shopify/Product/7986025431130|gid://shopify/Product/7986026807386,electro-sling-cross-body-bag-60258690-1|electro-sling-cross-body-bag-60259246-974,CONSOLIDATED_SOURCE_PARENTS=gid://shopify/Product/7986272698458|gid://shopify/Product/7986274140250 REUSED_PARENT=gid://shopify/Product/7986272698458
2026-09-04T02:07:49.156Z,MIM-T-enchant-grab-bag,CREATED,gid://shopify/Product/7986360582234,Enchant Grab Bag,gid://shopify/Product/7986129436762|gid://shopify/Product/7986129600602,enchant-grab-bag-60308083-3637|enchant-grab-bag-60308084-1085,CONSOLIDATED_SOURCE_PARENTS=gid://shopify/Product/7986360582234|gid://shopify/Product/7986360778842 REUSED_PARENT=gid://shopify/Product/7986360582234
2026-09-04T02:07:50.076Z,MIM-T-fantasy-crossbody-bag,CREATED,gid://shopify/Product/7986289082458,Fantasy Crossbody Bag,gid://shopify/Product/7986043387994|gid://shopify/Product/7986043519066,fantasy-crossbody-bag-60272658-8898|fantasy-crossbody-bag-60272659-8899,CONSOLIDATED_SOURCE_PARENTS=gid://shopify/Product/7986289082458|gid://shopify/Product/7986289246298 REUSED_PARENT=gid://shopify/Product/7986289082458
2026-09-04T02:07:50.892Z,MIM-T-fitzroy-cb-bg,CREATED,gid://shopify/Product/7986345443418,Fitzroy Cb Bg,gid://shopify/Product/7986110070874|gid://shopify/Product/7986125307994,fitzroy-cb-bg-60305443-263|fitzroy-cb-bg-60308056-3637,CONSOLIDATED_SOURCE_PARENTS=gid://shopify/Product/7986345443418|gid://shopify/Product/7986360418394 REUSED_PARENT=gid://shopify/Product/7986345443418
2026-09-04T02:07:53.659Z,MIM-T-fitzroy-crossbody-bag,CREATED,gid://shopify/Product/7986360090714,Fitzroy Crossbody Bag,gid://shopify/Product/7986124947546|gid://shopify/Product/7986125766746|gid://shopify/Product/7986127372378|gid://shopify/Product/7986128060506|gid://shopify/Product/7986135302234|gid://shopify/Product/7986135498842,fitzroy-crossbody-bag-60308054-3637|fitzroy-crossbody-bag-60308058-263|fitzroy-crossbody-bag-60308066-55|fitzroy-crossbody-bag-60308069-4068|fitzroy-crossbody-bag-60309149-974|fitzroy-crossbody-bag-60309150-2348,CONSOLIDATED_SOURCE_PARENTS=gid://shopify/Product/7986360090714|gid://shopify/Product/7986360811610|gid://shopify/Product/7986358616154|gid://shopify/Product/7986359140442|gid://shopify/Product/7986365628506|gid://shopify/Product/7986365792346 REUSED_PARENT=gid://shopify/Product/7986360090714
2026-09-04T02:07:54.885Z,MIM-T-fitzroy-hobo-bag,CREATED,gid://shopify/Product/7986359337050,Fitzroy Hobo Bag,gid://shopify/Product/7986128191578|gid://shopify/Product/7986128650330|gid://shopify/Product/7986129272922,fitzroy-hobo-bag-60308070-3637|fitzroy-hobo-bag-60308072-55|fitzroy-hobo-bag-60308080-263,CONSOLIDATED_SOURCE_PARENTS=gid://shopify/Product/7986359337050|gid://shopify/Product/7986359697498|gid://shopify/Product/7986360385626 REUSED_PARENT=gid://shopify/Product/7986359337050
2026-09-04T02:07:57.143Z,MIM-T-flashback-leather-bowler-crossbody-bag,CREATED,gid://shopify/Product/7986311692378,Flashback Leather Bowler Crossbody Bag,gid://shopify/Product/7986071765082|gid://shopify/Product/7986071928922|gid://shopify/Product/7986081824858,flashback-leather-bowler-crossbody-bag-60287733-1|flashback-leather-bowler-crossbody-bag-60287734-238|flashback-leather-bowler-crossbody-bag-60291319-7746,CONSOLIDATED_SOURCE_PARENTS=gid://shopify/Product/7986311692378|gid://shopify/Product/7986311856218|gid://shopify/Product/7986323652698 REUSED_PARENT=gid://shopify/Product/7986311692378
2026-09-04T02:07:59.500Z,MIM-T-flashback-leather-crossbody-bag,CREATED,gid://shopify/Product/7986312478810,Flashback Leather Crossbody Bag,gid://shopify/Product/7986069045338|gid://shopify/Product/7986072420442|gid://shopify/Product/7986072846426|gid://shopify/Product/7986075861082|gid://shopify/Product/7986075992154,flashback-leather-crossbody-bag-60287746-1|flashback-leather-crossbody-bag-60287745-238|flashback-leather-crossbody-bag-60289979-7816|flashback-leather-crossbody-bag-60289970-7746|flashback-leather-crossbody-bag-60289971-100,CONSOLIDATED_SOURCE_PARENTS=gid://shopify/Product/7986312478810|gid://shopify/Product/7986312314970|gid://shopify/Product/7986315853914|gid://shopify/Product/7986315165786|gid://shopify/Product/7986315329626 REUSED_PARENT=gid://shopify/Product/7986312478810
2026-09-04T02:08:00.732Z,MIM-T-flashback-leather-mini-bowler-crossbody-bag,CREATED,gid://shopify/Product/7986309464154,Flashback Leather Mini Bowler Crossbody Bag,gid://shopify/Product/7986069504090|gid://shopify/Product/7986069667930|gid://shopify/Product/7986069831770,flashback-leather-mini-bowler-crossbody-bag-60287671-238|flashback-leather-mini-bowler-crossbody-bag-60287688-1|flashback-leather-mini-bowler-crossbody-bag-60287689-7895,CONSOLIDATED_SOURCE_PARENTS=gid://shopify/Product/7986309464154|gid://shopify/Product/7986309627994|gid://shopify/Product/7986309791834 REUSED_PARENT=gid://shopify/Product/7986309464154
2026-09-04T02:08:01.982Z,MIM-T-flashback-leather-pouch-crossbody-bag,CREATED,gid://shopify/Product/7986312020058,Flashback Leather Pouch Crossbody Bag,gid://shopify/Product/7986072158298|gid://shopify/Product/7986072322138|gid://shopify/Product/7986075598938,flashback-leather-pouch-crossbody-bag-60287741-1|flashback-leather-pouch-crossbody-bag-60287742-238|flashback-leather-pouch-crossbody-bag-60289968-100,CONSOLIDATED_SOURCE_PARENTS=gid://shopify/Product/7986312020058|gid://shopify/Product/7986312183898|gid://shopify/Product/7986315001946 REUSED_PARENT=gid://shopify/Product/7986312020058
2026-09-04T02:08:03.286Z,MIM-T-fleur-day-bag,CREATED,gid://shopify/Product/7986382798938,Fleur Day Bag,gid://shopify/Product/7986156699738|gid://shopify/Product/7986156798042,fleur-day-bag-60312099-1|fleur-day-bag-60312100-126,CONSOLIDATED_SOURCE_PARENTS=gid://shopify/Product/7986382798938|gid://shopify/Product/7986382962778 REUSED_PARENT=gid://shopify/Product/7986382798938
2026-09-04T02:08:04.822Z,MIM-T-fleur-tie-crossbody-bag,CREATED,gid://shopify/Product/7986382372954,Fleur Tie Crossbody Bag,gid://shopify/Product/7986156240986|gid://shopify/Product/7986156404826|gid://shopify/Product/7986156568666,fleur-tie-crossbody-bag-60312094-657|fleur-tie-crossbody-bag-60312095-1|fleur-tie-crossbody-bag-60312098-126,CONSOLIDATED_SOURCE_PARENTS=gid://shopify/Product/7986382372954|gid://shopify/Product/7986382471258|gid://shopify/Product/7986382635098 REUSED_PARENT=gid://shopify/Product/7986382372954
2026-09-04T02:08:05.675Z,MIM-T-flip-side-tote,CREATED,gid://shopify/Product/7986258968666,Flip Side Tote,gid://shopify/Product/7986012094554|gid://shopify/Product/7986016321626,flip-side-tote-60228153-1492|flip-side-tote-60242786-9865,CONSOLIDATED_SOURCE_PARENTS=gid://shopify/Product/7986258968666|gid://shopify/Product/7986263523418 REUSED_PARENT=gid://shopify/Product/7986258968666
2026-09-04T02:08:06.978Z,MIM-T-giselle-mini-saddle-bag,CREATED,gid://shopify/Product/7986361663578,Giselle Mini Saddle Bag,gid://shopify/Product/7986126684250|gid://shopify/Product/7986126848090|gid://shopify/Product/7986126946394,giselle-mini-saddle-bag-60308042-3637|giselle-mini-saddle-bag-60308044-686|giselle-mini-saddle-bag-60308045-9599,CONSOLIDATED_SOURCE_PARENTS=gid://shopify/Product/7986361663578|gid://shopify/Product/7986361696346|gid://shopify/Product/7986358419546 REUSED_PARENT=gid://shopify/Product/7986361663578
2026-09-04T02:08:07.968Z,MIM-T-giselle-saddle-bag,CREATED,gid://shopify/Product/7986358648922,Giselle Saddle Bag,gid://shopify/Product/7986123472986|gid://shopify/Product/7986123669594,giselle-saddle-bag-60308046-3637|giselle-saddle-bag-60308047-9599,CONSOLIDATED_SOURCE_PARENTS=gid://shopify/Product/7986358648922|gid://shopify/Product/7986358845530 REUSED_PARENT=gid://shopify/Product/7986358648922
2026-09-04T02:08:09.224Z,MIM-T-harmony-crossbody-bag,CREATED,gid://shopify/Product/7986293276762,Harmony Crossbody Bag,gid://shopify/Product/7986049744986|gid://shopify/Product/7986049843290|gid://shopify/Product/7986050039898,harmony-crossbody-bag-60277992-3637|harmony-crossbody-bag-60277993-100|harmony-crossbody-bag-60277994-115,CONSOLIDATED_SOURCE_PARENTS=gid://shopify/Product/7986293276762|gid://shopify/Product/7986293440602|gid://shopify/Product/7986293604442 REUSED_PARENT=gid://shopify/Product/7986293276762
2026-09-04T02:08:10.560Z,MIM-T-heirloom-hobo-bag,CREATED,gid://shopify/Product/7986370740314,Heirloom Hobo Bag,gid://shopify/Product/7986139398234|gid://shopify/Product/7986139562074|gid://shopify/Product/7986160173146,heirloom-hobo-bag-60309341-2729|heirloom-hobo-bag-60309342-202|heirloom-hobo-bag-60313103-126,CONSOLIDATED_SOURCE_PARENTS=gid://shopify/Product/7986370740314|gid://shopify/Product/7986370904154|gid://shopify/Product/7986387910746 REUSED_PARENT=gid://shopify/Product/7986370740314
2026-09-04T02:08:12.607Z,MIM-T-heirloom-shoulder-bag,CREATED,gid://shopify/Product/7986388041818,Heirloom Shoulder Bag,gid://shopify/Product/7986160336986|gid://shopify/Product/7986160468058|gid://shopify/Product/7986160664666,heirloom-shoulder-bag-60313104-126|heirloom-shoulder-bag-60313105-202|heirloom-shoulder-bag-60313106-1,CONSOLIDATED_SOURCE_PARENTS=gid://shopify/Product/7986388041818|gid://shopify/Product/7986388205658|gid://shopify/Product/7986388369498 REUSED_PARENT=gid://shopify/Product/7986388041818
2026-09-04T02:08:14.039Z,MIM-T-jett-concertina-crossbody-bag,CREATED,gid://shopify/Product/7986320375898,Jett Concertina Crossbody Bag,gid://shopify/Product/7986078122074|gid://shopify/Product/7986083070042|gid://shopify/Product/7986454986842,jett-concertina-crossbody-bag-60290257-3637|jett-concertina-crossbody-bag-60290629-974|jett-concertina-crossbody-bag-60294485-2351,CONSOLIDATED_SOURCE_PARENTS=gid://shopify/Product/7986320375898|gid://shopify/Product/7986321752154|gid://shopify/Product/7986500239450 REUSED_PARENT=gid://shopify/Product/7986320375898
2026-09-04T02:08:16.228Z,MIM-T-jett-cylinder-crossbody-bag,CREATED,gid://shopify/Product/7986301599834,Jett Cylinder Crossbody Bag,gid://shopify/Product/7986059739226|gid://shopify/Product/7986059935834|gid://shopify/Product/7986065604698|gid://shopify/Product/7986065932378,jett-cylinder-crossbody-bag-60283868-3637|jett-cylinder-crossbody-bag-60283870-511|jett-cylinder-crossbody-bag-60286090-84|jett-cylinder-crossbody-bag-60286109-9366,CONSOLIDATED_SOURCE_PARENTS=gid://shopify/Product/7986301599834|gid://shopify/Product/7986301763674|gid://shopify/Product/7986309496922|gid://shopify/Product/7986309759066 REUSED_PARENT=gid://shopify/Product/7986301599834
2026-09-04T02:08:19.580Z,MIM-T-jett-duo-crossbody-bag,CREATED,gid://shopify/Product/7986301304922,Jett Duo Crossbody Bag,gid://shopify/Product/7986059444314|gid://shopify/Product/7986059575386|gid://shopify/Product/7986061770842|gid://shopify/Product/7986066063450|gid://shopify/Product/7986068095066|gid://shopify/Product/7986068324442|gid://shopify/Product/7986070814810,jett-duo-crossbody-bag-60283865-3637|jett-duo-crossbody-bag-60283866-2351|jett-duo-crossbody-bag-60284432-974|jett-duo-crossbody-bag-60286110-9366|jett-duo-crossbody-bag-60286145-7911|jett-duo-crossbody-bag-60287165-268|jett-duo-crossbody-bag-60287774-7897,CONSOLIDATED_SOURCE_PARENTS=gid://shopify/Product/7986301304922|gid://shopify/Product/7986301468762|gid://shopify/Product/7986306678874|gid://shopify/Product/7986309955674|gid://shopify/Product/7986308513882|gid://shopify/Product/7986308776026|gid://shopify/Product/7986314018906 REUSED_PARENT=gid://shopify/Product/7986301304922
2026-09-04T02:08:22.440Z,MIM-T-jett-flapover-crossbody-bag,CREATED,gid://shopify/Product/7986323062874,Jett Flapover Crossbody Bag,gid://shopify/Product/7986081398874|gid://shopify/Product/7986081595482|gid://shopify/Product/7986089033818|gid://shopify/Product/7986101977178|gid://shopify/Product/7986141495386|gid://shopify/Product/7986454397018,jett-flapover-crossbody-bag-60290738-871|jett-flapover-crossbody-bag-60290739-9901|jett-flapover-crossbody-bag-60297101-7658|jett-flapover-crossbody-bag-60299193-2348|jett-flapover-crossbody-bag-60310260-2351|jett-flapover-crossbody-bag-60293906-974,CONSOLIDATED_SOURCE_PARENTS=gid://shopify/Product/7986323062874|gid://shopify/Product/7986323226714|gid://shopify/Product/7986329485402|gid://shopify/Product/7986339709018|gid://shopify/Product/7986371821658|gid://shopify/Product/7986499780698 REUSED_PARENT=gid://shopify/Product/7986323062874
2026-09-04T02:08:24.586Z,MIM-T-jett-mini-crossbody-bag,CREATED,gid://shopify/Product/7986304319578,Jett Mini Crossbody Bag,gid://shopify/Product/7986059051098|gid://shopify/Product/7986059214938|gid://shopify/Product/7986061803610|gid://shopify/Product/7986067996762,jett-mini-crossbody-bag-60283860-3637|jett-mini-crossbody-bag-60283861-2351|jett-mini-crossbody-bag-60284954-6662|jett-mini-crossbody-bag-60287163-2729,CONSOLIDATED_SOURCE_PARENTS=gid://shopify/Product/7986304319578|gid://shopify/Product/7986301075546|gid://shopify/Product/7986306383962|gid://shopify/Product/7986308481114 REUSED_PARENT=gid://shopify/Product/7986304319578
2026-09-04T02:08:25.485Z,MIM-T-jett-phone-crossbody-bag,CREATED,gid://shopify/Product/7986320474202,Jett Phone Crossbody Bag,gid://shopify/Product/7986077859930|gid://shopify/Product/7986078023770,jett-phone-crossbody-bag-60290224-100|jett-phone-crossbody-bag-60290225-3637,CONSOLIDATED_SOURCE_PARENTS=gid://shopify/Product/7986320474202|gid://shopify/Product/7986320638042 REUSED_PARENT=gid://shopify/Product/7986320474202
2026-09-04T02:08:27.660Z,MIM-T-lily-crescent-crossbody-bag,CREATED,gid://shopify/Product/7986397282394,Lily Crescent Crossbody Bag,gid://shopify/Product/7986178949210|gid://shopify/Product/7986179113050|gid://shopify/Product/7986179342426|gid://shopify/Product/7986179539034,lily-crescent-crossbody-bag-60314371-974|lily-crescent-crossbody-bag-60314372-1|lily-crescent-crossbody-bag-60314373-657|lily-crescent-crossbody-bag-60314374-6012,CONSOLIDATED_SOURCE_PARENTS=gid://shopify/Product/7986397282394|gid://shopify/Product/7986397446234|gid://shopify/Product/7986397610074|gid://shopify/Product/7986397773914 REUSED_PARENT=gid://shopify/Product/7986397282394
2026-09-04T02:08:29.417Z,MIM-T-lily-shoulder-day-bag,CREATED,gid://shopify/Product/7986397937754,Lily Shoulder Day Bag,gid://shopify/Product/7986179735642|gid://shopify/Product/7986185994330|gid://shopify/Product/7986186158170,lily-shoulder-day-bag-60314375-974|lily-shoulder-day-bag-60315913-6012|lily-shoulder-day-bag-60315914-1,CONSOLIDATED_SOURCE_PARENTS=gid://shopify/Product/7986397937754|gid://shopify/Product/7986404851802|gid://shopify/Product/7986405015642 REUSED_PARENT=gid://shopify/Product/7986397937754
2026-09-04T02:08:32.060Z,MIM-T-luna-crescent-bag,CREATED,gid://shopify/Product/7986409734234,Luna Crescent Bag,gid://shopify/Product/7986047287386|gid://shopify/Product/7986047516762|gid://shopify/Product/7986053840986|gid://shopify/Product/7986194251866|gid://shopify/Product/7986194415706|gid://shopify/Product/7986227085402,luna-crescent-bag-60277251-3637|luna-crescent-bag-60277252-974|luna-crescent-bag-60281020-100|luna-crescent-bag-60317987-240|luna-crescent-bag-60317988-1|luna-crescent-bag-60322540-115,CONSOLIDATED_SOURCE_PARENTS=gid://shopify/Product/7986291343450|gid://shopify/Product/7986291507290|gid://shopify/Product/7986296324186|gid://shopify/Product/7986409570394|gid://shopify/Product/7986409734234|gid://shopify/Product/7986430017626 REUSED_PARENT=gid://shopify/Product/7986409734234
2026-09-04T02:08:33.470Z,MIM-T-luna-micro-crossbody-bag,CREATED,gid://shopify/Product/7986295504986,Luna Micro Crossbody Bag,gid://shopify/Product/7986052399194|gid://shopify/Product/7986052431962|gid://shopify/Product/7986053677146,luna-micro-crossbody-bag-60281008-8078|luna-micro-crossbody-bag-60281010-8813|luna-micro-crossbody-bag-60281017-9921,CONSOLIDATED_SOURCE_PARENTS=gid://shopify/Product/7986295504986|gid://shopify/Product/7986295668826|gid://shopify/Product/7986296160346 REUSED_PARENT=gid://shopify/Product/7986295504986
2026-09-04T02:08:35.235Z,MIM-T-luna-mini-crescent-bag,CREATED,gid://shopify/Product/7986410029146,Luna Mini Crescent Bag,gid://shopify/Product/7986052563034|gid://shopify/Product/7986194579546|gid://shopify/Product/7986194677850|gid://shopify/Product/7986194808922,luna-mini-crescent-bag-60281012-3078|luna-mini-crescent-bag-60317989-240|luna-mini-crescent-bag-60317990-1|luna-mini-crescent-bag-60317991-974,CONSOLIDATED_SOURCE_PARENTS=gid://shopify/Product/7986295865434|gid://shopify/Product/7986409898074|gid://shopify/Product/7986410029146|gid://shopify/Product/7986410192986 REUSED_PARENT=gid://shopify/Product/7986410029146
2026-09-04T02:08:36.068Z,MIM-T-majesty-evening-bag,CREATED,gid://shopify/Product/7986269421658,Majesty Evening Bag,gid://shopify/Product/7986022056026|gid://shopify/Product/7986025463898,majesty-evening-bag-60255353-974|majesty-evening-bag-60255352-9621,CONSOLIDATED_SOURCE_PARENTS=gid://shopify/Product/7986269421658|gid://shopify/Product/7986272960602 REUSED_PARENT=gid://shopify/Product/7986269421658
2026-09-04T02:08:37.283Z,MIM-T-mayara-clutch-bag,CREATED,gid://shopify/Product/7986354028634,Mayara Clutch Bag,gid://shopify/Product/7986120228954|gid://shopify/Product/7986120425562|gid://shopify/Product/7986120523866,mayara-clutch-bag-60307582-3637|mayara-clutch-bag-60307583-238|mayara-clutch-bag-60307584-178,CONSOLIDATED_SOURCE_PARENTS=gid://shopify/Product/7986354028634|gid://shopify/Product/7986354225242|gid://shopify/Product/7986354389082 REUSED_PARENT=gid://shopify/Product/7986354028634
2026-09-04T02:08:38.820Z,MIM-T-mayara-crossbody-bag,CREATED,gid://shopify/Product/7986356912218,Mayara Crossbody Bag,gid://shopify/Product/7986125111386|gid://shopify/Product/7986125275226|gid://shopify/Product/7986125439066,mayara-crossbody-bag-60308007-950|mayara-crossbody-bag-60308008-1|mayara-crossbody-bag-60308009-238,CONSOLIDATED_SOURCE_PARENTS=gid://shopify/Product/7986356912218|gid://shopify/Product/7986357076058|gid://shopify/Product/7986357239898 REUSED_PARENT=gid://shopify/Product/7986356912218
2026-09-04T02:08:40.632Z,MIM-T-mayara-mini-tote-bag,CREATED,gid://shopify/Product/7986349932634,Mayara Mini Tote Bag,gid://shopify/Product/7986113118298|gid://shopify/Product/7986114560090|gid://shopify/Product/7986114723930|gid://shopify/Product/7986124914778,mayara-mini-tote-bag-60306476-178|mayara-mini-tote-bag-60306142-238|mayara-mini-tote-bag-60306144-3637|mayara-mini-tote-bag-60308006-950,CONSOLIDATED_SOURCE_PARENTS=gid://shopify/Product/7986349932634|gid://shopify/Product/7986351210586|gid://shopify/Product/7986351407194|gid://shopify/Product/7986356715610 REUSED_PARENT=gid://shopify/Product/7986349932634
2026-09-04T02:08:42.312Z,MIM-T-mayara-tote-bag,CREATED,gid://shopify/Product/7986350882906,Mayara Tote Bag,gid://shopify/Product/7986114134106|gid://shopify/Product/7986114396250|gid://shopify/Product/7986124750938,mayara-tote-bag-60306117-3637|mayara-tote-bag-60306141-238|mayara-tote-bag-60308005-950,CONSOLIDATED_SOURCE_PARENTS=gid://shopify/Product/7986350882906|gid://shopify/Product/7986351046746|gid://shopify/Product/7986356584538 REUSED_PARENT=gid://shopify/Product/7986350882906
2026-09-04T02:08:43.940Z,MIM-T-metro-crossbody-bag,CREATED,gid://shopify/Product/7986358190170,Metro Crossbody Bag,gid://shopify/Product/7986122653786|gid://shopify/Product/7986122817626|gid://shopify/Product/7986122948698,metro-crossbody-bag-60307923-1164|metro-crossbody-bag-60307924-1|metro-crossbody-bag-60307925-119,CONSOLIDATED_SOURCE_PARENTS=gid://shopify/Product/7986358190170|gid://shopify/Product/7986355077210|gid://shopify/Product/7986355273818 REUSED_PARENT=gid://shopify/Product/7986358190170
2026-09-04T02:08:46.816Z,MIM-T-metro-mini-tote-bag,CREATED,gid://shopify/Product/7986346557530,Metro Mini Tote Bag,gid://shopify/Product/7986108235866|gid://shopify/Product/7986111086682|gid://shopify/Product/7986122457178|gid://shopify/Product/7986135662682|gid://shopify/Product/7986141266010|gid://shopify/Product/7986154405978,metro-mini-tote-bag-60305451-955|metro-mini-tote-bag-60305449-119|metro-mini-tote-bag-60307914-1164|metro-mini-tote-bag-60309153-9466|metro-mini-tote-bag-60310176-974|metro-mini-tote-bag-60311986-6525,CONSOLIDATED_SOURCE_PARENTS=gid://shopify/Product/7986346557530|gid://shopify/Product/7986346229850|gid://shopify/Product/7986358026330|gid://shopify/Product/7986365988954|gid://shopify/Product/7986369101914|gid://shopify/Product/7986380275802 REUSED_PARENT=gid://shopify/Product/7986346557530
2026-09-04T02:08:47.735Z,MIM-T-metro-worker-tote-bag,CREATED,gid://shopify/Product/7986346098778,Metro Worker Tote Bag,gid://shopify/Product/7986110922842|gid://shopify/Product/7986182422618,metro-worker-tote-bag-60305448-119|metro-worker-tote-bag-60314900-974,CONSOLIDATED_SOURCE_PARENTS=gid://shopify/Product/7986346098778|gid://shopify/Product/7986402033754 REUSED_PARENT=gid://shopify/Product/7986346098778
2026-09-04T02:08:48.521Z,MIM-T-mila-crossbody-bag,CREATED,gid://shopify/Product/7986358878298,Mila Crossbody Bag,gid://shopify/Product/7986123767898|gid://shopify/Product/7986123964506,mila-crossbody-bag-60308021-8816|mila-crossbody-bag-60308022-1085,CONSOLIDATED_SOURCE_PARENTS=gid://shopify/Product/7986358878298|gid://shopify/Product/7986359009370 REUSED_PARENT=gid://shopify/Product/7986358878298
2026-09-04T02:08:49.463Z,MIM-T-mila-grab-bag,CREATED,gid://shopify/Product/7986359205978,Mila Grab Bag,gid://shopify/Product/7986124128346|gid://shopify/Product/7986124456026,mila-grab-bag-60308023-8816|mila-grab-bag-60308025-1085,CONSOLIDATED_SOURCE_PARENTS=gid://shopify/Product/7986359205978|gid://shopify/Product/7986359533658 REUSED_PARENT=gid://shopify/Product/7986359205978
2026-09-04T02:08:50.184Z,MIM-T-mila-shoulder-bag,CREATED,gid://shopify/Product/7986358714458,Mila Shoulder Bag,gid://shopify/Product/7986123604058|gid://shopify/Product/7986126749786,mila-shoulder-bag-60308020-1085|mila-shoulder-bag-60308018-8816,CONSOLIDATED_SOURCE_PARENTS=gid://shopify/Product/7986358714458|gid://shopify/Product/7986358517850 REUSED_PARENT=gid://shopify/Product/7986358714458
2026-09-04T02:08:51.108Z,MIM-T-mim-couch-bag,CREATED,gid://shopify/Product/7986262769754,Mim Couch Bag,gid://shopify/Product/7986015240282|gid://shopify/Product/7986015764570,mim-couch-bag-60237707-1|mim-couch-bag-60239556-1492,CONSOLIDATED_SOURCE_PARENTS=gid://shopify/Product/7986262769754|gid://shopify/Product/7986263326810 REUSED_PARENT=gid://shopify/Product/7986262769754
2026-09-04T02:08:52.461Z,MIM-T-mim-mazing-duo-crossbody-bag,CREATED,gid://shopify/Product/7986278137946,Mim-Mazing Duo Crossbody Bag,gid://shopify/Product/7986030706778|gid://shopify/Product/7986035097690|gid://shopify/Product/7986036768858,mim-mazing-duo-crossbody-bag-60266732-9621|mim-mazing-duo-crossbody-bag-60268854-2351|mim-mazing-duo-crossbody-bag-60269410-9420,CONSOLIDATED_SOURCE_PARENTS=gid://shopify/Product/7986278137946|gid://shopify/Product/7986282168410|gid://shopify/Product/7986283642970 REUSED_PARENT=gid://shopify/Product/7986278137946
2026-09-04T02:08:53.257Z,MIM-T-mim-pouch-shldr-bag,CREATED,gid://shopify/Product/8037179097178,Mim Pouch Shldr Bag,gid://shopify/Product/8037178900570|gid://shopify/Product/8076263358554,mim-pouch-shldr-bag-60322609-200|mim-pouch-shldr-bag-60324714-1,CONSOLIDATED_SOURCE_PARENTS=gid://shopify/Product/8037179097178|gid://shopify/Product/8076263391322 REUSED_PARENT=gid://shopify/Product/8037179097178
2026-09-04T02:08:54.892Z,MIM-T-misty-grab-crossbody-bag,CREATED,gid://shopify/Product/7986380996698,Misty Grab Crossbody Bag,gid://shopify/Product/7986154831962|gid://shopify/Product/7986154995802|gid://shopify/Product/7986155159642,misty-grab-crossbody-bag-60311988-2348|misty-grab-crossbody-bag-60311989-465|misty-grab-crossbody-bag-60311990-1,CONSOLIDATED_SOURCE_PARENTS=gid://shopify/Product/7986380701786|gid://shopify/Product/7986380865626|gid://shopify/Product/7986380996698 REUSED_PARENT=gid://shopify/Product/7986380996698
2026-09-04T02:08:57.047Z,MIM-T-natalie-crossbody-bag,CREATED,gid://shopify/Product/7986346328154,Natalie Crossbody Bag,gid://shopify/Product/7986107940954|gid://shopify/Product/7986108104794|gid://shopify/Product/7986108268634|gid://shopify/Product/7986108432474,natalie-crossbody-bag-60305789-1085|natalie-crossbody-bag-60305790-9599|natalie-crossbody-bag-60305791-88|natalie-crossbody-bag-60305792-3637,CONSOLIDATED_SOURCE_PARENTS=gid://shopify/Product/7986346328154|gid://shopify/Product/7986346491994|gid://shopify/Product/7986346688602|gid://shopify/Product/7986346852442 REUSED_PARENT=gid://shopify/Product/7986346328154
2026-09-04T02:08:58.380Z,MIM-T-natalie-mini-tote-bag,CREATED,gid://shopify/Product/7986345869402,Natalie Mini Tote Bag,gid://shopify/Product/7986111414362|gid://shopify/Product/7986111479898|gid://shopify/Product/7986111512666,natalie-mini-tote-bag-60305786-3637|natalie-mini-tote-bag-60305787-88|natalie-mini-tote-bag-60305788-1085,CONSOLIDATED_SOURCE_PARENTS=gid://shopify/Product/7986345869402|gid://shopify/Product/7986346000474|gid://shopify/Product/7986346197082 REUSED_PARENT=gid://shopify/Product/7986345869402
2026-09-04T02:08:59.297Z,MIM-T-natalie-tote-bag,CREATED,gid://shopify/Product/7986345574490,Natalie Tote Bag,gid://shopify/Product/7986111217754|gid://shopify/Product/7986111348826,natalie-tote-bag-60305753-3637|natalie-tote-bag-60305763-9599,CONSOLIDATED_SOURCE_PARENTS=gid://shopify/Product/7986345574490|gid://shopify/Product/7986345705562 REUSED_PARENT=gid://shopify/Product/7986345574490
2026-09-04T02:09:06.613Z,MIM-T-northcote-camera-crossbody-bag,CREATED,gid://shopify/Product/7986330894426,Northcote Camera Crossbody Bag,gid://shopify/Product/7986090410074|gid://shopify/Product/7986090573914|gid://shopify/Product/7986090770522|gid://shopify/Product/7986100600922|gid://shopify/Product/7986104434778|gid://shopify/Product/7986107908186|gid://shopify/Product/7986108170330|gid://shopify/Product/7986135203930|gid://shopify/Product/7986141134938|gid://shopify/Product/7986154176602|gid://shopify/Product/7986182094938|gid://shopify/Product/7986182258778|gid://shopify/Product/7986472058970|gid://shopify/Product/7986487623770|gid://shopify/Product/7986487787610,northcote-camera-crossbody-bag-60297175-3637|northcote-camera-crossbody-bag-60297177-268|northcote-camera-crossbody-bag-60297178-116|northcote-camera-crossbody-bag-60299122-6522|northcote-camera-crossbody-bag-60299598-777|northcote-camera-crossbody-bag-60304106-955|northcote-camera-crossbody-bag-60304107-263|northcote-camera-crossbody-bag-60309147-3510|northcote-camera-crossbody-bag-60310175-2729|northcote-camera-crossbody-bag-60311985-974|northcote-camera-crossbody-bag-60314896-3868|northcote-camera-crossbody-bag-60314897-7735|northcote-camera-crossbody-bag-60299859-302|northcote-camera-crossbody-bag-60304104-1085|northcote-camera-crossbody-bag-60304105-55,CONSOLIDATED_SOURCE_PARENTS=gid://shopify/Product/7986330894426|gid://shopify/Product/7986331025498|gid://shopify/Product/7986331189338|gid://shopify/Product/7986338299994|gid://shopify/Product/7986343542874|gid://shopify/Product/7986344099930|gid://shopify/Product/7986344362074|gid://shopify/Product/7986365431898|gid://shopify/Product/7986368938074|gid://shopify/Product/7986380111962|gid://shopify/Product/7986401804378|gid://shopify/Product/7986401968218|gid://shopify/Product/7986517999706|gid://shopify/Product/7986531270746|gid://shopify/Product/7986531434586 REUSED_PARENT=gid://shopify/Product/7986330894426
2026-09-04T02:09:08.454Z,MIM-T-orbit-crossbody-bag,CREATED,gid://shopify/Product/7986327617626,Orbit Crossbody Bag,gid://shopify/Product/7986086740058|gid://shopify/Product/7986087002202|gid://shopify/Product/7986087166042|gid://shopify/Product/7986457509978,orbit-crossbody-bag-60292193-84|orbit-crossbody-bag-60292195-9621|orbit-crossbody-bag-60292196-7730|orbit-crossbody-bag-60294212-100,CONSOLIDATED_SOURCE_PARENTS=gid://shopify/Product/7986327617626|gid://shopify/Product/7986327781466|gid://shopify/Product/7986327945306|gid://shopify/Product/7986503516250 REUSED_PARENT=gid://shopify/Product/7986327617626
2026-09-04T02:09:09.655Z,MIM-T-orbit-mini-tote-bag,CREATED,gid://shopify/Product/7986327453786,Orbit Mini Tote Bag,gid://shopify/Product/7986086543450|gid://shopify/Product/7986454495322|gid://shopify/Product/7986457641050,orbit-mini-tote-bag-60292191-9621|orbit-mini-tote-bag-60294481-100|orbit-mini-tote-bag-60294213-84,CONSOLIDATED_SOURCE_PARENTS=gid://shopify/Product/7986327453786|gid://shopify/Product/7986506760282|gid://shopify/Product/7986503712858 REUSED_PARENT=gid://shopify/Product/7986327453786
2026-09-04T02:09:12.233Z,MIM-T-palm-springs-basket-bag,CREATED,gid://shopify/Product/7986340135002,Palm Springs Basket Bag,gid://shopify/Product/7986107318362|gid://shopify/Product/7986107416666,palm-springs-basket-bag-60299409-3637|palm-springs-basket-bag-60299410-100,CONSOLIDATED_SOURCE_PARENTS=gid://shopify/Product/7986340135002|gid://shopify/Product/7986340298842 REUSED_PARENT=gid://shopify/Product/7986340135002
2026-09-04T02:09:13.021Z,MIM-T-palm-springs-mini-basket-bag,CREATED,gid://shopify/Product/7986340462682,Palm Springs Mini Basket Bag,gid://shopify/Product/7986107514970|gid://shopify/Product/7986107613274,palm-springs-mini-basket-bag-60299411-100|palm-springs-mini-basket-bag-60299412-3637,CONSOLIDATED_SOURCE_PARENTS=gid://shopify/Product/7986340462682|gid://shopify/Product/7986340659290 REUSED_PARENT=gid://shopify/Product/7986340462682
2026-09-04T02:09:13.875Z,MIM-T-patch-leather-micro-tote-bag,CREATED,gid://shopify/Product/7986503188570,Patch Leather Micro Tote Bag,gid://shopify/Product/7986457116762|gid://shopify/Product/7986457313370,patch-leather-micro-tote-bag-60294204-3637|patch-leather-micro-tote-bag-60294207-7898,CONSOLIDATED_SOURCE_PARENTS=gid://shopify/Product/7986503188570|gid://shopify/Product/7986503352410 REUSED_PARENT=gid://shopify/Product/7986503188570
2026-09-04T02:09:16.275Z,MIM-T-patch-leather-mini-tote-bag,CREATED,gid://shopify/Product/7986384011354,Patch Leather Mini Tote Bag,gid://shopify/Product/7986087526490|gid://shopify/Product/7986159321178|gid://shopify/Product/7986159648858|gid://shopify/Product/7986456264794|gid://shopify/Product/7986456625242|gid://shopify/Product/7986458755162,patch-leather-mini-tote-bag-60292211-7700|patch-leather-mini-tote-bag-60312851-1|patch-leather-mini-tote-bag-60312855-9599|patch-leather-mini-tote-bag-60292391-974|patch-leather-mini-tote-bag-60294187-3637|patch-leather-mini-tote-bag-60293850-7898,CONSOLIDATED_SOURCE_PARENTS=gid://shopify/Product/7986324865114|gid://shopify/Product/7986384011354|gid://shopify/Product/7986384470106|gid://shopify/Product/7986501615706|gid://shopify/Product/7986502533210|gid://shopify/Product/7986504761434 REUSED_PARENT=gid://shopify/Product/7986384011354
2026-09-04T02:09:18.337Z,MIM-T-patch-leather-tote-bag,CREATED,gid://shopify/Product/7986383814746,Patch Leather Tote Bag,gid://shopify/Product/7986159157338|gid://shopify/Product/7986159485018|gid://shopify/Product/7986456461402|gid://shopify/Product/7986456920154,patch-leather-tote-bag-60312850-1|patch-leather-tote-bag-60312854-9599|patch-leather-tote-bag-60294186-3637|patch-leather-tote-bag-60292408-974,CONSOLIDATED_SOURCE_PARENTS=gid://shopify/Product/7986383814746|gid://shopify/Product/7986384207962|gid://shopify/Product/7986502336602|gid://shopify/Product/7986502238298 REUSED_PARENT=gid://shopify/Product/7986383814746
2026-09-04T02:09:20.137Z,MIM-T-prahran-crossbody-bag,CREATED,gid://shopify/Product/7986332500058,Prahran Crossbody Bag,gid://shopify/Product/7986093162586|gid://shopify/Product/7986093326426|gid://shopify/Product/7986093490266|gid://shopify/Product/7986093719642,prahran-crossbody-bag-60298228-3637|prahran-crossbody-bag-60298229-268|prahran-crossbody-bag-60298230-9480|prahran-crossbody-bag-60298231-7567,CONSOLIDATED_SOURCE_PARENTS=gid://shopify/Product/7986332500058|gid://shopify/Product/7986332598362|gid://shopify/Product/7986332762202|gid://shopify/Product/7986332958810 REUSED_PARENT=gid://shopify/Product/7986332500058
2026-09-04T02:09:21.753Z,MIM-T-preston-crescent-crossbody-bag,CREATED,gid://shopify/Product/7986365366362,Preston Crescent Crossbody Bag,gid://shopify/Product/7986136809562|gid://shopify/Product/7986137006170|gid://shopify/Product/7986137137242|gid://shopify/Product/7986140577882,preston-crescent-crossbody-bag-60309172-2348|preston-crescent-crossbody-bag-60309173-974|preston-crescent-crossbody-bag-60309174-1|preston-crescent-crossbody-bag-60310113-7760,CONSOLIDATED_SOURCE_PARENTS=gid://shopify/Product/7986365366362|gid://shopify/Product/7986365595738|gid://shopify/Product/7986365726810|gid://shopify/Product/7986371428442 REUSED_PARENT=gid://shopify/Product/7986365366362
2026-09-04T02:09:24.121Z,MIM-T-preston-crossbody-bag,CREATED,gid://shopify/Product/7986377228378,Preston Crossbody Bag,gid://shopify/Product/7986147098714|gid://shopify/Product/7986147590234|gid://shopify/Product/7986155552858|gid://shopify/Product/7986155815002|gid://shopify/Product/7986156044378|gid://shopify/Product/7986186485850,preston-crossbody-bag-60310868-974|preston-crossbody-bag-60310870-2348|preston-crossbody-bag-60311999-332|preston-crossbody-bag-60312001-100|preston-crossbody-bag-60312234-657|preston-crossbody-bag-60315928-9787,CONSOLIDATED_SOURCE_PARENTS=gid://shopify/Product/7986377228378|gid://shopify/Product/7986377719898|gid://shopify/Product/7986381553754|gid://shopify/Product/7986381717594|gid://shopify/Product/7986384666714|gid://shopify/Product/7986402295898 REUSED_PARENT=gid://shopify/Product/7986377228378
2026-09-04T02:09:27.442Z,MIM-T-preston-mini-tote-bag,CREATED,gid://shopify/Product/7986402656346,Preston Mini Tote Bag,gid://shopify/Product/7986182619226|gid://shopify/Product/7986182783066|gid://shopify/Product/7986182979674,preston-mini-tote-bag-60314914-2348|preston-mini-tote-bag-60314915-974|preston-mini-tote-bag-60314916-1,CONSOLIDATED_SOURCE_PARENTS=gid://shopify/Product/7986402263130|gid://shopify/Product/7986402492506|gid://shopify/Product/7986402656346 REUSED_PARENT=gid://shopify/Product/7986402656346
2026-09-04T02:09:30.843Z,MIM-T-preston-tote-bag,CREATED,gid://shopify/Product/7986368381018,Preston Tote Bag,gid://shopify/Product/7986136219738|gid://shopify/Product/7986136449114|gid://shopify/Product/7986136612954,preston-tote-bag-60309169-1|preston-tote-bag-60309170-974|preston-tote-bag-60309171-2348,CONSOLIDATED_SOURCE_PARENTS=gid://shopify/Product/7986368381018|gid://shopify/Product/7986368446554|gid://shopify/Product/7986365235290 REUSED_PARENT=gid://shopify/Product/7986368381018
2026-09-04T02:09:32.243Z,MIM-T-prism-clutch-bag,CREATED,gid://shopify/Product/7986359664730,Prism Clutch Bag,gid://shopify/Product/7986124619866|gid://shopify/Product/7986125013082|gid://shopify/Product/7986125242458,prism-clutch-bag-60308027-3637|prism-clutch-bag-60308030-263|prism-clutch-bag-60308032-1979,CONSOLIDATED_SOURCE_PARENTS=gid://shopify/Product/7986359664730|gid://shopify/Product/7986359992410|gid://shopify/Product/7986360189018 REUSED_PARENT=gid://shopify/Product/7986359664730
2026-09-04T02:09:34.323Z,MIM-T-puffy-crossbody-bag,CREATED,gid://shopify/Product/7986508759130,Puffy Crossbody Bag,gid://shopify/Product/7986462818394|gid://shopify/Product/7986462982234|gid://shopify/Product/7986463146074,puffy-crossbody-bag-60295711-3637|puffy-crossbody-bag-60295712-116|puffy-crossbody-bag-60295713-6011,CONSOLIDATED_SOURCE_PARENTS=gid://shopify/Product/7986508759130|gid://shopify/Product/7986508922970|gid://shopify/Product/7986509086810 REUSED_PARENT=gid://shopify/Product/7986508759130
2026-09-04T02:09:36.169Z,MIM-T-puffy-leather-mini-crossbody-bag,CREATED,gid://shopify/Product/7986527109210,Puffy Leather Mini Crossbody Bag,gid://shopify/Product/7986475139162|gid://shopify/Product/7986475270234,puffy-leather-mini-crossbody-bag-60301251-3637|puffy-leather-mini-crossbody-bag-60301252-116,CONSOLIDATED_SOURCE_PARENTS=gid://shopify/Product/7986527109210|gid://shopify/Product/7986527273050 REUSED_PARENT=gid://shopify/Product/7986527109210
2026-09-04T02:09:37.240Z,MIM-T-rebel-fringe-hobo-bag,CREATED,gid://shopify/Product/7986398101594,Rebel Fringe Hobo Bag,gid://shopify/Product/7986179866714|gid://shopify/Product/7986180259930,rebel-fringe-hobo-bag-60314387-1|rebel-fringe-hobo-bag-60314389-203,CONSOLIDATED_SOURCE_PARENTS=gid://shopify/Product/7986398101594|gid://shopify/Product/7986398429274 REUSED_PARENT=gid://shopify/Product/7986398101594
2026-09-04T02:09:38.227Z,MIM-T-rebel-fringe-shoulder-bag,CREATED,gid://shopify/Product/7986398265434,Rebel Fringe Shoulder Bag,gid://shopify/Product/7986180096090|gid://shopify/Product/7986180489306,rebel-fringe-shoulder-bag-60314388-1|rebel-fringe-shoulder-bag-60314390-203,CONSOLIDATED_SOURCE_PARENTS=gid://shopify/Product/7986398265434|gid://shopify/Product/7986398593114 REUSED_PARENT=gid://shopify/Product/7986398265434
2026-09-04T02:09:38.972Z,MIM-T-retrospect-tote-bag,CREATED,gid://shopify/Product/7986313068634,Retrospect Tote Bag,gid://shopify/Product/7986069602394|gid://shopify/Product/7986069766234,retrospect-tote-bag-60287917-238|retrospect-tote-bag-60287918-1,CONSOLIDATED_SOURCE_PARENTS=gid://shopify/Product/7986313068634|gid://shopify/Product/7986313199706 REUSED_PARENT=gid://shopify/Product/7986313068634
2026-09-04T02:09:40.925Z,MIM-T-robin-bowler-bag,CREATED,gid://shopify/Product/7986368315482,Robin Bowler Bag,gid://shopify/Product/7986136285274|gid://shopify/Product/7986136416346|gid://shopify/Product/7986136547418,robin-bowler-bag-60309223-1|robin-bowler-bag-60309224-6525|robin-bowler-bag-60309225-202,CONSOLIDATED_SOURCE_PARENTS=gid://shopify/Product/7986368315482|gid://shopify/Product/7986365268058|gid://shopify/Product/7986365399130 REUSED_PARENT=gid://shopify/Product/7986368315482
2026-09-04T02:09:42.280Z,MIM-T-robin-mini-bowler-crossbody-bag,CREATED,gid://shopify/Product/7986366447706,Robin Mini Bowler Crossbody Bag,gid://shopify/Product/7986137366618|gid://shopify/Product/7986137464922,robin-mini-bowler-crossbody-bag-60309250-1|robin-mini-bowler-crossbody-bag-60309251-6525,CONSOLIDATED_SOURCE_PARENTS=gid://shopify/Product/7986366447706|gid://shopify/Product/7986366611546 REUSED_PARENT=gid://shopify/Product/7986366447706
2026-09-04T02:09:43.358Z,MIM-T-savor-hobo-bag,CREATED,gid://shopify/Product/7986284986458,Savor Hobo Bag,gid://shopify/Product/7986038571098|gid://shopify/Product/7986038767706,savor-hobo-bag-60270546-974|savor-hobo-bag-60270548-9420,CONSOLIDATED_SOURCE_PARENTS=gid://shopify/Product/7986284986458|gid://shopify/Product/7986285117530 REUSED_PARENT=gid://shopify/Product/7986284986458
2026-09-04T02:09:45.115Z,MIM-T-shield-crossbody-bag,CREATED,gid://shopify/Product/7986411602010,Shield Crossbody Bag,gid://shopify/Product/7986193563738|gid://shopify/Product/7986193727578|gid://shopify/Product/7986193989722|gid://shopify/Product/7986194153562,shield-crossbody-bag-60318011-1|shield-crossbody-bag-60318012-9787|shield-crossbody-bag-60318013-602|shield-crossbody-bag-60318014-202,CONSOLIDATED_SOURCE_PARENTS=gid://shopify/Product/7986411602010|gid://shopify/Product/7986411798618|gid://shopify/Product/7986411962458|gid://shopify/Product/7986412453978 REUSED_PARENT=gid://shopify/Product/7986411602010
2026-09-04T02:09:48.733Z,MIM-T-shield-hobo-bag,CREATED,gid://shopify/Product/7986411012186,Shield Hobo Bag,gid://shopify/Product/7986192777306|gid://shopify/Product/7986192941146|gid://shopify/Product/7986208374874|gid://shopify/Product/7986462163034|gid://shopify/Product/7986462326874|gid://shopify/Product/7986476941402|gid://shopify/Product/7986477072474,shield-hobo-bag-60318007-1|shield-hobo-bag-60318008-202|shield-hobo-bag-60319801-448|shield-hobo-bag-60295703-3637|shield-hobo-bag-60295704-116|shield-hobo-bag-60302389-8816|shield-hobo-bag-60302390-254,CONSOLIDATED_SOURCE_PARENTS=gid://shopify/Product/7986411012186|gid://shopify/Product/7986411176026|gid://shopify/Product/7986422644826|gid://shopify/Product/7986508136538|gid://shopify/Product/7986508300378|gid://shopify/Product/7986521538650|gid://shopify/Product/7986521702490 REUSED_PARENT=gid://shopify/Product/7986411012186
2026-09-04T02:09:52.463Z,MIM-T-shield-shoulder-bag,CREATED,gid://shopify/Product/7986411307098,Shield Shoulder Bag,gid://shopify/Product/7986193203290|gid://shopify/Product/7986193367130|gid://shopify/Product/7986208243802|gid://shopify/Product/7986462490714|gid://shopify/Product/7986462654554,shield-shoulder-bag-60318009-1|shield-shoulder-bag-60318010-202|shield-shoulder-bag-60319800-448|shield-shoulder-bag-60295705-3637|shield-shoulder-bag-60295707-116,CONSOLIDATED_SOURCE_PARENTS=gid://shopify/Product/7986411307098|gid://shopify/Product/7986411438170|gid://shopify/Product/7986422349914|gid://shopify/Product/7986508496986|gid://shopify/Product/7986508595290 REUSED_PARENT=gid://shopify/Product/7986411307098
2026-09-04T02:09:53.955Z,MIM-T-shield-tote-bag,CREATED,gid://shopify/Product/7986410717274,Shield Tote Bag,gid://shopify/Product/7986195431514|gid://shopify/Product/7986195562586,shield-tote-bag-60318005-1|shield-tote-bag-60318006-9787,CONSOLIDATED_SOURCE_PARENTS=gid://shopify/Product/7986410717274|gid://shopify/Product/7986410848346 REUSED_PARENT=gid://shopify/Product/7986410717274
2026-09-04T02:09:56.746Z,MIM-T-silvie-crossbody-bag,CREATED,gid://shopify/Product/7986359042138,Silvie Crossbody Bag,gid://shopify/Product/7986123866202|gid://shopify/Product/7986124718170|gid://shopify/Product/7986130452570|gid://shopify/Product/7986133368922,silvie-crossbody-bag-60308048-1827|silvie-crossbody-bag-60307961-185|silvie-crossbody-bag-60308108-9013|silvie-crossbody-bag-60308415-950,CONSOLIDATED_SOURCE_PARENTS=gid://shopify/Product/7986359042138|gid://shopify/Product/7986356519002|gid://shopify/Product/7986360746074|gid://shopify/Product/7986364776538 REUSED_PARENT=gid://shopify/Product/7986359042138
2026-09-04T02:09:58.278Z,MIM-T-silvie-hobo-bag,CREATED,gid://shopify/Product/7986359599194,Silvie Hobo Bag,gid://shopify/Product/7986124488794|gid://shopify/Product/7986124554330|gid://shopify/Product/7986130518106|gid://shopify/Product/7986133205082,silvie-hobo-bag-60308051-1827|silvie-hobo-bag-60307960-185|silvie-hobo-bag-60308109-9013|silvie-hobo-bag-60308414-950,CONSOLIDATED_SOURCE_PARENTS=gid://shopify/Product/7986359599194|gid://shopify/Product/7986356355162|gid://shopify/Product/7986360877146|gid://shopify/Product/7986364579930 REUSED_PARENT=gid://shopify/Product/7986359599194
2026-09-04T02:09:59.037Z,MIM-T-solace-large-leather-crescent-bag,CREATED,gid://shopify/Product/7986349768794,Solace Large Leather Crescent Bag,gid://shopify/Product/7986112888922|gid://shopify/Product/7986126323802,solace-large-leather-crescent-bag-60306474-8816|solace-large-leather-crescent-bag-60307947-238,CONSOLIDATED_SOURCE_PARENTS=gid://shopify/Product/7986349768794|gid://shopify/Product/7986357993562 REUSED_PARENT=gid://shopify/Product/7986349768794
2026-09-04T02:10:00.194Z,MIM-T-solace-mini-leather-grab-bag,CREATED,gid://shopify/Product/7986346754138,Solace Mini Leather Grab Bag,gid://shopify/Product/7986112561242|gid://shopify/Product/7986112659546|gid://shopify/Product/7986112823386,solace-mini-leather-grab-bag-60305989-8816|solace-mini-leather-grab-bag-60305991-1085|solace-mini-leather-grab-bag-60305992-686,CONSOLIDATED_SOURCE_PARENTS=gid://shopify/Product/7986346754138|gid://shopify/Product/7986346917978|gid://shopify/Product/7986347147354 REUSED_PARENT=gid://shopify/Product/7986346754138
2026-09-04T02:10:01.406Z,MIM-T-solar-mini-tote-bag,CREATED,gid://shopify/Product/7986519933018,Solar Mini Tote Bag,gid://shopify/Product/7986467962970|gid://shopify/Product/7986474451034|gid://shopify/Product/7986479431770,solar-mini-tote-bag-60300494-1827|solar-mini-tote-bag-60300493-974|solar-mini-tote-bag-60301215-116,CONSOLIDATED_SOURCE_PARENTS=gid://shopify/Product/7986519933018|gid://shopify/Product/7986519769178|gid://shopify/Product/7986524258394 REUSED_PARENT=gid://shopify/Product/7986519933018
2026-09-04T02:10:04.008Z,MIM-T-solar-shoulder-bag,CREATED,gid://shopify/Product/7986341609562,Solar Shoulder Bag,gid://shopify/Product/7986105647194|gid://shopify/Product/7986470584410|gid://shopify/Product/7986471698522|gid://shopify/Product/7986471862362|gid://shopify/Product/7986471993434|gid://shopify/Product/7986472386650|gid://shopify/Product/7986472484954,solar-shoulder-bag-60299436-3637|solar-shoulder-bag-60296944-6011|solar-shoulder-bag-60296849-1827|solar-shoulder-bag-60296850-116|solar-shoulder-bag-60296851-7700|solar-shoulder-bag-60296862-974|solar-shoulder-bag-60296863-100,CONSOLIDATED_SOURCE_PARENTS=gid://shopify/Product/7986341609562|gid://shopify/Product/7986516295770|gid://shopify/Product/7986517377114|gid://shopify/Product/7986517606490|gid://shopify/Product/7986517770330|gid://shopify/Product/7986518261850|gid://shopify/Product/7986518425690 REUSED_PARENT=gid://shopify/Product/7986341609562
2026-09-04T02:10:05.721Z,MIM-T-solar-tote-bag,CREATED,gid://shopify/Product/7986502991962,Solar Tote Bag,gid://shopify/Product/7986456985690|gid://shopify/Product/7986463572058|gid://shopify/Product/7986463768666|gid://shopify/Product/7986472157274,solar-tote-bag-60294192-974|solar-tote-bag-60295423-1827|solar-tote-bag-60295426-7700|solar-tote-bag-60296856-116,CONSOLIDATED_SOURCE_PARENTS=gid://shopify/Product/7986502991962|gid://shopify/Product/7986509512794|gid://shopify/Product/7986509709402|gid://shopify/Product/7986517934170 REUSED_PARENT=gid://shopify/Product/7986502991962
2026-09-04T02:10:06.466Z,MIM-T-stevie-leather-mini-tote-bag,CREATED,gid://shopify/Product/7986318344282,Stevie Leather Mini Tote Bag,gid://shopify/Product/7986079268954|gid://shopify/Product/7986079531098,stevie-leather-mini-tote-bag-60290370-3637|stevie-leather-mini-tote-bag-60290371-871,CONSOLIDATED_SOURCE_PARENTS=gid://shopify/Product/7986318344282|gid://shopify/Product/7986318508122 REUSED_PARENT=gid://shopify/Product/7986318344282
2026-09-04T02:10:07.222Z,MIM-T-sublime-midi-hip-bag,CREATED,gid://shopify/Product/7986265063514,Sublime Midi Hip Bag,gid://shopify/Product/7986017599578|gid://shopify/Product/7986019893338,sublime-midi-hip-bag-60237266-1492|sublime-midi-hip-bag-60252054-124,CONSOLIDATED_SOURCE_PARENTS=gid://shopify/Product/7986265063514|gid://shopify/Product/7986267258970 REUSED_PARENT=gid://shopify/Product/7986265063514
2026-09-04T02:10:07.941Z,MIM-T-sublime-sling-hip-bag,CREATED,gid://shopify/Product/7986262311002,Sublime Sling Hip Bag,gid://shopify/Product/7986014650458|gid://shopify/Product/7986015862874,sublime-sling-hip-bag-60232468-1492|sublime-sling-hip-bag-60239558-3034,CONSOLIDATED_SOURCE_PARENTS=gid://shopify/Product/7986262311002|gid://shopify/Product/7986263490650 REUSED_PARENT=gid://shopify/Product/7986262311002
2026-09-04T02:10:08.725Z,MIM-T-the-2006-small-cocoon-bag,CREATED,gid://shopify/Product/7986332303450,The 2006 Small Cocoon Bag,gid://shopify/Product/7986092965978|gid://shopify/Product/7986469142618,the-2006-small-cocoon-bag-60298220-9480|the-2006-small-cocoon-bag-60296894-3637,CONSOLIDATED_SOURCE_PARENTS=gid://shopify/Product/7986332303450|gid://shopify/Product/7986514657370 REUSED_PARENT=gid://shopify/Product/7986332303450
2026-09-04T02:10:09.454Z,MIM-T-the-bow-grab-bag,CREATED,gid://shopify/Product/7986381160538,The Bow Grab Bag,gid://shopify/Product/7986155257946|gid://shopify/Product/7986155389018,the-bow-grab-bag-60311992-3718|the-bow-grab-bag-60311993-686,CONSOLIDATED_SOURCE_PARENTS=gid://shopify/Product/7986381160538|gid://shopify/Product/7986381357146 REUSED_PARENT=gid://shopify/Product/7986381160538
2026-09-04T02:10:10.234Z,MIM-T-the-bow-micro-grab-bag,CREATED,gid://shopify/Product/7986386894938,The Bow Micro Grab Bag,gid://shopify/Product/7986163384410|gid://shopify/Product/7986163548250,the-bow-micro-grab-bag-60313427-1085|the-bow-micro-grab-bag-60313428-178,CONSOLIDATED_SOURCE_PARENTS=gid://shopify/Product/7986386894938|gid://shopify/Product/7986387058778 REUSED_PARENT=gid://shopify/Product/7986386894938
2026-09-04T02:10:11.396Z,MIM-T-the-clutch,CREATED,gid://shopify/Product/7986423890010,The Clutch,gid://shopify/Product/7986213257306|gid://shopify/Product/7986214764634,the-clutch-60321110-2344|the-clutch-60321133-178,CONSOLIDATED_SOURCE_PARENTS=gid://shopify/Product/7986423890010|gid://shopify/Product/7986424774746 REUSED_PARENT=gid://shopify/Product/7986423890010
2026-09-04T02:10:12.802Z,MIM-T-the-jones-crossbody-bag,CREATED,gid://shopify/Product/7986339512410,The Jones Crossbody Bag,gid://shopify/Product/7986101747802|gid://shopify/Product/7986101878874|gid://shopify/Product/7986102042714,the-jones-crossbody-bag-60299138-9621|the-jones-crossbody-bag-60299139-100|the-jones-crossbody-bag-60299140-2348,CONSOLIDATED_SOURCE_PARENTS=gid://shopify/Product/7986339512410|gid://shopify/Product/7986339643482|gid://shopify/Product/7986339807322 REUSED_PARENT=gid://shopify/Product/7986339512410
2026-09-04T02:10:14.000Z,MIM-T-the-jones-mini-crossbody-bag,CREATED,gid://shopify/Product/7986339971162,The Jones Mini Crossbody Bag,gid://shopify/Product/7986102206554|gid://shopify/Product/7986102370394|gid://shopify/Product/7986104631386,the-jones-mini-crossbody-bag-60299142-100|the-jones-mini-crossbody-bag-60299143-9621|the-jones-mini-crossbody-bag-60299600-2348,CONSOLIDATED_SOURCE_PARENTS=gid://shopify/Product/7986339971162|gid://shopify/Product/7986340102234|gid://shopify/Product/7986343739482 REUSED_PARENT=gid://shopify/Product/7986339971162
2026-09-04T02:10:14.769Z,MIM-T-the-starwood-clutch-bag,CREATED,gid://shopify/Product/7986517639258,The Starwood Clutch Bag,gid://shopify/Product/7986471796826|gid://shopify/Product/7986471927898,the-starwood-clutch-bag-60299793-7567|the-starwood-clutch-bag-60299794-3637,CONSOLIDATED_SOURCE_PARENTS=gid://shopify/Product/7986517639258|gid://shopify/Product/7986517835866 REUSED_PARENT=gid://shopify/Product/7986517639258
2026-09-04T02:10:15.920Z,MIM-T-the-starwood-mini-tote-bag,CREATED,gid://shopify/Product/7986520162394,The Starwood Mini Tote Bag,gid://shopify/Product/7986468356186|gid://shopify/Product/7986468520026|gid://shopify/Product/7986468683866,the-starwood-mini-tote-bag-60296884-1827|the-starwood-mini-tote-bag-60296885-3637|the-starwood-mini-tote-bag-60296886-7567,CONSOLIDATED_SOURCE_PARENTS=gid://shopify/Product/7986520162394|gid://shopify/Product/7986520326234|gid://shopify/Product/7986514198618 REUSED_PARENT=gid://shopify/Product/7986520162394
2026-09-04T02:10:16.712Z,MIM-T-the-starwood-shoulder-bag,CREATED,gid://shopify/Product/7986514362458,The Starwood Shoulder Bag,gid://shopify/Product/7986468847706|gid://shopify/Product/7986468978778,the-starwood-shoulder-bag-60296888-3637|the-starwood-shoulder-bag-60296889-7567,CONSOLIDATED_SOURCE_PARENTS=gid://shopify/Product/7986514362458|gid://shopify/Product/7986514526298 REUSED_PARENT=gid://shopify/Product/7986514362458
2026-09-04T02:10:18.009Z,MIM-T-treasure-saddle-crossbody-bag,CREATED,gid://shopify/Product/7986509873242,Treasure Saddle Crossbody Bag,gid://shopify/Product/7986463998042|gid://shopify/Product/7986464161882|gid://shopify/Product/7986464424026,treasure-saddle-crossbody-bag-60295719-3637|treasure-saddle-crossbody-bag-60295720-7658|treasure-saddle-crossbody-bag-60296090-116,CONSOLIDATED_SOURCE_PARENTS=gid://shopify/Product/7986509873242|gid://shopify/Product/7986510037082|gid://shopify/Product/7986510069850 REUSED_PARENT=gid://shopify/Product/7986509873242
2026-09-04T02:10:18.733Z,MIM-T-unite-cross-body-bag,CREATED,gid://shopify/Product/7986278334554,Unite Cross Body Bag,gid://shopify/Product/7986030870618|gid://shopify/Product/7986032935002,unite-cross-body-bag-60265049-9529|unite-cross-body-bag-60266835-974,CONSOLIDATED_SOURCE_PARENTS=gid://shopify/Product/7986278334554|gid://shopify/Product/7986280398938 REUSED_PARENT=gid://shopify/Product/7986278334554
2026-09-04T02:10:19.471Z,MIM-T-zeppelin-shoulder-bag,CREATED,gid://shopify/Product/7986307989594,Zeppelin Shoulder Bag,gid://shopify/Product/7986067570778|gid://shopify/Product/7986068422746,zeppelin-shoulder-bag-60286131-3637|zeppelin-shoulder-bag-60286153-84,CONSOLIDATED_SOURCE_PARENTS=gid://shopify/Product/7986307989594|gid://shopify/Product/7986308841562 REUSED_PARENT=gid://shopify/Product/7986307989594
2026-09-04T03:43:23.814Z,MIM-T-afterparty-crossbody-bag,CREATED,gid://shopify/Product/7986340200538,Afterparty Crossbody Bag,gid://shopify/Product/7986102468698|gid://shopify/Product/7986102665306,afterparty-crossbody-bag-60299144-3637|afterparty-crossbody-bag-60299145-100,CONSOLIDATED_SOURCE_PARENTS=gid://shopify/Product/7986340200538|gid://shopify/Product/7986340397146 REUSED_PARENT=gid://shopify/Product/7986340200538
2026-09-04T03:43:36.511Z,MIM-T-afterparty-multi-wear-shoulder-bag,CREATED,gid://shopify/Product/7986340823130,Afterparty Multi-Wear Shoulder Bag,gid://shopify/Product/7986100109402|gid://shopify/Product/7986100306010|gid://shopify/Product/7986102796378|gid://shopify/Product/7986102992986|gid://shopify/Product/7986475827290,afterparty-multi-wear-shoulder-bag-60299149-3637|afterparty-multi-wear-shoulder-bag-60299150-100|afterparty-multi-wear-shoulder-bag-60299147-6522|afterparty-multi-wear-shoulder-bag-60299148-1752|afterparty-multi-wear-shoulder-bag-60301505-901,CONSOLIDATED_SOURCE_PARENTS=gid://shopify/Product/7986340823130|gid://shopify/Product/7986340986970|gid://shopify/Product/7986340560986|gid://shopify/Product/7986340724826|gid://shopify/Product/7986520981594 REUSED_PARENT=gid://shopify/Product/7986340823130
2026-09-04T03:43:43.421Z,MIM-T-alina-shoulder-bag,CREATED,gid://shopify/Product/7986370216026,Alina Shoulder Bag,gid://shopify/Product/7986138873946|gid://shopify/Product/7986139103322|gid://shopify/Product/7986139234394,alina-shoulder-bag-60309338-1|alina-shoulder-bag-60309339-9501|alina-shoulder-bag-60309340-441,CONSOLIDATED_SOURCE_PARENTS=gid://shopify/Product/7986370216026|gid://shopify/Product/7986370412634|gid://shopify/Product/7986370543706 REUSED_PARENT=gid://shopify/Product/7986370216026
2026-09-04T03:44:06.807Z,MIM-T-allure-crossbody-bag,CREATED,gid://shopify/Product/7986338463834,Allure Crossbody Bag,gid://shopify/Product/7986100731994|gid://shopify/Product/7986100863066|gid://shopify/Product/7986101026906|gid://shopify/Product/7986101190746|gid://shopify/Product/7986110103642|gid://shopify/Product/7986110267482|gid://shopify/Product/7986472190042|gid://shopify/Product/7986472321114,allure-crossbody-bag-60299125-3637|allure-crossbody-bag-60299126-100|allure-crossbody-bag-60299127-3718|allure-crossbody-bag-60299128-901|allure-crossbody-bag-60304118-686|allure-crossbody-bag-60304119-263|allure-crossbody-bag-60299867-725|allure-crossbody-bag-60299868-7531,CONSOLIDATED_SOURCE_PARENTS=gid://shopify/Product/7986338463834|gid://shopify/Product/7986338627674|gid://shopify/Product/7986338758746|gid://shopify/Product/7986338889818|gid://shopify/Product/7986342232154|gid://shopify/Product/7986342395994|gid://shopify/Product/7986518163546|gid://shopify/Product/7986518294618 REUSED_PARENT=gid://shopify/Product/7986338463834
2026-09-04T03:44:11.476Z,MIM-T-arc-hobo-bag,CREATED,gid://shopify/Product/7986360352858,Arc Hobo Bag,gid://shopify/Product/7986125406298|gid://shopify/Product/7986126159962,arc-hobo-bag-60308033-1|arc-hobo-bag-60308038-9501,CONSOLIDATED_SOURCE_PARENTS=gid://shopify/Product/7986360352858|gid://shopify/Product/7986361008218 REUSED_PARENT=gid://shopify/Product/7986360352858
2026-09-04T03:44:53.398Z,MIM-T-bay-crossbody-bag,CREATED,gid://shopify/Product/7986323619930,Bay Crossbody Bag,gid://shopify/Product/7986081955930|gid://shopify/Product/7986082152538|gid://shopify/Product/7986082316378|gid://shopify/Product/7986109415514|gid://shopify/Product/7986109579354|gid://shopify/Product/7986109743194|gid://shopify/Product/7986122621018|gid://shopify/Product/7986133270618|gid://shopify/Product/7986134876250|gid://shopify/Product/7986137890906|gid://shopify/Product/7986137989210|gid://shopify/Product/7986140741722|gid://shopify/Product/7986197266522|gid://shopify/Product/7986207916122|gid://shopify/Product/7986468126810|gid://shopify/Product/7986468290650,bay-crossbody-bag-60290772-3637|bay-crossbody-bag-60290773-100|bay-crossbody-bag-60290774-974|bay-crossbody-bag-60305435-238|bay-crossbody-bag-60305436-9013|bay-crossbody-bag-60305437-4068|bay-crossbody-bag-60307815-321|bay-crossbody-bag-60308596-2351|bay-crossbody-bag-60309145-441|bay-crossbody-bag-60309143-106|bay-crossbody-bag-60309144-6525|bay-crossbody-bag-60310173-9501|bay-crossbody-bag-60318039-413|bay-crossbody-bag-60320611-118|bay-crossbody-bag-60300501-334|bay-crossbody-bag-60300502-7531,CONSOLIDATED_SOURCE_PARENTS=gid://shopify/Product/7986323619930|gid://shopify/Product/7986323783770|gid://shopify/Product/7986323914842|gid://shopify/Product/7986348163162|gid://shopify/Product/7986344951898|gid://shopify/Product/7986345115738|gid://shopify/Product/7986356486234|gid://shopify/Product/7986364514394|gid://shopify/Product/7986365169754|gid://shopify/Product/7986368118874|gid://shopify/Product/7986368249946|gid://shopify/Product/7986368610394|gid://shopify/Product/7986415173722|gid://shopify/Product/7986423365722|gid://shopify/Product/7986520096858|gid://shopify/Product/7986520227930 REUSED_PARENT=gid://shopify/Product/7986323619930
2026-09-04T03:45:12.057Z,MIM-T-bay-strap-crossbody-bag,CREATED,gid://shopify/Product/7986374180954,Bay Strap Crossbody Bag,gid://shopify/Product/7986145394778|gid://shopify/Product/7986145558618|gid://shopify/Product/7986152472666|gid://shopify/Product/7986181931098|gid://shopify/Product/7986193760346|gid://shopify/Product/7986198904922,bay-strap-crossbody-bag-60310531-974|bay-strap-crossbody-bag-60310532-2351|bay-strap-crossbody-bag-60311848-100|bay-strap-crossbody-bag-60314894-6121|bay-strap-crossbody-bag-60317949-203|bay-strap-crossbody-bag-60318163-602,CONSOLIDATED_SOURCE_PARENTS=gid://shopify/Product/7986374180954|gid://shopify/Product/7986374344794|gid://shopify/Product/7986378932314|gid://shopify/Product/7986401640538|gid://shopify/Product/7986409111642|gid://shopify/Product/7986414616666 REUSED_PARENT=gid://shopify/Product/7986374180954
2026-09-04T03:45:20.018Z,MIM-T-bay-tote-bag,CREATED,gid://shopify/Product/7986378670170,Bay Tote Bag,gid://shopify/Product/7986152079450|gid://shopify/Product/7986152276058|gid://shopify/Product/7986194350170,bay-tote-bag-60311843-974|bay-tote-bag-60311844-2351|bay-tote-bag-60317235-9501,CONSOLIDATED_SOURCE_PARENTS=gid://shopify/Product/7986378670170|gid://shopify/Product/7986378801242|gid://shopify/Product/7986409603162 REUSED_PARENT=gid://shopify/Product/7986378670170
2026-09-04T03:45:30.054Z,MIM-T-betsy-shoulder-bag,CREATED,gid://shopify/Product/7986320703578,Betsy Shoulder Bag,gid://shopify/Product/7986078482522|gid://shopify/Product/7986079039578|gid://shopify/Product/7986079203418|gid://shopify/Product/7986079334490,betsy-shoulder-bag-60290270-974|betsy-shoulder-bag-60290238-100|betsy-shoulder-bag-60290239-3637|betsy-shoulder-bag-60290243-901,CONSOLIDATED_SOURCE_PARENTS=gid://shopify/Product/7986320703578|gid://shopify/Product/7986318377050|gid://shopify/Product/7986318540890|gid://shopify/Product/7986318671962 REUSED_PARENT=gid://shopify/Product/7986320703578
2026-09-04T03:45:34.563Z,MIM-T-bloom-clutch-evening-bag,CREATED,gid://shopify/Product/7986274533466,Bloom Clutch Evening Bag,gid://shopify/Product/7986027003994|gid://shopify/Product/7986027069530,bloom-clutch-evening-bag-60258721-115|bloom-clutch-evening-bag-60262994-7009,CONSOLIDATED_SOURCE_PARENTS=gid://shopify/Product/7986274533466|gid://shopify/Product/7986274435162 REUSED_PARENT=gid://shopify/Product/7986274533466
2026-09-04T03:45:38.979Z,MIM-T-bloom-micro-tote-bag,CREATED,gid://shopify/Product/7986272010330,Bloom Micro Tote Bag,gid://shopify/Product/7986024480858|gid://shopify/Product/7986024644698,bloom-micro-tote-bag-60255298-100|bloom-micro-tote-bag-60255299-6697,CONSOLIDATED_SOURCE_PARENTS=gid://shopify/Product/7986272010330|gid://shopify/Product/7986272174170 REUSED_PARENT=gid://shopify/Product/7986272010330
2026-09-04T03:45:44.189Z,MIM-T-bloom-mini-tote-bag,CREATED,gid://shopify/Product/7986272501850,Bloom Mini Tote Bag,gid://shopify/Product/7986025267290|gid://shopify/Product/7986038374490,bloom-mini-tote-bag-60258683-974|bloom-mini-tote-bag-60270544-8916,CONSOLIDATED_SOURCE_PARENTS=gid://shopify/Product/7986272501850|gid://shopify/Product/7986284855386 REUSED_PARENT=gid://shopify/Product/7986272501850
2026-09-04T03:45:48.512Z,MIM-T-brittany-mini-tote-bag,CREATED,gid://shopify/Product/7986422808666,Brittany Mini Tote Bag,gid://shopify/Product/7986208571482|gid://shopify/Product/7986208735322,brittany-mini-tote-bag-60319802-448|brittany-mini-tote-bag-60319804-9787,CONSOLIDATED_SOURCE_PARENTS=gid://shopify/Product/7986422808666|gid://shopify/Product/7986422972506 REUSED_PARENT=gid://shopify/Product/7986422808666
2026-09-04T03:45:53.799Z,MIM-T-brittany-tote-bag,CREATED,gid://shopify/Product/7986423169114,Brittany Tote Bag,gid://shopify/Product/7986208833626|gid://shopify/Product/7986208997466,brittany-tote-bag-60319806-9787|brittany-tote-bag-60319807-448,CONSOLIDATED_SOURCE_PARENTS=gid://shopify/Product/7986423169114|gid://shopify/Product/7986423332954 REUSED_PARENT=gid://shopify/Product/7986423169114
2026-09-04T03:45:59.880Z,MIM-T-buckle-up-mini-shoulder-bag,CREATED,gid://shopify/Product/7986510561370,Buckle Up Mini Shoulder Bag,gid://shopify/Product/7986464817242|gid://shopify/Product/7986464981082,buckle-up-mini-shoulder-bag-60295731-7569|buckle-up-mini-shoulder-bag-60295732-202,CONSOLIDATED_SOURCE_PARENTS=gid://shopify/Product/7986510561370|gid://shopify/Product/7986510757978 REUSED_PARENT=gid://shopify/Product/7986510561370
2026-09-04T03:46:05.064Z,MIM-T-casa-shoulder-bag,CREATED,gid://shopify/Product/7986318213210,Casa Shoulder Bag,gid://shopify/Product/7986078842970|gid://shopify/Product/7986080940122,casa-shoulder-bag-60290232-100|casa-shoulder-bag-60290477-7783,CONSOLIDATED_SOURCE_PARENTS=gid://shopify/Product/7986318213210|gid://shopify/Product/7986319261786 REUSED_PARENT=gid://shopify/Product/7986318213210
2026-09-04T03:46:11.181Z,MIM-T-cedar-bucket-bag,CREATED,gid://shopify/Product/7986388533338,Cedar Bucket Bag,gid://shopify/Product/7986160795738|gid://shopify/Product/7986160959578,cedar-bucket-bag-60313108-1|cedar-bucket-bag-60313109-254,CONSOLIDATED_SOURCE_PARENTS=gid://shopify/Product/7986388533338|gid://shopify/Product/7986388664410 REUSED_PARENT=gid://shopify/Product/7986388533338
2026-09-04T03:46:17.673Z,MIM-T-cedar-crossbody-bag,CREATED,gid://shopify/Product/7986385584218,Cedar Crossbody Bag,gid://shopify/Product/7986157912154|gid://shopify/Product/7986161090650,cedar-crossbody-bag-60313111-1|cedar-crossbody-bag-60313110-254,CONSOLIDATED_SOURCE_PARENTS=gid://shopify/Product/7986385584218|gid://shopify/Product/7986385453146 REUSED_PARENT=gid://shopify/Product/7986385584218
2026-09-04T03:46:25.015Z,MIM-T-centre-stage-mini-bowler-bag,CREATED,gid://shopify/Product/7986522882138,Centre Stage Mini Bowler Bag,gid://shopify/Product/7986478415962|gid://shopify/Product/7986480185434|gid://shopify/Product/7986480349274,centre-stage-mini-bowler-bag-60302328-254|centre-stage-mini-bowler-bag-60301644-3637|centre-stage-mini-bowler-bag-60301645-2348,CONSOLIDATED_SOURCE_PARENTS=gid://shopify/Product/7986522882138|gid://shopify/Product/7986524749914|gid://shopify/Product/7986524913754 REUSED_PARENT=gid://shopify/Product/7986522882138
2026-09-04T03:46:31.989Z,MIM-T-centre-stage-mini-tote-bag,CREATED,gid://shopify/Product/7986521473114,Centre Stage Mini Tote Bag,gid://shopify/Product/7986476318810|gid://shopify/Product/7986476515418|gid://shopify/Product/7986478252122,centre-stage-mini-tote-bag-60301551-254|centre-stage-mini-tote-bag-60301552-3637|centre-stage-mini-tote-bag-60302327-2348,CONSOLIDATED_SOURCE_PARENTS=gid://shopify/Product/7986521473114|gid://shopify/Product/7986521604186|gid://shopify/Product/7986522685530 REUSED_PARENT=gid://shopify/Product/7986521473114
2026-09-04T03:46:36.617Z,MIM-T-chelsea-crossbody-bag,CREATED,gid://shopify/Product/7986367397978,Chelsea Crossbody Bag,gid://shopify/Product/7986138218586|gid://shopify/Product/7986138349658,chelsea-crossbody-bag-60309163-982|chelsea-crossbody-bag-60309164-6525,CONSOLIDATED_SOURCE_PARENTS=gid://shopify/Product/7986367397978|gid://shopify/Product/7986367594586 REUSED_PARENT=gid://shopify/Product/7986367397978
2026-09-04T03:46:40.820Z,MIM-T-classico-flap-over-crossbody-bag,CREATED,gid://shopify/Product/7986292097114,Classico Flap Over Crossbody Bag,gid://shopify/Product/7986048172122|gid://shopify/Product/7986048335962,classico-flap-over-crossbody-bag-60276323-2351|classico-flap-over-crossbody-bag-60276325-9601,CONSOLIDATED_SOURCE_PARENTS=gid://shopify/Product/7986292097114|gid://shopify/Product/7986292260954 REUSED_PARENT=gid://shopify/Product/7986292097114
2026-09-04T03:46:56.075Z,MIM-T-classico-shoulder-bag,CREATED,gid://shopify/Product/7986290884698,Classico Shoulder Bag,gid://shopify/Product/7986046861402|gid://shopify/Product/7986048434266|gid://shopify/Product/7986048598106|gid://shopify/Product/7986053513306|gid://shopify/Product/7986060099674|gid://shopify/Product/7986060329050,classico-shoulder-bag-60277403-1752|classico-shoulder-bag-60277457-974|classico-shoulder-bag-60277458-9439|classico-shoulder-bag-60281322-898|classico-shoulder-bag-60282740-9621|classico-shoulder-bag-60282795-1492,CONSOLIDATED_SOURCE_PARENTS=gid://shopify/Product/7986290884698|gid://shopify/Product/7986292588634|gid://shopify/Product/7986292752474|gid://shopify/Product/7986299404378|gid://shopify/Product/7986301829210|gid://shopify/Product/7986301993050 REUSED_PARENT=gid://shopify/Product/7986290884698
2026-09-04T03:47:03.755Z,MIM-T-cleo-crossbody-bag,CREATED,gid://shopify/Product/7986383585370,Cleo Crossbody Bag,gid://shopify/Product/7986154274906|gid://shopify/Product/7986154438746|gid://shopify/Product/7986157453402,cleo-crossbody-bag-60312130-2348|cleo-crossbody-bag-60312131-101|cleo-crossbody-bag-60312129-1,CONSOLIDATED_SOURCE_PARENTS=gid://shopify/Product/7986383585370|gid://shopify/Product/7986383683674|gid://shopify/Product/7986383388762 REUSED_PARENT=gid://shopify/Product/7986383585370
2026-09-04T03:47:07.967Z,MIM-T-cleo-tote-bag,CREATED,gid://shopify/Product/7986383093850,Cleo Tote Bag,gid://shopify/Product/7986157125722|gid://shopify/Product/7986157256794,cleo-tote-bag-60312127-2348|cleo-tote-bag-60312128-1,CONSOLIDATED_SOURCE_PARENTS=gid://shopify/Product/7986383093850|gid://shopify/Product/7986383257690 REUSED_PARENT=gid://shopify/Product/7986383093850
2026-09-04T03:47:27.663Z,MIM-T-cove-slim-shoulder-bag,CREATED,gid://shopify/Product/7986383945818,Cove Slim Shoulder Bag,gid://shopify/Product/7986154766426|gid://shopify/Product/7986154602586|gid://shopify/Product/7986154930266|gid://shopify/Product/7986155126874|gid://shopify/Product/7986155225178|gid://shopify/Product/7986183143514|gid://shopify/Product/7986194612314|gid://shopify/Product/7986209390682,cove-slim-shoulder-bag-60312105-3718|cove-slim-shoulder-bag-60312107-1|cove-slim-shoulder-bag-60312108-657|cove-slim-shoulder-bag-60312109-100|cove-slim-shoulder-bag-60312110-2348|cove-slim-shoulder-bag-60314917-6121|cove-slim-shoulder-bag-60318016-202|cove-slim-shoulder-bag-60319888-9961,CONSOLIDATED_SOURCE_PARENTS=gid://shopify/Product/7986383781978|gid://shopify/Product/7986383945818|gid://shopify/Product/7986384076890|gid://shopify/Product/7986384240730|gid://shopify/Product/7986384371802|gid://shopify/Product/7986402820186|gid://shopify/Product/7986412814426|gid://shopify/Product/7986423660634 REUSED_PARENT=gid://shopify/Product/7986383945818
2026-09-04T03:47:37.443Z,MIM-T-cremorne-crossbody-bag,CREATED,gid://shopify/Product/7986357338202,Cremorne Crossbody Bag,gid://shopify/Product/7986120196186|gid://shopify/Product/7986125570138|gid://shopify/Product/7986125733978|gid://shopify/Product/7986126225498,cremorne-crossbody-bag-60307827-3024|cremorne-crossbody-bag-60308011-9439|cremorne-crossbody-bag-60308012-476|cremorne-crossbody-bag-60307988-3637,CONSOLIDATED_SOURCE_PARENTS=gid://shopify/Product/7986357338202|gid://shopify/Product/7986357403738|gid://shopify/Product/7986357567578|gid://shopify/Product/7986357796954 REUSED_PARENT=gid://shopify/Product/7986357338202
2026-09-04T03:47:46.689Z,MIM-T-cremorne-mini-tote-bag,CREATED,gid://shopify/Product/7986357207130,Cremorne Mini Tote Bag,gid://shopify/Product/7986120097882|gid://shopify/Product/7986125897818|gid://shopify/Product/7986126061658|gid://shopify/Product/7986126258266,cremorne-mini-tote-bag-60307826-3024|cremorne-mini-tote-bag-60308013-3637|cremorne-mini-tote-bag-60308014-9439|cremorne-mini-tote-bag-60308015-476,CONSOLIDATED_SOURCE_PARENTS=gid://shopify/Product/7986357207130|gid://shopify/Product/7986357731418|gid://shopify/Product/7986357895258|gid://shopify/Product/7986358059098 REUSED_PARENT=gid://shopify/Product/7986357207130
2026-09-04T03:47:53.649Z,MIM-T-cremorne-tote-bag,CREATED,gid://shopify/Product/7986357043290,Cremorne Tote Bag,gid://shopify/Product/7986119901274|gid://shopify/Product/7986126422106|gid://shopify/Product/7986126585946,cremorne-tote-bag-60307825-3024|cremorne-tote-bag-60308016-3637|cremorne-tote-bag-60308017-9439,CONSOLIDATED_SOURCE_PARENTS=gid://shopify/Product/7986357043290|gid://shopify/Product/7986358288474|gid://shopify/Product/7986358321242 REUSED_PARENT=gid://shopify/Product/7986357043290
2026-09-04T03:48:06.350Z,MIM-T-d-vine-camera-crossbody-bag,CREATED,gid://shopify/Product/7986304352346,D-Vine Camera Crossbody Bag,gid://shopify/Product/7986059149402|gid://shopify/Product/7986059247706|gid://shopify/Product/7986059477082|gid://shopify/Product/7986067701850|gid://shopify/Product/7986068291674,d-vine-camera-crossbody-bag-60283816-1492|d-vine-camera-crossbody-bag-60283817-2351|d-vine-camera-crossbody-bag-60283818-974|d-vine-camera-crossbody-bag-60286052-1702|d-vine-camera-crossbody-bag-60286686-7895,CONSOLIDATED_SOURCE_PARENTS=gid://shopify/Product/7986304352346|gid://shopify/Product/7986301173850|gid://shopify/Product/7986301370458|gid://shopify/Product/7986308120666|gid://shopify/Product/7986308710490 REUSED_PARENT=gid://shopify/Product/7986304352346
2026-09-04T03:48:11.034Z,MIM-T-d-vine-cross-body-bag,CREATED,gid://shopify/Product/7986269913178,D-Vine Cross Body Bag,gid://shopify/Product/7986022449242|gid://shopify/Product/7986027757658,d-vine-cross-body-bag-60252978-9514|d-vine-cross-body-bag-60262724-9529,CONSOLIDATED_SOURCE_PARENTS=gid://shopify/Product/7986269913178|gid://shopify/Product/7986275024986 REUSED_PARENT=gid://shopify/Product/7986269913178
2026-09-04T03:48:19.129Z,MIM-T-d-vine-crossbody-bag,CREATED,gid://shopify/Product/7986269651034,D-Vine Crossbody Bag,gid://shopify/Product/7986022285402|gid://shopify/Product/7986024939610|gid://shopify/Product/7986027855962,d-vine-crossbody-bag-60252977-1492|d-vine-crossbody-bag-60258656-974|d-vine-crossbody-bag-60262725-2351,CONSOLIDATED_SOURCE_PARENTS=gid://shopify/Product/7986269651034|gid://shopify/Product/7986272239706|gid://shopify/Product/7986275221594 REUSED_PARENT=gid://shopify/Product/7986269651034
2026-09-04T03:48:34.481Z,MIM-T-d-vine-grab-crossbody-bag,CREATED,gid://shopify/Product/7986298191962,D-Vine Grab Crossbody Bag,gid://shopify/Product/7986056134746|gid://shopify/Product/7986056364122|gid://shopify/Product/7986056527962|gid://shopify/Product/7986067472474|gid://shopify/Product/7986068389978,d-vine-grab-crossbody-bag-60281068-2351|d-vine-grab-crossbody-bag-60281069-974|d-vine-grab-crossbody-bag-60281070-1492|d-vine-grab-crossbody-bag-60286051-3109|d-vine-grab-crossbody-bag-60286687-7895,CONSOLIDATED_SOURCE_PARENTS=gid://shopify/Product/7986298191962|gid://shopify/Product/7986298355802|gid://shopify/Product/7986298519642|gid://shopify/Product/7986307956826|gid://shopify/Product/7986308874330 REUSED_PARENT=gid://shopify/Product/7986298191962
2026-09-04T03:48:47.588Z,MIM-T-d-vine-sling-crossbody-bag,CREATED,gid://shopify/Product/7986278662234,D-Vine Sling Crossbody Bag,gid://shopify/Product/7986031263834|gid://shopify/Product/7986031427674|gid://shopify/Product/7986037882970|gid://shopify/Product/7986044043354|gid://shopify/Product/7986054889562,d-vine-sling-crossbody-bag-60266738-1492|d-vine-sling-crossbody-bag-60266739-2351|d-vine-sling-crossbody-bag-60270520-100|d-vine-sling-crossbody-bag-60274430-8921|d-vine-sling-crossbody-bag-60281041-3031,CONSOLIDATED_SOURCE_PARENTS=gid://shopify/Product/7986278662234|gid://shopify/Product/7986278793306|gid://shopify/Product/7986284331098|gid://shopify/Product/7986288525402|gid://shopify/Product/7986297274458 REUSED_PARENT=gid://shopify/Product/7986278662234
2026-09-04T03:48:52.404Z,MIM-T-d-vine-worker-tote-bag,CREATED,gid://shopify/Product/7986302091354,D-Vine Worker Tote Bag,gid://shopify/Product/7986060132442|gid://shopify/Product/7986060263514,d-vine-worker-tote-bag-60283824-1492|d-vine-worker-tote-bag-60283825-2351,CONSOLIDATED_SOURCE_PARENTS=gid://shopify/Product/7986302091354|gid://shopify/Product/7986302255194 REUSED_PARENT=gid://shopify/Product/7986302091354
2026-09-04T03:48:59.455Z,MIM-T-darcy-bowler-bag,CREATED,gid://shopify/Product/7986360516698,Darcy Bowler Bag,gid://shopify/Product/7986125668442|gid://shopify/Product/7986125832282|gid://shopify/Product/7986125996122,darcy-bowler-bag-60308034-3637|darcy-bowler-bag-60308035-9599|darcy-bowler-bag-60308037-1085,CONSOLIDATED_SOURCE_PARENTS=gid://shopify/Product/7986360516698|gid://shopify/Product/7986360680538|gid://shopify/Product/7986360844378 REUSED_PARENT=gid://shopify/Product/7986360516698
2026-09-04T03:49:06.384Z,MIM-T-darcy-bwlr-bg,CREATED,gid://shopify/Product/7986348884058,Darcy Bwlr Bg,gid://shopify/Product/7986111938650|gid://shopify/Product/7986112135258|gid://shopify/Product/7986115248218,darcy-bwlr-bg-60306163-1085|darcy-bwlr-bg-60306164-3637|darcy-bwlr-bg-60306162-9599,CONSOLIDATED_SOURCE_PARENTS=gid://shopify/Product/7986348884058|gid://shopify/Product/7986349080666|gid://shopify/Product/7986348687450 REUSED_PARENT=gid://shopify/Product/7986348884058
2026-09-04T03:49:10.797Z,MIM-T-darcy-crossbody-bag,CREATED,gid://shopify/Product/7986357370970,Darcy Crossbody Bag,gid://shopify/Product/7986125471834|gid://shopify/Product/7986126028890,darcy-crossbody-bag-60307967-9599|darcy-crossbody-bag-60307969-1085,CONSOLIDATED_SOURCE_PARENTS=gid://shopify/Product/7986357370970|gid://shopify/Product/7986357633114 REUSED_PARENT=gid://shopify/Product/7986357370970
2026-09-04T03:49:15.098Z,MIM-T-darcy-tote,CREATED,gid://shopify/Product/7986348359770,Darcy Tote,gid://shopify/Product/7986115051610|gid://shopify/Product/7986115117146,darcy-tote-60306159-3637|darcy-tote-60306161-9599,CONSOLIDATED_SOURCE_PARENTS=gid://shopify/Product/7986348359770|gid://shopify/Product/7986348523610 REUSED_PARENT=gid://shopify/Product/7986348359770
2026-09-04T03:49:19.333Z,MIM-T-darcy-tote-bag,CREATED,gid://shopify/Product/7986361303130,Darcy Tote Bag,gid://shopify/Product/7986126389338|gid://shopify/Product/7986126553178,darcy-tote-bag-60308039-3637|darcy-tote-bag-60308040-9599,CONSOLIDATED_SOURCE_PARENTS=gid://shopify/Product/7986361303130|gid://shopify/Product/7986361499738 REUSED_PARENT=gid://shopify/Product/7986361303130
2026-09-04T03:49:38.855Z,MIM-T-daydream-hip-bag,CREATED,gid://shopify/Product/7986258280538,Daydream Hip Bag,gid://shopify/Product/7986011439194|gid://shopify/Product/7986011603034|gid://shopify/Product/7986013896794|gid://shopify/Product/7986014814298|gid://shopify/Product/7986016518234|gid://shopify/Product/7986018615386|gid://shopify/Product/7986018811994|gid://shopify/Product/7986020352090,daydream-hip-bag-60223061-9621|daydream-hip-bag-60223221-706|daydream-hip-bag-60214334-1|daydream-hip-bag-60232485-1781|daydream-hip-bag-60242787-290|daydream-hip-bag-60243709-9830|daydream-hip-bag-60243711-9864|daydream-hip-bag-60250941-124,CONSOLIDATED_SOURCE_PARENTS=gid://shopify/Product/7986258280538|gid://shopify/Product/7986258477146|gid://shopify/Product/7986260934746|gid://shopify/Product/7986262540378|gid://shopify/Product/7986263720026|gid://shopify/Product/7986266079322|gid://shopify/Product/7986266243162|gid://shopify/Product/7986267750490 REUSED_PARENT=gid://shopify/Product/7986258280538
2026-09-04T03:49:43.045Z,MIM-T-deco-crossbody-bag,CREATED,gid://shopify/Product/7986318835802,Deco Crossbody Bag,gid://shopify/Product/7986079498330|gid://shopify/Product/7986079662170,deco-crossbody-bag-60290245-100|deco-crossbody-bag-60290246-7746,CONSOLIDATED_SOURCE_PARENTS=gid://shopify/Product/7986318835802|gid://shopify/Product/7986318999642 REUSED_PARENT=gid://shopify/Product/7986318835802
2026-09-04T03:50:01.229Z,MIM-T-dolly-shoulder-bag,CREATED,gid://shopify/Product/7986413011034,Dolly Shoulder Bag,gid://shopify/Product/7986198020186|gid://shopify/Product/7986100469850|gid://shopify/Product/7986100633690|gid://shopify/Product/7986209194074|gid://shopify/Product/7986473107546|gid://shopify/Product/7986473238618|gid://shopify/Product/7986473369690,dolly-shoulder-bag-60299155-100|dolly-shoulder-bag-60299156-7679|dolly-shoulder-bag-60318045-1|dolly-shoulder-bag-60319812-9961|dolly-shoulder-bag-60296876-3637|dolly-shoulder-bag-60296877-950|dolly-shoulder-bag-60296879-3718,CONSOLIDATED_SOURCE_PARENTS=gid://shopify/Product/7986341150810|gid://shopify/Product/7986338332762|gid://shopify/Product/7986413011034|gid://shopify/Product/7986423496794|gid://shopify/Product/7986519212122|gid://shopify/Product/7986519408730|gid://shopify/Product/7986519572570 REUSED_PARENT=gid://shopify/Product/7986413011034
2026-09-04T03:50:08.693Z,MIM-T-donna-crossbody-bag,CREATED,gid://shopify/Product/7986341412954,Donna Crossbody Bag,gid://shopify/Product/7986105057370|gid://shopify/Product/7986476777562|gid://shopify/Product/7986479366234,donna-crossbody-bag-60299418-2348|donna-crossbody-bag-60302388-3637|donna-crossbody-bag-60301633-302,CONSOLIDATED_SOURCE_PARENTS=gid://shopify/Product/7986341412954|gid://shopify/Product/7986521342042|gid://shopify/Product/7986524127322 REUSED_PARENT=gid://shopify/Product/7986341412954
2026-09-04T03:50:15.710Z,MIM-T-donna-large-zip-hobo-bag,CREATED,gid://shopify/Product/7986340888666,Donna Large Zip Hobo Bag,gid://shopify/Product/7986104238170|gid://shopify/Product/7986110398554|gid://shopify/Product/7986479202394,donna-large-zip-hobo-bag-60299414-302|donna-large-zip-hobo-bag-60304120-3637|donna-large-zip-hobo-bag-60301632-254,CONSOLIDATED_SOURCE_PARENTS=gid://shopify/Product/7986340888666|gid://shopify/Product/7986342527066|gid://shopify/Product/7986523963482 REUSED_PARENT=gid://shopify/Product/7986340888666
2026-09-04T03:50:25.995Z,MIM-T-donna-small-zip-hobo-bag,CREATED,gid://shopify/Product/7986341052506,Donna Small Zip Hobo Bag,gid://shopify/Product/7986104467546|gid://shopify/Product/7986104664154|gid://shopify/Product/7986104860762|gid://shopify/Product/7986110595162,donna-small-zip-hobo-bag-60299415-302|donna-small-zip-hobo-bag-60299416-2348|donna-small-zip-hobo-bag-60299417-254|donna-small-zip-hobo-bag-60304121-3637,CONSOLIDATED_SOURCE_PARENTS=gid://shopify/Product/7986341052506|gid://shopify/Product/7986341249114|gid://shopify/Product/7986341347418|gid://shopify/Product/7986342690906 REUSED_PARENT=gid://shopify/Product/7986341052506
2026-09-04T03:50:36.863Z,MIM-T-drift-flapover-shoulder-bag,CREATED,gid://shopify/Product/7986329550938,Drift Flapover Shoulder Bag,gid://shopify/Product/7986089263194|gid://shopify/Product/7986089427034|gid://shopify/Product/7986089590874|gid://shopify/Product/7986101223514,drift-flapover-shoulder-bag-60297231-3718|drift-flapover-shoulder-bag-60297232-7569|drift-flapover-shoulder-bag-60297233-3637|drift-flapover-shoulder-bag-60299372-901,CONSOLIDATED_SOURCE_PARENTS=gid://shopify/Product/7986329550938|gid://shopify/Product/7986329747546|gid://shopify/Product/7986329911386|gid://shopify/Product/7986338398298 REUSED_PARENT=gid://shopify/Product/7986329550938
2026-09-04T03:50:46.578Z,MIM-T-drift-shoulder-bag,CREATED,gid://shopify/Product/7986340921434,Drift Shoulder Bag,gid://shopify/Product/7986100240474|gid://shopify/Product/7986100666458|gid://shopify/Product/7986100830298|gid://shopify/Product/7986106957914,drift-shoulder-bag-60299315-116|drift-shoulder-bag-60299317-9480|drift-shoulder-bag-60299355-334|drift-shoulder-bag-60299406-100,CONSOLIDATED_SOURCE_PARENTS=gid://shopify/Product/7986340921434|gid://shopify/Product/7986341216346|gid://shopify/Product/7986341314650|gid://shopify/Product/7986339676250 REUSED_PARENT=gid://shopify/Product/7986340921434
2026-09-04T03:50:59.889Z,MIM-T-eclipse-shoulder-bag,CREATED,gid://shopify/Product/7986503483482,Eclipse Shoulder Bag,gid://shopify/Product/7986458198106|gid://shopify/Product/7986458361946|gid://shopify/Product/7986459213914|gid://shopify/Product/7986461868122|gid://shopify/Product/7986462031962,eclipse-shoulder-bag-60292657-9621|eclipse-shoulder-bag-60292659-901|eclipse-shoulder-bag-60293854-3637|eclipse-shoulder-bag-60295700-7610|eclipse-shoulder-bag-60295701-7576,CONSOLIDATED_SOURCE_PARENTS=gid://shopify/Product/7986503483482|gid://shopify/Product/7986503647322|gid://shopify/Product/7986505285722|gid://shopify/Product/7986507776090|gid://shopify/Product/7986507939930 REUSED_PARENT=gid://shopify/Product/7986503483482
2026-09-04T03:51:04.395Z,MIM-T-electro-sling-cross-body-bag,CREATED,gid://shopify/Product/7986272698458,Electro Sling Cross Body Bag,gid://shopify/Product/7986025431130|gid://shopify/Product/7986026807386,electro-sling-cross-body-bag-60258690-1|electro-sling-cross-body-bag-60259246-974,CONSOLIDATED_SOURCE_PARENTS=gid://shopify/Product/7986272698458|gid://shopify/Product/7986274140250 REUSED_PARENT=gid://shopify/Product/7986272698458
2026-09-04T03:51:08.776Z,MIM-T-enchant-grab-bag,CREATED,gid://shopify/Product/7986360582234,Enchant Grab Bag,gid://shopify/Product/7986129436762|gid://shopify/Product/7986129600602,enchant-grab-bag-60308083-3637|enchant-grab-bag-60308084-1085,CONSOLIDATED_SOURCE_PARENTS=gid://shopify/Product/7986360582234|gid://shopify/Product/7986360778842 REUSED_PARENT=gid://shopify/Product/7986360582234
2026-09-04T03:51:13.615Z,MIM-T-fantasy-crossbody-bag,CREATED,gid://shopify/Product/7986289082458,Fantasy Crossbody Bag,gid://shopify/Product/7986043387994|gid://shopify/Product/7986043519066,fantasy-crossbody-bag-60272658-8898|fantasy-crossbody-bag-60272659-8899,CONSOLIDATED_SOURCE_PARENTS=gid://shopify/Product/7986289082458|gid://shopify/Product/7986289246298 REUSED_PARENT=gid://shopify/Product/7986289082458
2026-09-04T03:51:17.605Z,MIM-T-fitzroy-cb-bg,CREATED,gid://shopify/Product/7986345443418,Fitzroy Cb Bg,gid://shopify/Product/7986110070874|gid://shopify/Product/7986125307994,fitzroy-cb-bg-60305443-263|fitzroy-cb-bg-60308056-3637,CONSOLIDATED_SOURCE_PARENTS=gid://shopify/Product/7986345443418|gid://shopify/Product/7986360418394 REUSED_PARENT=gid://shopify/Product/7986345443418
2026-09-04T03:52:36.499Z,MIM-T-fitzroy-crossbody-bag,FAILED,gid://shopify/Product/7986360090714,Fitzroy Crossbody Bag,,fitzroy-crossbody-bag-60308054-3637|fitzroy-crossbody-bag-60308058-263|fitzroy-crossbody-bag-60308066-55|fitzroy-crossbody-bag-60308069-4068|fitzroy-crossbody-bag-60309149-974|fitzroy-crossbody-bag-60309150-2348,fetch failed
2026-09-04T03:52:43.946Z,MIM-T-fitzroy-hobo-bag,CREATED,gid://shopify/Product/7986359337050,Fitzroy Hobo Bag,gid://shopify/Product/7986128191578|gid://shopify/Product/7986128650330|gid://shopify/Product/7986129272922,fitzroy-hobo-bag-60308070-3637|fitzroy-hobo-bag-60308072-55|fitzroy-hobo-bag-60308080-263,CONSOLIDATED_SOURCE_PARENTS=gid://shopify/Product/7986359337050|gid://shopify/Product/7986359697498|gid://shopify/Product/7986360385626 REUSED_PARENT=gid://shopify/Product/7986359337050
2026-09-04T03:52:52.136Z,MIM-T-flashback-leather-bowler-crossbody-bag,CREATED,gid://shopify/Product/7986311692378,Flashback Leather Bowler Crossbody Bag,gid://shopify/Product/7986071765082|gid://shopify/Product/7986071928922|gid://shopify/Product/7986081824858,flashback-leather-bowler-crossbody-bag-60287733-1|flashback-leather-bowler-crossbody-bag-60287734-238|flashback-leather-bowler-crossbody-bag-60291319-7746,CONSOLIDATED_SOURCE_PARENTS=gid://shopify/Product/7986311692378|gid://shopify/Product/7986311856218|gid://shopify/Product/7986323652698 REUSED_PARENT=gid://shopify/Product/7986311692378
2026-09-04T03:53:05.038Z,MIM-T-flashback-leather-crossbody-bag,CREATED,gid://shopify/Product/7986312478810,Flashback Leather Crossbody Bag,gid://shopify/Product/7986069045338|gid://shopify/Product/7986072420442|gid://shopify/Product/7986072846426|gid://shopify/Product/7986075861082|gid://shopify/Product/7986075992154,flashback-leather-crossbody-bag-60287746-1|flashback-leather-crossbody-bag-60287745-238|flashback-leather-crossbody-bag-60289979-7816|flashback-leather-crossbody-bag-60289970-7746|flashback-leather-crossbody-bag-60289971-100,CONSOLIDATED_SOURCE_PARENTS=gid://shopify/Product/7986312478810|gid://shopify/Product/7986312314970|gid://shopify/Product/7986315853914|gid://shopify/Product/7986315165786|gid://shopify/Product/7986315329626 REUSED_PARENT=gid://shopify/Product/7986312478810
2026-09-04T03:53:12.572Z,MIM-T-flashback-leather-mini-bowler-crossbody-bag,CREATED,gid://shopify/Product/7986309464154,Flashback Leather Mini Bowler Crossbody Bag,gid://shopify/Product/7986069504090|gid://shopify/Product/7986069667930|gid://shopify/Product/7986069831770,flashback-leather-mini-bowler-crossbody-bag-60287671-238|flashback-leather-mini-bowler-crossbody-bag-60287688-1|flashback-leather-mini-bowler-crossbody-bag-60287689-7895,CONSOLIDATED_SOURCE_PARENTS=gid://shopify/Product/7986309464154|gid://shopify/Product/7986309627994|gid://shopify/Product/7986309791834 REUSED_PARENT=gid://shopify/Product/7986309464154
2026-09-04T03:53:19.374Z,MIM-T-flashback-leather-pouch-crossbody-bag,CREATED,gid://shopify/Product/7986312020058,Flashback Leather Pouch Crossbody Bag,gid://shopify/Product/7986072158298|gid://shopify/Product/7986072322138|gid://shopify/Product/7986075598938,flashback-leather-pouch-crossbody-bag-60287741-1|flashback-leather-pouch-crossbody-bag-60287742-238|flashback-leather-pouch-crossbody-bag-60289968-100,CONSOLIDATED_SOURCE_PARENTS=gid://shopify/Product/7986312020058|gid://shopify/Product/7986312183898|gid://shopify/Product/7986315001946 REUSED_PARENT=gid://shopify/Product/7986312020058
2026-09-04T03:53:24.395Z,MIM-T-fleur-day-bag,CREATED,gid://shopify/Product/7986382798938,Fleur Day Bag,gid://shopify/Product/7986156699738|gid://shopify/Product/7986156798042,fleur-day-bag-60312099-1|fleur-day-bag-60312100-126,CONSOLIDATED_SOURCE_PARENTS=gid://shopify/Product/7986382798938|gid://shopify/Product/7986382962778 REUSED_PARENT=gid://shopify/Product/7986382798938
2026-09-04T03:53:32.075Z,MIM-T-fleur-tie-crossbody-bag,CREATED,gid://shopify/Product/7986382372954,Fleur Tie Crossbody Bag,gid://shopify/Product/7986156240986|gid://shopify/Product/7986156404826|gid://shopify/Product/7986156568666,fleur-tie-crossbody-bag-60312094-657|fleur-tie-crossbody-bag-60312095-1|fleur-tie-crossbody-bag-60312098-126,CONSOLIDATED_SOURCE_PARENTS=gid://shopify/Product/7986382372954|gid://shopify/Product/7986382471258|gid://shopify/Product/7986382635098 REUSED_PARENT=gid://shopify/Product/7986382372954
2026-09-04T03:53:36.746Z,MIM-T-flip-side-tote,CREATED,gid://shopify/Product/7986258968666,Flip Side Tote,gid://shopify/Product/7986012094554|gid://shopify/Product/7986016321626,flip-side-tote-60228153-1492|flip-side-tote-60242786-9865,CONSOLIDATED_SOURCE_PARENTS=gid://shopify/Product/7986258968666|gid://shopify/Product/7986263523418 REUSED_PARENT=gid://shopify/Product/7986258968666
2026-09-04T03:53:43.957Z,MIM-T-giselle-mini-saddle-bag,CREATED,gid://shopify/Product/7986361663578,Giselle Mini Saddle Bag,gid://shopify/Product/7986126684250|gid://shopify/Product/7986126848090|gid://shopify/Product/7986126946394,giselle-mini-saddle-bag-60308042-3637|giselle-mini-saddle-bag-60308044-686|giselle-mini-saddle-bag-60308045-9599,CONSOLIDATED_SOURCE_PARENTS=gid://shopify/Product/7986361663578|gid://shopify/Product/7986361696346|gid://shopify/Product/7986358419546 REUSED_PARENT=gid://shopify/Product/7986361663578
2026-09-04T03:53:48.056Z,MIM-T-giselle-saddle-bag,CREATED,gid://shopify/Product/7986358648922,Giselle Saddle Bag,gid://shopify/Product/7986123472986|gid://shopify/Product/7986123669594,giselle-saddle-bag-60308046-3637|giselle-saddle-bag-60308047-9599,CONSOLIDATED_SOURCE_PARENTS=gid://shopify/Product/7986358648922|gid://shopify/Product/7986358845530 REUSED_PARENT=gid://shopify/Product/7986358648922
2026-09-04T03:53:54.703Z,MIM-T-harmony-crossbody-bag,CREATED,gid://shopify/Product/7986293276762,Harmony Crossbody Bag,gid://shopify/Product/7986049744986|gid://shopify/Product/7986049843290|gid://shopify/Product/7986050039898,harmony-crossbody-bag-60277992-3637|harmony-crossbody-bag-60277993-100|harmony-crossbody-bag-60277994-115,CONSOLIDATED_SOURCE_PARENTS=gid://shopify/Product/7986293276762|gid://shopify/Product/7986293440602|gid://shopify/Product/7986293604442 REUSED_PARENT=gid://shopify/Product/7986293276762
2026-09-04T03:54:01.665Z,MIM-T-heirloom-hobo-bag,CREATED,gid://shopify/Product/7986370740314,Heirloom Hobo Bag,gid://shopify/Product/7986139398234|gid://shopify/Product/7986139562074|gid://shopify/Product/7986160173146,heirloom-hobo-bag-60309341-2729|heirloom-hobo-bag-60309342-202|heirloom-hobo-bag-60313103-126,CONSOLIDATED_SOURCE_PARENTS=gid://shopify/Product/7986370740314|gid://shopify/Product/7986370904154|gid://shopify/Product/7986387910746 REUSED_PARENT=gid://shopify/Product/7986370740314
2026-09-04T03:54:08.454Z,MIM-T-heirloom-shoulder-bag,CREATED,gid://shopify/Product/7986388041818,Heirloom Shoulder Bag,gid://shopify/Product/7986160336986|gid://shopify/Product/7986160468058|gid://shopify/Product/7986160664666,heirloom-shoulder-bag-60313104-126|heirloom-shoulder-bag-60313105-202|heirloom-shoulder-bag-60313106-1,CONSOLIDATED_SOURCE_PARENTS=gid://shopify/Product/7986388041818|gid://shopify/Product/7986388205658|gid://shopify/Product/7986388369498 REUSED_PARENT=gid://shopify/Product/7986388041818
2026-09-04T03:54:15.648Z,MIM-T-jett-concertina-crossbody-bag,CREATED,gid://shopify/Product/7986320375898,Jett Concertina Crossbody Bag,gid://shopify/Product/7986078122074|gid://shopify/Product/7986083070042|gid://shopify/Product/7986454986842,jett-concertina-crossbody-bag-60290257-3637|jett-concertina-crossbody-bag-60290629-974|jett-concertina-crossbody-bag-60294485-2351,CONSOLIDATED_SOURCE_PARENTS=gid://shopify/Product/7986320375898|gid://shopify/Product/7986321752154|gid://shopify/Product/7986500239450 REUSED_PARENT=gid://shopify/Product/7986320375898
2026-09-04T03:54:25.418Z,MIM-T-jett-cylinder-crossbody-bag,CREATED,gid://shopify/Product/7986301599834,Jett Cylinder Crossbody Bag,gid://shopify/Product/7986059739226|gid://shopify/Product/7986059935834|gid://shopify/Product/7986065604698|gid://shopify/Product/7986065932378,jett-cylinder-crossbody-bag-60283868-3637|jett-cylinder-crossbody-bag-60283870-511|jett-cylinder-crossbody-bag-60286090-84|jett-cylinder-crossbody-bag-60286109-9366,CONSOLIDATED_SOURCE_PARENTS=gid://shopify/Product/7986301599834|gid://shopify/Product/7986301763674|gid://shopify/Product/7986309496922|gid://shopify/Product/7986309759066 REUSED_PARENT=gid://shopify/Product/7986301599834
2026-09-04T03:54:43.037Z,MIM-T-jett-duo-crossbody-bag,CREATED,gid://shopify/Product/7986301304922,Jett Duo Crossbody Bag,gid://shopify/Product/7986059444314|gid://shopify/Product/7986059575386|gid://shopify/Product/7986061770842|gid://shopify/Product/7986066063450|gid://shopify/Product/7986068095066|gid://shopify/Product/7986068324442|gid://shopify/Product/7986070814810,jett-duo-crossbody-bag-60283865-3637|jett-duo-crossbody-bag-60283866-2351|jett-duo-crossbody-bag-60284432-974|jett-duo-crossbody-bag-60286110-9366|jett-duo-crossbody-bag-60286145-7911|jett-duo-crossbody-bag-60287165-268|jett-duo-crossbody-bag-60287774-7897,CONSOLIDATED_SOURCE_PARENTS=gid://shopify/Product/7986301304922|gid://shopify/Product/7986301468762|gid://shopify/Product/7986306678874|gid://shopify/Product/7986309955674|gid://shopify/Product/7986308513882|gid://shopify/Product/7986308776026|gid://shopify/Product/7986314018906 REUSED_PARENT=gid://shopify/Product/7986301304922
2026-09-04T03:54:58.367Z,MIM-T-jett-flapover-crossbody-bag,CREATED,gid://shopify/Product/7986323062874,Jett Flapover Crossbody Bag,gid://shopify/Product/7986081398874|gid://shopify/Product/7986081595482|gid://shopify/Product/7986089033818|gid://shopify/Product/7986101977178|gid://shopify/Product/7986141495386|gid://shopify/Product/7986454397018,jett-flapover-crossbody-bag-60290738-871|jett-flapover-crossbody-bag-60290739-9901|jett-flapover-crossbody-bag-60297101-7658|jett-flapover-crossbody-bag-60299193-2348|jett-flapover-crossbody-bag-60310260-2351|jett-flapover-crossbody-bag-60293906-974,CONSOLIDATED_SOURCE_PARENTS=gid://shopify/Product/7986323062874|gid://shopify/Product/7986323226714|gid://shopify/Product/7986329485402|gid://shopify/Product/7986339709018|gid://shopify/Product/7986371821658|gid://shopify/Product/7986499780698 REUSED_PARENT=gid://shopify/Product/7986323062874
2026-09-04T03:55:08.560Z,MIM-T-jett-mini-crossbody-bag,CREATED,gid://shopify/Product/7986304319578,Jett Mini Crossbody Bag,gid://shopify/Product/7986059051098|gid://shopify/Product/7986059214938|gid://shopify/Product/7986061803610|gid://shopify/Product/7986067996762,jett-mini-crossbody-bag-60283860-3637|jett-mini-crossbody-bag-60283861-2351|jett-mini-crossbody-bag-60284954-6662|jett-mini-crossbody-bag-60287163-2729,CONSOLIDATED_SOURCE_PARENTS=gid://shopify/Product/7986304319578|gid://shopify/Product/7986301075546|gid://shopify/Product/7986306383962|gid://shopify/Product/7986308481114 REUSED_PARENT=gid://shopify/Product/7986304319578
2026-09-04T03:55:13.142Z,MIM-T-jett-phone-crossbody-bag,CREATED,gid://shopify/Product/7986320474202,Jett Phone Crossbody Bag,gid://shopify/Product/7986077859930|gid://shopify/Product/7986078023770,jett-phone-crossbody-bag-60290224-100|jett-phone-crossbody-bag-60290225-3637,CONSOLIDATED_SOURCE_PARENTS=gid://shopify/Product/7986320474202|gid://shopify/Product/7986320638042 REUSED_PARENT=gid://shopify/Product/7986320474202
2026-09-04T03:55:21.943Z,MIM-T-lily-crescent-crossbody-bag,CREATED,gid://shopify/Product/7986397282394,Lily Crescent Crossbody Bag,gid://shopify/Product/7986178949210|gid://shopify/Product/7986179113050|gid://shopify/Product/7986179342426|gid://shopify/Product/7986179539034,lily-crescent-crossbody-bag-60314371-974|lily-crescent-crossbody-bag-60314372-1|lily-crescent-crossbody-bag-60314373-657|lily-crescent-crossbody-bag-60314374-6012,CONSOLIDATED_SOURCE_PARENTS=gid://shopify/Product/7986397282394|gid://shopify/Product/7986397446234|gid://shopify/Product/7986397610074|gid://shopify/Product/7986397773914 REUSED_PARENT=gid://shopify/Product/7986397282394
2026-09-04T03:55:29.013Z,MIM-T-lily-shoulder-day-bag,CREATED,gid://shopify/Product/7986397937754,Lily Shoulder Day Bag,gid://shopify/Product/7986179735642|gid://shopify/Product/7986185994330|gid://shopify/Product/7986186158170,lily-shoulder-day-bag-60314375-974|lily-shoulder-day-bag-60315913-6012|lily-shoulder-day-bag-60315914-1,CONSOLIDATED_SOURCE_PARENTS=gid://shopify/Product/7986397937754|gid://shopify/Product/7986404851802|gid://shopify/Product/7986405015642 REUSED_PARENT=gid://shopify/Product/7986397937754
2026-09-04T03:55:43.963Z,MIM-T-luna-crescent-bag,CREATED,gid://shopify/Product/7986409734234,Luna Crescent Bag,gid://shopify/Product/7986194415706|gid://shopify/Product/7986047287386|gid://shopify/Product/7986047516762|gid://shopify/Product/7986053840986|gid://shopify/Product/7986194251866|gid://shopify/Product/7986227085402,luna-crescent-bag-60277251-3637|luna-crescent-bag-60277252-974|luna-crescent-bag-60281020-100|luna-crescent-bag-60317987-240|luna-crescent-bag-60317988-1|luna-crescent-bag-60322540-115,CONSOLIDATED_SOURCE_PARENTS=gid://shopify/Product/7986291343450|gid://shopify/Product/7986291507290|gid://shopify/Product/7986296324186|gid://shopify/Product/7986409570394|gid://shopify/Product/7986409734234|gid://shopify/Product/7986430017626 REUSED_PARENT=gid://shopify/Product/7986409734234
2026-09-04T03:55:51.028Z,MIM-T-luna-micro-crossbody-bag,CREATED,gid://shopify/Product/7986295504986,Luna Micro Crossbody Bag,gid://shopify/Product/7986052399194|gid://shopify/Product/7986052431962|gid://shopify/Product/7986053677146,luna-micro-crossbody-bag-60281008-8078|luna-micro-crossbody-bag-60281010-8813|luna-micro-crossbody-bag-60281017-9921,CONSOLIDATED_SOURCE_PARENTS=gid://shopify/Product/7986295504986|gid://shopify/Product/7986295668826|gid://shopify/Product/7986296160346 REUSED_PARENT=gid://shopify/Product/7986295504986
2026-09-04T03:56:05.462Z,MIM-T-luna-mini-crescent-bag,CREATED,gid://shopify/Product/7986410029146,Luna Mini Crescent Bag,gid://shopify/Product/7986194677850|gid://shopify/Product/7986052563034|gid://shopify/Product/7986194579546|gid://shopify/Product/7986194808922,luna-mini-crescent-bag-60281012-3078|luna-mini-crescent-bag-60317989-240|luna-mini-crescent-bag-60317990-1|luna-mini-crescent-bag-60317991-974,CONSOLIDATED_SOURCE_PARENTS=gid://shopify/Product/7986295865434|gid://shopify/Product/7986409898074|gid://shopify/Product/7986410029146|gid://shopify/Product/7986410192986 REUSED_PARENT=gid://shopify/Product/7986410029146
2026-09-04T03:56:10.240Z,MIM-T-majesty-evening-bag,CREATED,gid://shopify/Product/7986269421658,Majesty Evening Bag,gid://shopify/Product/7986022056026|gid://shopify/Product/7986025463898,majesty-evening-bag-60255353-974|majesty-evening-bag-60255352-9621,CONSOLIDATED_SOURCE_PARENTS=gid://shopify/Product/7986269421658|gid://shopify/Product/7986272960602 REUSED_PARENT=gid://shopify/Product/7986269421658
2026-09-04T03:56:18.264Z,MIM-T-mayara-clutch-bag,CREATED,gid://shopify/Product/7986354028634,Mayara Clutch Bag,gid://shopify/Product/7986120228954|gid://shopify/Product/7986120425562|gid://shopify/Product/7986120523866,mayara-clutch-bag-60307582-3637|mayara-clutch-bag-60307583-238|mayara-clutch-bag-60307584-178,CONSOLIDATED_SOURCE_PARENTS=gid://shopify/Product/7986354028634|gid://shopify/Product/7986354225242|gid://shopify/Product/7986354389082 REUSED_PARENT=gid://shopify/Product/7986354028634
2026-09-04T03:56:25.784Z,MIM-T-mayara-crossbody-bag,CREATED,gid://shopify/Product/7986356912218,Mayara Crossbody Bag,gid://shopify/Product/7986125111386|gid://shopify/Product/7986125275226|gid://shopify/Product/7986125439066,mayara-crossbody-bag-60308007-950|mayara-crossbody-bag-60308008-1|mayara-crossbody-bag-60308009-238,CONSOLIDATED_SOURCE_PARENTS=gid://shopify/Product/7986356912218|gid://shopify/Product/7986357076058|gid://shopify/Product/7986357239898 REUSED_PARENT=gid://shopify/Product/7986356912218
2026-09-04T03:56:37.135Z,MIM-T-mayara-mini-tote-bag,CREATED,gid://shopify/Product/7986349932634,Mayara Mini Tote Bag,gid://shopify/Product/7986113118298|gid://shopify/Product/7986114560090|gid://shopify/Product/7986114723930|gid://shopify/Product/7986124914778,mayara-mini-tote-bag-60306476-178|mayara-mini-tote-bag-60306142-238|mayara-mini-tote-bag-60306144-3637|mayara-mini-tote-bag-60308006-950,CONSOLIDATED_SOURCE_PARENTS=gid://shopify/Product/7986349932634|gid://shopify/Product/7986351210586|gid://shopify/Product/7986351407194|gid://shopify/Product/7986356715610 REUSED_PARENT=gid://shopify/Product/7986349932634
2026-09-04T03:56:44.682Z,MIM-T-mayara-tote-bag,CREATED,gid://shopify/Product/7986350882906,Mayara Tote Bag,gid://shopify/Product/7986114134106|gid://shopify/Product/7986114396250|gid://shopify/Product/7986124750938,mayara-tote-bag-60306117-3637|mayara-tote-bag-60306141-238|mayara-tote-bag-60308005-950,CONSOLIDATED_SOURCE_PARENTS=gid://shopify/Product/7986350882906|gid://shopify/Product/7986351046746|gid://shopify/Product/7986356584538 REUSED_PARENT=gid://shopify/Product/7986350882906
2026-09-04T03:56:52.395Z,MIM-T-metro-crossbody-bag,CREATED,gid://shopify/Product/7986358190170,Metro Crossbody Bag,gid://shopify/Product/7986122653786|gid://shopify/Product/7986122817626|gid://shopify/Product/7986122948698,metro-crossbody-bag-60307923-1164|metro-crossbody-bag-60307924-1|metro-crossbody-bag-60307925-119,CONSOLIDATED_SOURCE_PARENTS=gid://shopify/Product/7986358190170|gid://shopify/Product/7986355077210|gid://shopify/Product/7986355273818 REUSED_PARENT=gid://shopify/Product/7986358190170
2026-09-04T03:57:10.281Z,MIM-T-metro-mini-tote-bag,CREATED,gid://shopify/Product/7986346557530,Metro Mini Tote Bag,gid://shopify/Product/7986108235866|gid://shopify/Product/7986111086682|gid://shopify/Product/7986122457178|gid://shopify/Product/7986135662682|gid://shopify/Product/7986141266010|gid://shopify/Product/7986154405978,metro-mini-tote-bag-60305451-955|metro-mini-tote-bag-60305449-119|metro-mini-tote-bag-60307914-1164|metro-mini-tote-bag-60309153-9466|metro-mini-tote-bag-60310176-974|metro-mini-tote-bag-60311986-6525,CONSOLIDATED_SOURCE_PARENTS=gid://shopify/Product/7986346557530|gid://shopify/Product/7986346229850|gid://shopify/Product/7986358026330|gid://shopify/Product/7986365988954|gid://shopify/Product/7986369101914|gid://shopify/Product/7986380275802 REUSED_PARENT=gid://shopify/Product/7986346557530
2026-09-04T03:57:14.677Z,MIM-T-metro-worker-tote-bag,CREATED,gid://shopify/Product/7986346098778,Metro Worker Tote Bag,gid://shopify/Product/7986110922842|gid://shopify/Product/7986182422618,metro-worker-tote-bag-60305448-119|metro-worker-tote-bag-60314900-974,CONSOLIDATED_SOURCE_PARENTS=gid://shopify/Product/7986346098778|gid://shopify/Product/7986402033754 REUSED_PARENT=gid://shopify/Product/7986346098778
2026-09-04T03:57:19.299Z,MIM-T-mila-crossbody-bag,CREATED,gid://shopify/Product/7986358878298,Mila Crossbody Bag,gid://shopify/Product/7986123767898|gid://shopify/Product/7986123964506,mila-crossbody-bag-60308021-8816|mila-crossbody-bag-60308022-1085,CONSOLIDATED_SOURCE_PARENTS=gid://shopify/Product/7986358878298|gid://shopify/Product/7986359009370 REUSED_PARENT=gid://shopify/Product/7986358878298
2026-09-04T03:57:25.762Z,MIM-T-mila-grab-bag,CREATED,gid://shopify/Product/7986359205978,Mila Grab Bag,gid://shopify/Product/7986124128346|gid://shopify/Product/7986124456026,mila-grab-bag-60308023-8816|mila-grab-bag-60308025-1085,CONSOLIDATED_SOURCE_PARENTS=gid://shopify/Product/7986359205978|gid://shopify/Product/7986359533658 REUSED_PARENT=gid://shopify/Product/7986359205978
2026-09-04T03:57:30.152Z,MIM-T-mila-shoulder-bag,CREATED,gid://shopify/Product/7986358714458,Mila Shoulder Bag,gid://shopify/Product/7986123604058|gid://shopify/Product/7986126749786,mila-shoulder-bag-60308020-1085|mila-shoulder-bag-60308018-8816,CONSOLIDATED_SOURCE_PARENTS=gid://shopify/Product/7986358714458|gid://shopify/Product/7986358517850 REUSED_PARENT=gid://shopify/Product/7986358714458
2026-09-04T03:57:34.657Z,MIM-T-mim-couch-bag,CREATED,gid://shopify/Product/7986262769754,Mim Couch Bag,gid://shopify/Product/7986015240282|gid://shopify/Product/7986015764570,mim-couch-bag-60237707-1|mim-couch-bag-60239556-1492,CONSOLIDATED_SOURCE_PARENTS=gid://shopify/Product/7986262769754|gid://shopify/Product/7986263326810 REUSED_PARENT=gid://shopify/Product/7986262769754
2026-09-04T03:57:41.475Z,MIM-T-mim-mazing-duo-crossbody-bag,CREATED,gid://shopify/Product/7986278137946,Mim-Mazing Duo Crossbody Bag,gid://shopify/Product/7986030706778|gid://shopify/Product/7986035097690|gid://shopify/Product/7986036768858,mim-mazing-duo-crossbody-bag-60266732-9621|mim-mazing-duo-crossbody-bag-60268854-2351|mim-mazing-duo-crossbody-bag-60269410-9420,CONSOLIDATED_SOURCE_PARENTS=gid://shopify/Product/7986278137946|gid://shopify/Product/7986282168410|gid://shopify/Product/7986283642970 REUSED_PARENT=gid://shopify/Product/7986278137946
2026-09-04T03:57:45.308Z,MIM-T-mim-pouch-shldr-bag,CREATED,gid://shopify/Product/8037179097178,Mim Pouch Shldr Bag,gid://shopify/Product/8037178900570|gid://shopify/Product/8076263358554,mim-pouch-shldr-bag-60322609-200|mim-pouch-shldr-bag-60324714-1,CONSOLIDATED_SOURCE_PARENTS=gid://shopify/Product/8037179097178|gid://shopify/Product/8076263391322 REUSED_PARENT=gid://shopify/Product/8037179097178
2026-09-04T03:57:52.375Z,MIM-T-misty-grab-crossbody-bag,CREATED,gid://shopify/Product/7986380996698,Misty Grab Crossbody Bag,gid://shopify/Product/7986155159642|gid://shopify/Product/7986154831962|gid://shopify/Product/7986154995802,misty-grab-crossbody-bag-60311988-2348|misty-grab-crossbody-bag-60311989-465|misty-grab-crossbody-bag-60311990-1,CONSOLIDATED_SOURCE_PARENTS=gid://shopify/Product/7986380701786|gid://shopify/Product/7986380865626|gid://shopify/Product/7986380996698 REUSED_PARENT=gid://shopify/Product/7986380996698
2026-09-04T03:58:02.042Z,MIM-T-natalie-crossbody-bag,CREATED,gid://shopify/Product/7986346328154,Natalie Crossbody Bag,gid://shopify/Product/7986107940954|gid://shopify/Product/7986108104794|gid://shopify/Product/7986108268634|gid://shopify/Product/7986108432474,natalie-crossbody-bag-60305789-1085|natalie-crossbody-bag-60305790-9599|natalie-crossbody-bag-60305791-88|natalie-crossbody-bag-60305792-3637,CONSOLIDATED_SOURCE_PARENTS=gid://shopify/Product/7986346328154|gid://shopify/Product/7986346491994|gid://shopify/Product/7986346688602|gid://shopify/Product/7986346852442 REUSED_PARENT=gid://shopify/Product/7986346328154
2026-09-04T03:58:14.693Z,MIM-T-natalie-mini-tote-bag,CREATED,gid://shopify/Product/7986345869402,Natalie Mini Tote Bag,gid://shopify/Product/7986111414362|gid://shopify/Product/7986111479898|gid://shopify/Product/7986111512666,natalie-mini-tote-bag-60305786-3637|natalie-mini-tote-bag-60305787-88|natalie-mini-tote-bag-60305788-1085,CONSOLIDATED_SOURCE_PARENTS=gid://shopify/Product/7986345869402|gid://shopify/Product/7986346000474|gid://shopify/Product/7986346197082 REUSED_PARENT=gid://shopify/Product/7986345869402
2026-09-04T03:58:20.197Z,MIM-T-natalie-tote-bag,CREATED,gid://shopify/Product/7986345574490,Natalie Tote Bag,gid://shopify/Product/7986111217754|gid://shopify/Product/7986111348826,natalie-tote-bag-60305753-3637|natalie-tote-bag-60305763-9599,CONSOLIDATED_SOURCE_PARENTS=gid://shopify/Product/7986345574490|gid://shopify/Product/7986345705562 REUSED_PARENT=gid://shopify/Product/7986345574490
2026-09-04T03:59:00.349Z,MIM-T-northcote-camera-crossbody-bag,CREATED,gid://shopify/Product/7986330894426,Northcote Camera Crossbody Bag,gid://shopify/Product/7986090410074|gid://shopify/Product/7986090573914|gid://shopify/Product/7986090770522|gid://shopify/Product/7986100600922|gid://shopify/Product/7986104434778|gid://shopify/Product/7986107908186|gid://shopify/Product/7986108170330|gid://shopify/Product/7986135203930|gid://shopify/Product/7986141134938|gid://shopify/Product/7986154176602|gid://shopify/Product/7986182094938|gid://shopify/Product/7986182258778|gid://shopify/Product/7986472058970|gid://shopify/Product/7986487623770|gid://shopify/Product/7986487787610,northcote-camera-crossbody-bag-60297175-3637|northcote-camera-crossbody-bag-60297177-268|northcote-camera-crossbody-bag-60297178-116|northcote-camera-crossbody-bag-60299122-6522|northcote-camera-crossbody-bag-60299598-777|northcote-camera-crossbody-bag-60304106-955|northcote-camera-crossbody-bag-60304107-263|northcote-camera-crossbody-bag-60309147-3510|northcote-camera-crossbody-bag-60310175-2729|northcote-camera-crossbody-bag-60311985-974|northcote-camera-crossbody-bag-60314896-3868|northcote-camera-crossbody-bag-60314897-7735|northcote-camera-crossbody-bag-60299859-302|northcote-camera-crossbody-bag-60304104-1085|northcote-camera-crossbody-bag-60304105-55,CONSOLIDATED_SOURCE_PARENTS=gid://shopify/Product/7986330894426|gid://shopify/Product/7986331025498|gid://shopify/Product/7986331189338|gid://shopify/Product/7986338299994|gid://shopify/Product/7986343542874|gid://shopify/Product/7986344099930|gid://shopify/Product/7986344362074|gid://shopify/Product/7986365431898|gid://shopify/Product/7986368938074|gid://shopify/Product/7986380111962|gid://shopify/Product/7986401804378|gid://shopify/Product/7986401968218|gid://shopify/Product/7986517999706|gid://shopify/Product/7986531270746|gid://shopify/Product/7986531434586 REUSED_PARENT=gid://shopify/Product/7986330894426
2026-09-04T03:59:09.858Z,MIM-T-orbit-crossbody-bag,CREATED,gid://shopify/Product/7986327617626,Orbit Crossbody Bag,gid://shopify/Product/7986086740058|gid://shopify/Product/7986087002202|gid://shopify/Product/7986087166042|gid://shopify/Product/7986457509978,orbit-crossbody-bag-60292193-84|orbit-crossbody-bag-60292195-9621|orbit-crossbody-bag-60292196-7730|orbit-crossbody-bag-60294212-100,CONSOLIDATED_SOURCE_PARENTS=gid://shopify/Product/7986327617626|gid://shopify/Product/7986327781466|gid://shopify/Product/7986327945306|gid://shopify/Product/7986503516250 REUSED_PARENT=gid://shopify/Product/7986327617626
2026-09-04T03:59:16.957Z,MIM-T-orbit-mini-tote-bag,CREATED,gid://shopify/Product/7986327453786,Orbit Mini Tote Bag,gid://shopify/Product/7986086543450|gid://shopify/Product/7986454495322|gid://shopify/Product/7986457641050,orbit-mini-tote-bag-60292191-9621|orbit-mini-tote-bag-60294481-100|orbit-mini-tote-bag-60294213-84,CONSOLIDATED_SOURCE_PARENTS=gid://shopify/Product/7986327453786|gid://shopify/Product/7986506760282|gid://shopify/Product/7986503712858 REUSED_PARENT=gid://shopify/Product/7986327453786
2026-09-04T03:59:21.407Z,MIM-T-palm-springs-basket-bag,CREATED,gid://shopify/Product/7986340135002,Palm Springs Basket Bag,gid://shopify/Product/7986107318362|gid://shopify/Product/7986107416666,palm-springs-basket-bag-60299409-3637|palm-springs-basket-bag-60299410-100,CONSOLIDATED_SOURCE_PARENTS=gid://shopify/Product/7986340135002|gid://shopify/Product/7986340298842 REUSED_PARENT=gid://shopify/Product/7986340135002
2026-09-04T03:59:25.480Z,MIM-T-palm-springs-mini-basket-bag,CREATED,gid://shopify/Product/7986340462682,Palm Springs Mini Basket Bag,gid://shopify/Product/7986107514970|gid://shopify/Product/7986107613274,palm-springs-mini-basket-bag-60299411-100|palm-springs-mini-basket-bag-60299412-3637,CONSOLIDATED_SOURCE_PARENTS=gid://shopify/Product/7986340462682|gid://shopify/Product/7986340659290 REUSED_PARENT=gid://shopify/Product/7986340462682
2026-09-04T03:59:29.859Z,MIM-T-patch-leather-micro-tote-bag,CREATED,gid://shopify/Product/7986503188570,Patch Leather Micro Tote Bag,gid://shopify/Product/7986457116762|gid://shopify/Product/7986457313370,patch-leather-micro-tote-bag-60294204-3637|patch-leather-micro-tote-bag-60294207-7898,CONSOLIDATED_SOURCE_PARENTS=gid://shopify/Product/7986503188570|gid://shopify/Product/7986503352410 REUSED_PARENT=gid://shopify/Product/7986503188570
2026-09-04T03:59:44.813Z,MIM-T-patch-leather-mini-tote-bag,CREATED,gid://shopify/Product/7986384011354,Patch Leather Mini Tote Bag,gid://shopify/Product/7986159321178|gid://shopify/Product/7986087526490|gid://shopify/Product/7986159648858|gid://shopify/Product/7986456264794|gid://shopify/Product/7986456625242|gid://shopify/Product/7986458755162,patch-leather-mini-tote-bag-60292211-7700|patch-leather-mini-tote-bag-60312851-1|patch-leather-mini-tote-bag-60312855-9599|patch-leather-mini-tote-bag-60292391-974|patch-leather-mini-tote-bag-60294187-3637|patch-leather-mini-tote-bag-60293850-7898,CONSOLIDATED_SOURCE_PARENTS=gid://shopify/Product/7986324865114|gid://shopify/Product/7986384011354|gid://shopify/Product/7986384470106|gid://shopify/Product/7986501615706|gid://shopify/Product/7986502533210|gid://shopify/Product/7986504761434 REUSED_PARENT=gid://shopify/Product/7986384011354
2026-09-04T03:59:54.540Z,MIM-T-patch-leather-tote-bag,CREATED,gid://shopify/Product/7986383814746,Patch Leather Tote Bag,gid://shopify/Product/7986159157338|gid://shopify/Product/7986159485018|gid://shopify/Product/7986456461402|gid://shopify/Product/7986456920154,patch-leather-tote-bag-60312850-1|patch-leather-tote-bag-60312854-9599|patch-leather-tote-bag-60294186-3637|patch-leather-tote-bag-60292408-974,CONSOLIDATED_SOURCE_PARENTS=gid://shopify/Product/7986383814746|gid://shopify/Product/7986384207962|gid://shopify/Product/7986502336602|gid://shopify/Product/7986502238298 REUSED_PARENT=gid://shopify/Product/7986383814746
2026-09-04T04:00:03.299Z,MIM-T-prahran-crossbody-bag,CREATED,gid://shopify/Product/7986332500058,Prahran Crossbody Bag,gid://shopify/Product/7986093162586|gid://shopify/Product/7986093326426|gid://shopify/Product/7986093490266|gid://shopify/Product/7986093719642,prahran-crossbody-bag-60298228-3637|prahran-crossbody-bag-60298229-268|prahran-crossbody-bag-60298230-9480|prahran-crossbody-bag-60298231-7567,CONSOLIDATED_SOURCE_PARENTS=gid://shopify/Product/7986332500058|gid://shopify/Product/7986332598362|gid://shopify/Product/7986332762202|gid://shopify/Product/7986332958810 REUSED_PARENT=gid://shopify/Product/7986332500058
2026-09-04T04:00:12.965Z,MIM-T-preston-crescent-crossbody-bag,CREATED,gid://shopify/Product/7986365366362,Preston Crescent Crossbody Bag,gid://shopify/Product/7986136809562|gid://shopify/Product/7986137006170|gid://shopify/Product/7986137137242|gid://shopify/Product/7986140577882,preston-crescent-crossbody-bag-60309172-2348|preston-crescent-crossbody-bag-60309173-974|preston-crescent-crossbody-bag-60309174-1|preston-crescent-crossbody-bag-60310113-7760,CONSOLIDATED_SOURCE_PARENTS=gid://shopify/Product/7986365366362|gid://shopify/Product/7986365595738|gid://shopify/Product/7986365726810|gid://shopify/Product/7986371428442 REUSED_PARENT=gid://shopify/Product/7986365366362
2026-09-04T04:00:30.702Z,MIM-T-preston-crossbody-bag,CREATED,gid://shopify/Product/7986377228378,Preston Crossbody Bag,gid://shopify/Product/7986147098714|gid://shopify/Product/7986147590234|gid://shopify/Product/7986155552858|gid://shopify/Product/7986155815002|gid://shopify/Product/7986156044378|gid://shopify/Product/7986186485850,preston-crossbody-bag-60310868-974|preston-crossbody-bag-60310870-2348|preston-crossbody-bag-60311999-332|preston-crossbody-bag-60312001-100|preston-crossbody-bag-60312234-657|preston-crossbody-bag-60315928-9787,CONSOLIDATED_SOURCE_PARENTS=gid://shopify/Product/7986377228378|gid://shopify/Product/7986377719898|gid://shopify/Product/7986381553754|gid://shopify/Product/7986381717594|gid://shopify/Product/7986384666714|gid://shopify/Product/7986402295898 REUSED_PARENT=gid://shopify/Product/7986377228378
2026-09-04T04:00:38.164Z,MIM-T-preston-mini-tote-bag,CREATED,gid://shopify/Product/7986402656346,Preston Mini Tote Bag,gid://shopify/Product/7986182979674|gid://shopify/Product/7986182619226|gid://shopify/Product/7986182783066,preston-mini-tote-bag-60314914-2348|preston-mini-tote-bag-60314915-974|preston-mini-tote-bag-60314916-1,CONSOLIDATED_SOURCE_PARENTS=gid://shopify/Product/7986402263130|gid://shopify/Product/7986402492506|gid://shopify/Product/7986402656346 REUSED_PARENT=gid://shopify/Product/7986402656346
2026-09-04T04:00:45.253Z,MIM-T-preston-tote-bag,CREATED,gid://shopify/Product/7986368381018,Preston Tote Bag,gid://shopify/Product/7986136219738|gid://shopify/Product/7986136449114|gid://shopify/Product/7986136612954,preston-tote-bag-60309169-1|preston-tote-bag-60309170-974|preston-tote-bag-60309171-2348,CONSOLIDATED_SOURCE_PARENTS=gid://shopify/Product/7986368381018|gid://shopify/Product/7986368446554|gid://shopify/Product/7986365235290 REUSED_PARENT=gid://shopify/Product/7986368381018
2026-09-04T04:00:52.453Z,MIM-T-prism-clutch-bag,CREATED,gid://shopify/Product/7986359664730,Prism Clutch Bag,gid://shopify/Product/7986124619866|gid://shopify/Product/7986125013082|gid://shopify/Product/7986125242458,prism-clutch-bag-60308027-3637|prism-clutch-bag-60308030-263|prism-clutch-bag-60308032-1979,CONSOLIDATED_SOURCE_PARENTS=gid://shopify/Product/7986359664730|gid://shopify/Product/7986359992410|gid://shopify/Product/7986360189018 REUSED_PARENT=gid://shopify/Product/7986359664730
2026-09-04T04:00:59.242Z,MIM-T-puffy-crossbody-bag,CREATED,gid://shopify/Product/7986508759130,Puffy Crossbody Bag,gid://shopify/Product/7986462818394|gid://shopify/Product/7986462982234|gid://shopify/Product/7986463146074,puffy-crossbody-bag-60295711-3637|puffy-crossbody-bag-60295712-116|puffy-crossbody-bag-60295713-6011,CONSOLIDATED_SOURCE_PARENTS=gid://shopify/Product/7986508759130|gid://shopify/Product/7986508922970|gid://shopify/Product/7986509086810 REUSED_PARENT=gid://shopify/Product/7986508759130
2026-09-04T04:01:03.580Z,MIM-T-puffy-leather-mini-crossbody-bag,CREATED,gid://shopify/Product/7986527109210,Puffy Leather Mini Crossbody Bag,gid://shopify/Product/7986475139162|gid://shopify/Product/7986475270234,puffy-leather-mini-crossbody-bag-60301251-3637|puffy-leather-mini-crossbody-bag-60301252-116,CONSOLIDATED_SOURCE_PARENTS=gid://shopify/Product/7986527109210|gid://shopify/Product/7986527273050 REUSED_PARENT=gid://shopify/Product/7986527109210
2026-09-04T04:01:08.067Z,MIM-T-rebel-fringe-hobo-bag,CREATED,gid://shopify/Product/7986398101594,Rebel Fringe Hobo Bag,gid://shopify/Product/7986179866714|gid://shopify/Product/7986180259930,rebel-fringe-hobo-bag-60314387-1|rebel-fringe-hobo-bag-60314389-203,CONSOLIDATED_SOURCE_PARENTS=gid://shopify/Product/7986398101594|gid://shopify/Product/7986398429274 REUSED_PARENT=gid://shopify/Product/7986398101594
2026-09-04T04:01:12.414Z,MIM-T-rebel-fringe-shoulder-bag,CREATED,gid://shopify/Product/7986398265434,Rebel Fringe Shoulder Bag,gid://shopify/Product/7986180096090|gid://shopify/Product/7986180489306,rebel-fringe-shoulder-bag-60314388-1|rebel-fringe-shoulder-bag-60314390-203,CONSOLIDATED_SOURCE_PARENTS=gid://shopify/Product/7986398265434|gid://shopify/Product/7986398593114 REUSED_PARENT=gid://shopify/Product/7986398265434
2026-09-04T04:01:16.909Z,MIM-T-retrospect-tote-bag,CREATED,gid://shopify/Product/7986313068634,Retrospect Tote Bag,gid://shopify/Product/7986069602394|gid://shopify/Product/7986069766234,retrospect-tote-bag-60287917-238|retrospect-tote-bag-60287918-1,CONSOLIDATED_SOURCE_PARENTS=gid://shopify/Product/7986313068634|gid://shopify/Product/7986313199706 REUSED_PARENT=gid://shopify/Product/7986313068634
2026-09-04T04:01:23.686Z,MIM-T-robin-bowler-bag,CREATED,gid://shopify/Product/7986368315482,Robin Bowler Bag,gid://shopify/Product/7986136285274|gid://shopify/Product/7986136416346|gid://shopify/Product/7986136547418,robin-bowler-bag-60309223-1|robin-bowler-bag-60309224-6525|robin-bowler-bag-60309225-202,CONSOLIDATED_SOURCE_PARENTS=gid://shopify/Product/7986368315482|gid://shopify/Product/7986365268058|gid://shopify/Product/7986365399130 REUSED_PARENT=gid://shopify/Product/7986368315482
2026-09-04T04:01:27.928Z,MIM-T-robin-mini-bowler-crossbody-bag,CREATED,gid://shopify/Product/7986366447706,Robin Mini Bowler Crossbody Bag,gid://shopify/Product/7986137366618|gid://shopify/Product/7986137464922,robin-mini-bowler-crossbody-bag-60309250-1|robin-mini-bowler-crossbody-bag-60309251-6525,CONSOLIDATED_SOURCE_PARENTS=gid://shopify/Product/7986366447706|gid://shopify/Product/7986366611546 REUSED_PARENT=gid://shopify/Product/7986366447706
2026-09-04T04:01:32.842Z,MIM-T-savor-hobo-bag,CREATED,gid://shopify/Product/7986284986458,Savor Hobo Bag,gid://shopify/Product/7986038571098|gid://shopify/Product/7986038767706,savor-hobo-bag-60270546-974|savor-hobo-bag-60270548-9420,CONSOLIDATED_SOURCE_PARENTS=gid://shopify/Product/7986284986458|gid://shopify/Product/7986285117530 REUSED_PARENT=gid://shopify/Product/7986284986458
2026-09-04T04:01:46.510Z,MIM-T-shield-crossbody-bag,CREATED,gid://shopify/Product/7986411602010,Shield Crossbody Bag,gid://shopify/Product/7986193563738|gid://shopify/Product/7986193727578|gid://shopify/Product/7986193989722|gid://shopify/Product/7986194153562,shield-crossbody-bag-60318011-1|shield-crossbody-bag-60318012-9787|shield-crossbody-bag-60318013-602|shield-crossbody-bag-60318014-202,CONSOLIDATED_SOURCE_PARENTS=gid://shopify/Product/7986411602010|gid://shopify/Product/7986411798618|gid://shopify/Product/7986411962458|gid://shopify/Product/7986412453978 REUSED_PARENT=gid://shopify/Product/7986411602010
2026-09-04T04:02:04.278Z,MIM-T-shield-hobo-bag,CREATED,gid://shopify/Product/7986411012186,Shield Hobo Bag,gid://shopify/Product/7986192777306|gid://shopify/Product/7986192941146|gid://shopify/Product/7986208374874|gid://shopify/Product/7986462163034|gid://shopify/Product/7986462326874|gid://shopify/Product/7986476941402|gid://shopify/Product/7986477072474,shield-hobo-bag-60318007-1|shield-hobo-bag-60318008-202|shield-hobo-bag-60319801-448|shield-hobo-bag-60295703-3637|shield-hobo-bag-60295704-116|shield-hobo-bag-60302389-8816|shield-hobo-bag-60302390-254,CONSOLIDATED_SOURCE_PARENTS=gid://shopify/Product/7986411012186|gid://shopify/Product/7986411176026|gid://shopify/Product/7986422644826|gid://shopify/Product/7986508136538|gid://shopify/Product/7986508300378|gid://shopify/Product/7986521538650|gid://shopify/Product/7986521702490 REUSED_PARENT=gid://shopify/Product/7986411012186
2026-09-04T04:02:16.568Z,MIM-T-shield-shoulder-bag,CREATED,gid://shopify/Product/7986411307098,Shield Shoulder Bag,gid://shopify/Product/7986193203290|gid://shopify/Product/7986193367130|gid://shopify/Product/7986208243802|gid://shopify/Product/7986462490714|gid://shopify/Product/7986462654554,shield-shoulder-bag-60318009-1|shield-shoulder-bag-60318010-202|shield-shoulder-bag-60319800-448|shield-shoulder-bag-60295705-3637|shield-shoulder-bag-60295707-116,CONSOLIDATED_SOURCE_PARENTS=gid://shopify/Product/7986411307098|gid://shopify/Product/7986411438170|gid://shopify/Product/7986422349914|gid://shopify/Product/7986508496986|gid://shopify/Product/7986508595290 REUSED_PARENT=gid://shopify/Product/7986411307098
2026-09-04T04:02:21.651Z,MIM-T-shield-tote-bag,CREATED,gid://shopify/Product/7986410717274,Shield Tote Bag,gid://shopify/Product/7986195431514|gid://shopify/Product/7986195562586,shield-tote-bag-60318005-1|shield-tote-bag-60318006-9787,CONSOLIDATED_SOURCE_PARENTS=gid://shopify/Product/7986410717274|gid://shopify/Product/7986410848346 REUSED_PARENT=gid://shopify/Product/7986410717274
2026-09-04T04:02:31.111Z,MIM-T-silvie-crossbody-bag,CREATED,gid://shopify/Product/7986359042138,Silvie Crossbody Bag,gid://shopify/Product/7986123866202|gid://shopify/Product/7986124718170|gid://shopify/Product/7986130452570|gid://shopify/Product/7986133368922,silvie-crossbody-bag-60308048-1827|silvie-crossbody-bag-60307961-185|silvie-crossbody-bag-60308108-9013|silvie-crossbody-bag-60308415-950,CONSOLIDATED_SOURCE_PARENTS=gid://shopify/Product/7986359042138|gid://shopify/Product/7986356519002|gid://shopify/Product/7986360746074|gid://shopify/Product/7986364776538 REUSED_PARENT=gid://shopify/Product/7986359042138
2026-09-04T04:02:41.093Z,MIM-T-silvie-hobo-bag,CREATED,gid://shopify/Product/7986359599194,Silvie Hobo Bag,gid://shopify/Product/7986124488794|gid://shopify/Product/7986124554330|gid://shopify/Product/7986130518106|gid://shopify/Product/7986133205082,silvie-hobo-bag-60308051-1827|silvie-hobo-bag-60307960-185|silvie-hobo-bag-60308109-9013|silvie-hobo-bag-60308414-950,CONSOLIDATED_SOURCE_PARENTS=gid://shopify/Product/7986359599194|gid://shopify/Product/7986356355162|gid://shopify/Product/7986360877146|gid://shopify/Product/7986364579930 REUSED_PARENT=gid://shopify/Product/7986359599194
2026-09-04T04:02:45.925Z,MIM-T-solace-large-leather-crescent-bag,CREATED,gid://shopify/Product/7986349768794,Solace Large Leather Crescent Bag,gid://shopify/Product/7986112888922|gid://shopify/Product/7986126323802,solace-large-leather-crescent-bag-60306474-8816|solace-large-leather-crescent-bag-60307947-238,CONSOLIDATED_SOURCE_PARENTS=gid://shopify/Product/7986349768794|gid://shopify/Product/7986357993562 REUSED_PARENT=gid://shopify/Product/7986349768794
2026-09-04T04:02:52.908Z,MIM-T-solace-mini-leather-grab-bag,CREATED,gid://shopify/Product/7986346754138,Solace Mini Leather Grab Bag,gid://shopify/Product/7986112561242|gid://shopify/Product/7986112659546|gid://shopify/Product/7986112823386,solace-mini-leather-grab-bag-60305989-8816|solace-mini-leather-grab-bag-60305991-1085|solace-mini-leather-grab-bag-60305992-686,CONSOLIDATED_SOURCE_PARENTS=gid://shopify/Product/7986346754138|gid://shopify/Product/7986346917978|gid://shopify/Product/7986347147354 REUSED_PARENT=gid://shopify/Product/7986346754138
2026-09-04T04:02:59.547Z,MIM-T-solar-mini-tote-bag,CREATED,gid://shopify/Product/7986519933018,Solar Mini Tote Bag,gid://shopify/Product/7986467962970|gid://shopify/Product/7986474451034|gid://shopify/Product/7986479431770,solar-mini-tote-bag-60300494-1827|solar-mini-tote-bag-60300493-974|solar-mini-tote-bag-60301215-116,CONSOLIDATED_SOURCE_PARENTS=gid://shopify/Product/7986519933018|gid://shopify/Product/7986519769178|gid://shopify/Product/7986524258394 REUSED_PARENT=gid://shopify/Product/7986519933018
2026-09-04T04:03:16.567Z,MIM-T-solar-shoulder-bag,CREATED,gid://shopify/Product/7986341609562,Solar Shoulder Bag,gid://shopify/Product/7986105647194|gid://shopify/Product/7986470584410|gid://shopify/Product/7986471698522|gid://shopify/Product/7986471862362|gid://shopify/Product/7986471993434|gid://shopify/Product/7986472386650|gid://shopify/Product/7986472484954,solar-shoulder-bag-60299436-3637|solar-shoulder-bag-60296944-6011|solar-shoulder-bag-60296849-1827|solar-shoulder-bag-60296850-116|solar-shoulder-bag-60296851-7700|solar-shoulder-bag-60296862-974|solar-shoulder-bag-60296863-100,CONSOLIDATED_SOURCE_PARENTS=gid://shopify/Product/7986341609562|gid://shopify/Product/7986516295770|gid://shopify/Product/7986517377114|gid://shopify/Product/7986517606490|gid://shopify/Product/7986517770330|gid://shopify/Product/7986518261850|gid://shopify/Product/7986518425690 REUSED_PARENT=gid://shopify/Product/7986341609562
2026-09-04T04:03:25.789Z,MIM-T-solar-tote-bag,CREATED,gid://shopify/Product/7986502991962,Solar Tote Bag,gid://shopify/Product/7986456985690|gid://shopify/Product/7986463572058|gid://shopify/Product/7986463768666|gid://shopify/Product/7986472157274,solar-tote-bag-60294192-974|solar-tote-bag-60295423-1827|solar-tote-bag-60295426-7700|solar-tote-bag-60296856-116,CONSOLIDATED_SOURCE_PARENTS=gid://shopify/Product/7986502991962|gid://shopify/Product/7986509512794|gid://shopify/Product/7986509709402|gid://shopify/Product/7986517934170 REUSED_PARENT=gid://shopify/Product/7986502991962
2026-09-04T04:03:30.910Z,MIM-T-stevie-leather-mini-tote-bag,CREATED,gid://shopify/Product/7986318344282,Stevie Leather Mini Tote Bag,gid://shopify/Product/7986079268954|gid://shopify/Product/7986079531098,stevie-leather-mini-tote-bag-60290370-3637|stevie-leather-mini-tote-bag-60290371-871,CONSOLIDATED_SOURCE_PARENTS=gid://shopify/Product/7986318344282|gid://shopify/Product/7986318508122 REUSED_PARENT=gid://shopify/Product/7986318344282
2026-09-04T04:03:35.764Z,MIM-T-sublime-midi-hip-bag,CREATED,gid://shopify/Product/7986265063514,Sublime Midi Hip Bag,gid://shopify/Product/7986017599578|gid://shopify/Product/7986019893338,sublime-midi-hip-bag-60237266-1492|sublime-midi-hip-bag-60252054-124,CONSOLIDATED_SOURCE_PARENTS=gid://shopify/Product/7986265063514|gid://shopify/Product/7986267258970 REUSED_PARENT=gid://shopify/Product/7986265063514
2026-09-04T04:03:40.379Z,MIM-T-sublime-sling-hip-bag,CREATED,gid://shopify/Product/7986262311002,Sublime Sling Hip Bag,gid://shopify/Product/7986014650458|gid://shopify/Product/7986015862874,sublime-sling-hip-bag-60232468-1492|sublime-sling-hip-bag-60239558-3034,CONSOLIDATED_SOURCE_PARENTS=gid://shopify/Product/7986262311002|gid://shopify/Product/7986263490650 REUSED_PARENT=gid://shopify/Product/7986262311002
2026-09-04T04:03:44.762Z,MIM-T-the-2006-small-cocoon-bag,CREATED,gid://shopify/Product/7986332303450,The 2006 Small Cocoon Bag,gid://shopify/Product/7986092965978|gid://shopify/Product/7986469142618,the-2006-small-cocoon-bag-60298220-9480|the-2006-small-cocoon-bag-60296894-3637,CONSOLIDATED_SOURCE_PARENTS=gid://shopify/Product/7986332303450|gid://shopify/Product/7986514657370 REUSED_PARENT=gid://shopify/Product/7986332303450
2026-09-04T04:03:49.152Z,MIM-T-the-bow-grab-bag,CREATED,gid://shopify/Product/7986381160538,The Bow Grab Bag,gid://shopify/Product/7986155257946|gid://shopify/Product/7986155389018,the-bow-grab-bag-60311992-3718|the-bow-grab-bag-60311993-686,CONSOLIDATED_SOURCE_PARENTS=gid://shopify/Product/7986381160538|gid://shopify/Product/7986381357146 REUSED_PARENT=gid://shopify/Product/7986381160538
2026-09-04T04:03:53.294Z,MIM-T-the-bow-micro-grab-bag,CREATED,gid://shopify/Product/7986386894938,The Bow Micro Grab Bag,gid://shopify/Product/7986163384410|gid://shopify/Product/7986163548250,the-bow-micro-grab-bag-60313427-1085|the-bow-micro-grab-bag-60313428-178,CONSOLIDATED_SOURCE_PARENTS=gid://shopify/Product/7986386894938|gid://shopify/Product/7986387058778 REUSED_PARENT=gid://shopify/Product/7986386894938
2026-09-04T04:03:58.206Z,MIM-T-the-clutch,CREATED,gid://shopify/Product/7986423890010,The Clutch,gid://shopify/Product/7986213257306|gid://shopify/Product/7986214764634,the-clutch-60321110-2344|the-clutch-60321133-178,CONSOLIDATED_SOURCE_PARENTS=gid://shopify/Product/7986423890010|gid://shopify/Product/7986424774746 REUSED_PARENT=gid://shopify/Product/7986423890010
2026-09-04T04:04:05.503Z,MIM-T-the-jones-crossbody-bag,CREATED,gid://shopify/Product/7986339512410,The Jones Crossbody Bag,gid://shopify/Product/7986101747802|gid://shopify/Product/7986101878874|gid://shopify/Product/7986102042714,the-jones-crossbody-bag-60299138-9621|the-jones-crossbody-bag-60299139-100|the-jones-crossbody-bag-60299140-2348,CONSOLIDATED_SOURCE_PARENTS=gid://shopify/Product/7986339512410|gid://shopify/Product/7986339643482|gid://shopify/Product/7986339807322 REUSED_PARENT=gid://shopify/Product/7986339512410
2026-09-04T04:04:14.491Z,MIM-T-the-jones-mini-crossbody-bag,CREATED,gid://shopify/Product/7986339971162,The Jones Mini Crossbody Bag,gid://shopify/Product/7986102206554|gid://shopify/Product/7986102370394|gid://shopify/Product/7986104631386,the-jones-mini-crossbody-bag-60299142-100|the-jones-mini-crossbody-bag-60299143-9621|the-jones-mini-crossbody-bag-60299600-2348,CONSOLIDATED_SOURCE_PARENTS=gid://shopify/Product/7986339971162|gid://shopify/Product/7986340102234|gid://shopify/Product/7986343739482 REUSED_PARENT=gid://shopify/Product/7986339971162
2026-09-04T04:04:19.776Z,MIM-T-the-starwood-clutch-bag,CREATED,gid://shopify/Product/7986517639258,The Starwood Clutch Bag,gid://shopify/Product/7986471796826|gid://shopify/Product/7986471927898,the-starwood-clutch-bag-60299793-7567|the-starwood-clutch-bag-60299794-3637,CONSOLIDATED_SOURCE_PARENTS=gid://shopify/Product/7986517639258|gid://shopify/Product/7986517835866 REUSED_PARENT=gid://shopify/Product/7986517639258
2026-09-04T04:04:26.327Z,MIM-T-the-starwood-mini-tote-bag,CREATED,gid://shopify/Product/7986520162394,The Starwood Mini Tote Bag,gid://shopify/Product/7986468356186|gid://shopify/Product/7986468520026|gid://shopify/Product/7986468683866,the-starwood-mini-tote-bag-60296884-1827|the-starwood-mini-tote-bag-60296885-3637|the-starwood-mini-tote-bag-60296886-7567,CONSOLIDATED_SOURCE_PARENTS=gid://shopify/Product/7986520162394|gid://shopify/Product/7986520326234|gid://shopify/Product/7986514198618 REUSED_PARENT=gid://shopify/Product/7986520162394
2026-09-04T04:04:30.225Z,MIM-T-the-starwood-shoulder-bag,CREATED,gid://shopify/Product/7986514362458,The Starwood Shoulder Bag,gid://shopify/Product/7986468847706|gid://shopify/Product/7986468978778,the-starwood-shoulder-bag-60296888-3637|the-starwood-shoulder-bag-60296889-7567,CONSOLIDATED_SOURCE_PARENTS=gid://shopify/Product/7986514362458|gid://shopify/Product/7986514526298 REUSED_PARENT=gid://shopify/Product/7986514362458
2026-09-04T04:04:37.500Z,MIM-T-treasure-saddle-crossbody-bag,CREATED,gid://shopify/Product/7986509873242,Treasure Saddle Crossbody Bag,gid://shopify/Product/7986463998042|gid://shopify/Product/7986464161882|gid://shopify/Product/7986464424026,treasure-saddle-crossbody-bag-60295719-3637|treasure-saddle-crossbody-bag-60295720-7658|treasure-saddle-crossbody-bag-60296090-116,CONSOLIDATED_SOURCE_PARENTS=gid://shopify/Product/7986509873242|gid://shopify/Product/7986510037082|gid://shopify/Product/7986510069850 REUSED_PARENT=gid://shopify/Product/7986509873242
2026-09-04T04:04:41.977Z,MIM-T-unite-cross-body-bag,CREATED,gid://shopify/Product/7986278334554,Unite Cross Body Bag,gid://shopify/Product/7986030870618|gid://shopify/Product/7986032935002,unite-cross-body-bag-60265049-9529|unite-cross-body-bag-60266835-974,CONSOLIDATED_SOURCE_PARENTS=gid://shopify/Product/7986278334554|gid://shopify/Product/7986280398938 REUSED_PARENT=gid://shopify/Product/7986278334554
2026-09-04T04:04:47.146Z,MIM-T-zeppelin-shoulder-bag,CREATED,gid://shopify/Product/7986307989594,Zeppelin Shoulder Bag,gid://shopify/Product/7986067570778|gid://shopify/Product/7986068422746,zeppelin-shoulder-bag-60286131-3637|zeppelin-shoulder-bag-60286153-84,CONSOLIDATED_SOURCE_PARENTS=gid://shopify/Product/7986307989594|gid://shopify/Product/7986308841562 REUSED_PARENT=gid://shopify/Product/7986307989594
